ClassID,Pos1_X,Pos1_Y,Pos1_Z,Range1,Pos2_X,Pos2_Y,Pos2_Z,Range2,Pos3_X,Pos3_Y,Pos3_Z,Range3,Pos4_X,Pos4_Y,Pos4_Z,Range4,Pos5_X,Pos5_Y,Pos5_Z,Range5,ClassName,Name,CMM_Desc,ZoneClassName
17408,8192,0,16384,0,57344,0,16384,0,0,0,32768,0,0,0,0,0,0,0,0,0,f_pilgrimroad_46_1,앱소바 벌판,(aebsova),f_pilgrimroad_46
18432,57344,32768,0,0,0,0,0,0,0,0,0,0,0,0,0,0,0,0,0,0,f_pilgrimroad_46_2,히스 절벽,(hyth),f_pilgrimroad_46
19456,0,0,32768,0,0,0,0,0,0,0,0,0,0,0,0,0,0,0,0,0,f_pilgrimroad_46_3,살라비자 둔덕,"(salavija, 현자)",f_pilgrimroad_46
20480,0,0,57344,0,0,0,0,0,0,0,0,0,0,0,0,0,0,0,0,0,f_pilgrimroad_46_4,버려진 캠프,,f_pilgrimroad_46
21504,32768,0,0,0,0,0,0,0,0,0,0,0,0,0,0,0,0,0,0,0,f_pilgrimroad_46_5,텅빈나무 숲,,f_pilgrimroad_46
22528,0,0,0,0,0,0,0,0,0,0,0,0,0,0,0,0,0,0,0,0,f_pilgrimroad_46_6,갈대밭,,f_pilgrimroad_46
23552,49152,0,0,0,0,0,0,0,0,0,0,0,0,0,0,0,0,0,0,0,f_pilgrimroad_46_7,이쉬블리쉬 광장,"(ishiblysh, 창백한)",f_pilgrimroad_46
24576,24576,0,32768,0,49152,0,57344,0,0,0,0,0,0,0,0,0,0,0,0,0,f_pilgrimroad_46_8,수도자의 안식처,,f_pilgrimroad_46
27648,40960,0,49152,0,0,0,0,0,0,0,0,0,0,0,0,0,0,0,0,0,f_pilgrimroad_47_1,네바싱가스 가도,"(nevasingas, 메마른)",f_pilgrimroad_47
28672,32768,0,0,0,0,0,0,0,0,0,0,0,0,0,0,0,0,0,0,0,f_pilgrimroad_47_2,카베티 언덕,"(kabeti, 매달린)",f_pilgrimroad_47
29696,0,0,0,0,0,0,0,0,0,0,0,0,0,0,0,0,0,0,0,0,f_pilgrimroad_47_3,유랑민 캠프,,f_pilgrimroad_47
30720,8192,0,0,0,0,0,0,0,0,0,0,0,0,0,0,0,0,0,0,0,f_pilgrimroad_47_4,자코레 기슭,"(zakole, 반달)",f_pilgrimroad_47
31744,0,0,0,0,0,0,0,0,0,0,0,0,0,0,0,0,0,0,0,0,f_pilgrimroad_47_5,순례자의 무덤,,f_pilgrimroad_47
32768,40960,0,32768,0,0,0,0,0,0,0,0,0,0,0,0,0,0,0,0,0,f_pilgrimroad_47_6,파수크티 굽잇길,"(pasukti, 깃)",f_pilgrimroad_47
33792,16384,0,16384,0,0,0,0,0,0,0,0,0,0,0,0,0,0,0,0,0,f_pilgrimroad_47_7,노레티 샘터,"(noreti, 소원)",f_pilgrimroad_47
37888,49152,32768,0,0,32768,32768,0,0,0,0,0,0,0,0,0,0,0,0,0,0,f_pilgrimroad_50_1,루디주 숲길,"(rudiziu, 녹)",f_pilgrimroad_50
38912,0,32768,32768,0,0,0,0,0,0,0,0,0,0,0,0,0,0,0,0,0,f_pilgrimroad_50_2,비나스 양조장,"(vinas, 와인)",f_pilgrimroad_50
39936,32768,32768,0,0,0,0,0,0,0,0,0,0,0,0,0,0,0,0,0,0,f_pilgrimroad_50_3,오쉬마스 가도,"(oshimas, 바람 부는 소리)",f_pilgrimroad_50
40960,32768,16384,0,0,0,49152,32768,0,0,0,0,0,0,0,0,0,0,0,0,0,f_pilgrimroad_50_4,츠리즈 오름길,(chliz),f_pilgrimroad_50
41984,49152,16384,32768,0,0,0,0,0,0,0,0,0,0,0,0,0,0,0,0,0,f_pilgrimroad_50_5,브랑긴티 언덕,"(branginti, 추모)",f_pilgrimroad_50
48128,0,32768,32768,0,0,0,0,0,0,0,0,0,0,0,0,0,0,0,0,0,f_pilgrimroad_51_1,파마이쉬 언덕,"(pamaish, 소용돌이)",f_pilgrimroad_51
49152,49152,0,40960,0,0,0,0,0,0,0,0,0,0,0,0,0,0,0,0,0,f_pilgrimroad_51_2,성자의 무덤,,f_pilgrimroad_51
50176,49152,32768,32768,0,0,0,0,0,0,0,0,0,0,0,0,0,0,0,0,0,f_pilgrimroad_51_3,사우사스 갈림길,"(sausas, 갈림길)",f_pilgrimroad_51
51200,0,32768,49152,0,0,0,0,0,0,0,0,0,0,0,0,0,0,0,0,0,f_pilgrimroad_51_4,이별의 다리,성지순례를 떠나는 연인을 배웅하는 다리,f_pilgrimroad_51
52224,40960,0,24576,0,0,0,0,0,0,0,0,0,0,0,0,0,0,0,0,0,f_pilgrimroad_51_5,은둔자의 집,,f_pilgrimroad_51
53248,8192,32768,49152,0,0,0,0,0,0,0,0,0,0,0,0,0,0,0,0,0,f_pilgrimroad_51_6,이리에노스 예배소,"(erienos, 어린 양)",f_pilgrimroad_51
54272,32768,32768,32768,0,0,0,0,0,0,0,0,0,0,0,0,0,0,0,0,0,f_pilgrimroad_51_7,마로네 숲길,"(malone, 은혜)",f_pilgrimroad_51
58368,32768,0,32768,0,0,0,0,0,0,0,0,0,0,0,0,0,0,0,0,0,f_pilgrimroad_52_6,세스티네 황야,"(sestine, 승천)",f_pilgrimroad_52
59392,0,0,16384,0,0,0,0,0,0,0,0,0,0,0,0,0,0,0,0,0,f_pilgrimroad_52_1,행상인 간이 캠프,,f_pilgrimroad_52
60416,0,0,32768,0,0,0,0,0,0,0,0,0,0,0,0,0,0,0,0,0,f_pilgrimroad_52_2,니에카스 벌판,"(niekas, 아무것도)",f_pilgrimroad_52
61440,49152,0,0,0,0,0,0,0,0,0,0,0,0,0,0,0,0,0,0,0,f_pilgrimroad_52_3,만남의 광장,,f_pilgrimroad_52
62464,0,0,0,0,0,0,0,0,0,0,0,0,0,0,0,0,0,0,0,0,f_pilgrimroad_52_4,위드로카 진입로,"(wedroka, 방황)",f_pilgrimroad_52
63488,32768,0,24576,0,0,0,0,0,0,0,0,0,0,0,0,0,0,0,0,0,f_pilgrimroad_52_5,미르쉬타 연못,"(mirshta, 죽어가는)",f_pilgrimroad_52
3072,57344,0,0,0,0,0,0,0,0,0,0,0,0,0,0,0,0,0,0,0,d_cathedral_53_1,메일레 경당,"(meile, 자애)",d_cathedral_53
4096,0,0,0,0,24576,0,0,0,49152,0,0,0,0,0,0,0,0,0,0,0,d_cathedral_53_2,파말두 신랑,"(pamaldu, 헌신)",d_cathedral_53
5120,0,0,0,0,0,0,0,0,0,0,0,0,0,0,0,0,0,0,0,0,d_cathedral_53_3,무너져내린 돔,,d_cathedral_53
13312,0,0,49152,0,0,0,0,0,0,0,0,0,0,0,0,0,0,0,0,0,d_cathedral_54_4,아르카 예배실,"(arka, 방주) ",d_cathedral_54
14336,16384,0,16384,0,0,0,0,0,0,0,0,0,0,0,0,0,0,0,0,0,d_cathedral_54_5,접견실,,d_cathedral_54
15360,32768,0,24576,0,0,0,0,0,0,0,0,0,0,0,0,0,0,0,0,0,d_cathedral_54_6,베이니카 제단,"(veinika, 왕관)",d_cathedral_54
16384,16384,0,49152,0,0,0,0,0,0,0,0,0,0,0,0,0,0,0,0,0,d_cathedral_54_7,우올리에 예배실,"(uolie, 반석)",d_cathedral_54
23552,0,0,0,0,0,0,0,0,0,0,0,0,0,0,0,0,0,0,0,0,f_pilgrimroad_55_1,리우데지 가도,"(liudesy, 슬픔)",f_pilgrimroad_55
24576,0,0,32768,0,0,0,0,0,0,0,0,0,0,0,0,0,0,0,0,0,f_pilgrimroad_55_2,올리비나스 공터,"(olivinas, 감람석)",f_pilgrimroad_55
25600,16384,32768,0,0,0,0,0,0,0,0,0,0,0,0,0,0,0,0,0,0,f_pilgrimroad_55_3,파사두 쉼터,"(fasadu, 정면)",f_pilgrimroad_55
33792,57344,0,16384,0,0,0,0,0,0,0,0,0,0,0,0,0,0,0,0,0,d_cathedral_56_1,라욱티 배랑,"(laukti, 기다림)",d_cathedral_56
34816,0,0,0,0,0,0,0,0,0,0,0,0,0,0,0,0,0,0,0,0,d_cathedral_56_2,아테지마 중앙홀,"(atejima, 강림)",d_cathedral_56
35840,0,0,49152,0,0,0,0,0,0,0,0,0,0,0,0,0,0,0,0,0,d_cathedral_56_3,소 접견실,,d_cathedral_56
36864,57344,0,49152,0,0,0,0,0,0,0,0,0,0,0,0,0,0,0,0,0,d_cathedral_56_4,파사라 제단,"(pasara, 주다)",d_cathedral_56
37888,0,0,32768,0,16384,0,16384,0,57344,0,0,0,0,0,0,0,0,0,0,0,d_cathedral_56_5,티킨티에 제랑,"(tikintie, 신자)",d_cathedral_56
44032,57344,16384,24576,0,0,0,0,0,0,0,0,0,0,0,0,0,0,0,0,0,f_katyn_17_1,이쉬가키 쉼터,"(ishgaki, 돌담)",f_katyn_17
45056,32768,32768,32768,0,0,0,0,0,0,0,0,0,0,0,0,0,0,0,0,0,f_katyn_17_2,그리나 수원지,"(gryna, 순수)",f_katyn_17
46080,32768,49152,32768,0,0,0,0,0,0,0,0,0,0,0,0,0,0,0,0,0,f_katyn_17_3,퓨리네 갈림길,"(purine, 보라색)",f_katyn_17
47104,32768,16384,32768,0,0,0,0,0,0,0,0,0,0,0,0,0,0,0,0,0,f_katyn_17_4,템디티 교차로,"(temdyti, 으슥한)",f_katyn_17
48128,0,8192,49152,0,0,0,0,0,0,0,0,0,0,0,0,0,0,0,0,0,f_katyn_17_5,미르지나 기슭,"(mirzina, 거대한)",f_katyn_17
49152,32768,16384,40960,0,0,0,0,0,0,0,0,0,0,0,0,0,0,0,0,0,f_katyn_17_6,랑키나 공터,"(rankina, 손)",f_katyn_17
54272,0,0,8192,0,0,0,0,0,0,0,0,0,0,0,0,0,0,0,0,0,f_katyn_13_2_1,슬랍투 저지대,"(slaptu, 비밀)",f_katyn_13_2
55296,0,0,49152,0,0,0,0,0,0,0,0,0,0,0,0,0,0,0,0,0,f_katyn_13_2_2,파슬례 샘터,"(paslje, 감춰진)",f_katyn_13_2
56320,0,0,49152,0,0,0,0,0,0,0,0,0,0,0,0,0,0,0,0,0,f_katyn_13_2_3,수자디니 삼거리,"(suzadini, 갈팡질팡)",f_katyn_13_2
57344,24576,0,24576,0,0,0,0,0,0,0,0,0,0,0,0,0,0,0,0,0,f_katyn_13_2_4,피에바 언덕,"(pieva, 버섯)",f_katyn_13_2
64512,40960,0,0,0,0,0,0,0,0,0,0,0,0,0,0,0,0,0,0,0,f_katyn_12_1,세비니 정원,"(sevyni, 늙은)",f_katyn_12
0,32768,0,16384,0,0,0,0,0,0,0,0,0,0,0,0,0,0,0,0,0,f_katyn_12_2,스바이굴 언덕,"(svaigul, 현기증)",f_katyn_12
1024,40960,0,49152,0,16384,0,0,0,0,0,0,0,0,0,0,0,0,0,0,0,f_katyn_12_3,압스바이기 굽잇길,"(apsvaigy, 어지러운)",f_katyn_12
2048,16384,0,40960,0,0,0,0,0,0,0,0,0,0,0,0,0,0,0,0,0,f_katyn_12_4,스마크라 기슭,"(smakra, 턱)",f_katyn_12
3072,28672,32768,49152,0,0,0,0,0,0,0,0,0,0,0,0,0,0,0,0,0,f_katyn_12_5,아메스티 오름길,"(amesti, 거부)",f_katyn_12
9216,57344,0,32768,0,0,0,0,0,0,0,0,0,0,0,0,0,0,0,0,0,f_katyn_13_3_1,방치된 무덤자리,,f_katyn_13_3
10240,0,0,32768,0,0,0,0,0,0,0,0,0,0,0,0,0,0,0,0,0,f_katyn_13_3_2,파스투마 개울,"(pastuma, 밀려나다)",f_katyn_13_3
11264,24576,0,32768,0,0,0,0,0,0,0,0,0,0,0,0,0,0,0,0,0,f_katyn_13_3_3,유졔츠 정원,"(uzjetsu, 소외)",f_katyn_13_3
19456,57344,0,0,0,0,0,0,0,0,0,0,0,0,0,0,0,0,0,0,0,d_cmine_8_1,제1 채굴구역,,d_cmine_8
20480,0,0,0,0,0,0,0,0,0,0,0,0,0,0,0,0,0,0,0,0,d_cmine_8_2,제2 채굴구역,,d_cmine_8
21504,32768,0,49152,0,0,0,0,0,0,0,0,0,0,0,0,0,0,0,0,0,d_cmine_8_3,제3 채굴구역,,d_cmine_8
22528,49152,0,0,0,0,0,0,0,0,0,0,0,0,0,0,0,0,0,0,0,d_cmine_8_4,보강 작업 구역,,d_cmine_8
23552,0,0,0,0,0,0,0,0,0,0,0,0,0,0,0,0,0,0,0,0,d_cmine_8_5,수정 갱도,,d_cmine_8
24576,8192,0,0,0,0,0,0,0,0,0,0,0,0,0,0,0,0,0,0,0,d_cmine_8_6,미굴착 구역,,d_cmine_8
29696,32768,0,0,0,0,0,0,0,0,0,0,0,0,0,0,0,0,0,0,0,d_cmine_9_1,고갈 1 구역,,d_cmine_9
30720,16384,0,0,0,0,0,0,0,0,0,0,0,0,0,0,0,0,0,0,0,d_cmine_9_2,폐쇄된 임시 휴게소,,d_cmine_9
31744,0,0,0,0,0,0,0,0,0,0,0,0,0,0,0,0,0,0,0,0,d_cmine_9_3,지반 붕괴 구역,,d_cmine_9
32768,32768,0,32768,0,0,0,0,0,0,0,0,0,0,0,0,0,0,0,0,0,d_cmine_9_4,고갈 2 구역,,d_cmine_9
39936,49152,0,0,0,0,0,0,0,0,0,0,0,0,0,0,0,0,0,0,0,f_flash_59_1,집회장 터,,f_flash_59
40960,16384,0,0,0,0,0,0,0,0,0,0,0,0,0,0,0,0,0,0,0,f_flash_59_2,무너진 광장 외벽,,f_flash_59
41984,0,0,0,0,0,0,0,0,0,0,0,0,0,0,0,0,0,0,0,0,f_flash_59_3,대광장,,f_flash_59
43008,16384,0,0,0,0,0,0,0,0,0,0,0,0,0,0,0,0,0,0,0,f_flash_59_4,대장장이 거리,,f_flash_59
44032,16384,0,0,0,0,0,0,0,0,0,0,0,0,0,0,0,0,0,0,0,f_flash_59_5,흔적만 남은 집회소,,f_flash_59
45056,40960,0,0,0,0,0,0,0,0,0,0,0,0,0,0,0,0,0,0,0,f_flash_59_6,공회소 앞뜰,,f_flash_59
46080,0,0,32768,0,0,0,0,0,0,0,0,0,0,0,0,0,0,0,0,0,f_flash_59_7,석화된 정원,,f_flash_59
50176,24576,0,49152,0,0,0,0,0,0,0,0,0,0,0,0,0,0,0,0,0,f_flash_60_1,장인의 거리,,f_flash_60
51200,49152,0,0,0,0,0,0,0,0,0,0,0,0,0,0,0,0,0,0,0,f_flash_60_2,상업 지구,,f_flash_60
52224,32768,32768,32768,0,0,0,0,0,0,0,0,0,0,0,0,0,0,0,0,0,f_flash_60_3,망루,,f_flash_60
53248,8192,0,24576,0,0,0,0,0,0,0,0,0,0,0,0,0,0,0,0,0,f_flash_60_4,게로베 공방 터,"(gerove, 번영)",f_flash_60
54272,0,0,32768,0,0,0,0,0,0,0,0,0,0,0,0,0,0,0,0,0,f_flash_60_5,팔듀오 광장 터,"(parduo, 노점)",f_flash_60
55296,16384,0,40960,0,0,0,0,0,0,0,0,0,0,0,0,0,0,0,0,0,f_flash_60_6,세관 터,,f_flash_60
56320,0,0,0,0,0,0,0,0,0,0,0,0,0,0,0,0,0,0,0,0,f_flash_60_7,교역 지구,,f_flash_60
60416,0,32768,32768,0,0,0,0,0,0,0,0,0,0,0,0,0,0,0,0,0,f_flash_61_1,루클리스 대광장,,f_flash_61
61440,0,0,32768,0,0,0,0,0,0,0,0,0,0,0,0,0,0,0,0,0,f_flash_61_2,페르겔레 대로,"(pergele, 승리)",f_flash_61
62464,49152,32768,40960,0,0,0,0,0,0,0,0,0,0,0,0,0,0,0,0,0,f_flash_61_3,드라사 예배소 폐허,"(drasa, 용맹)",f_flash_61
63488,49152,0,32768,0,0,0,0,0,0,0,0,0,0,0,0,0,0,0,0,0,f_flash_61_4,귀족 주거 지구,,f_flash_61
64512,32768,32768,16384,0,0,0,0,0,0,0,0,0,0,0,0,0,0,0,0,0,f_flash_61_5,군사 지구,,f_flash_61
0,32768,32768,0,0,0,0,0,0,0,0,0,0,0,0,0,0,0,0,0,0,f_flash_61_6,무너져내린 개선문,,f_flash_61
1024,0,0,32768,0,0,0,0,0,0,0,0,0,0,0,0,0,0,0,0,0,f_flash_63_1,하구 둑 삼거리,,f_flash_63
5120,0,0,0,0,0,0,0,0,0,0,0,0,0,0,0,0,0,0,0,0,f_flash_63_2,즈모네 광장,"(zmone, 인민)",f_flash_63
6144,24576,0,49152,0,0,0,0,0,0,0,0,0,0,0,0,0,0,0,0,0,f_flash_63_3,파괴된 아모시 선착장,"(amosi, 꼬리)",f_flash_63
7168,0,0,16384,0,0,0,0,0,0,0,0,0,0,0,0,0,0,0,0,0,f_flash_63_4,물레방앗간 폐허,,f_flash_63
8192,32768,32768,32768,0,0,0,0,0,0,0,0,0,0,0,0,0,0,0,0,0,f_flash_63_5,주거 지구,,f_flash_63
9216,32768,0,0,0,0,0,0,0,0,0,0,0,0,0,0,0,0,0,0,0,f_flash_63_6,비스카 성소 폐허,"(viska, 모든것)",f_flash_63
11264,16384,0,0,0,0,0,0,0,0,0,0,0,0,0,0,0,0,0,0,0,f_flash_63_8,바도바 선착장,"(vadova, 머리)",f_flash_63
15360,0,16384,16384,0,0,0,0,0,0,0,0,0,0,0,0,0,0,0,0,0,f_flash_64_1,코보스 전당 터,"(kovos, 전투)",f_flash_64
16384,0,0,32768,0,0,0,0,0,0,0,0,0,0,0,0,0,0,0,0,0,f_flash_64_2,돌고드름 광장,,f_flash_64
17408,8192,32768,32768,0,0,0,0,0,0,0,0,0,0,0,0,0,0,0,0,0,f_flash_64_3,네베키아 성채,"(nevekia, 철벽)",f_flash_64
18432,0,0,0,0,0,0,0,0,0,0,0,0,0,0,0,0,0,0,0,0,f_flash_64_4,성채 보루,,f_flash_64
19456,0,49152,49152,0,0,0,0,0,0,0,0,0,0,0,0,0,0,0,0,0,f_flash_64_5,소광장,,f_flash_64
20480,0,49152,57344,0,0,0,0,0,0,0,0,0,0,0,0,0,0,0,0,0,f_flash_64_6,집결지,,f_flash_64
25600,16384,0,16384,0,0,0,0,0,0,0,0,0,0,0,0,0,0,0,0,0,f_katyn_45_1_1,렌테레자 가도,"(lenteleja, 탁자)",f_katyn_45_1
26624,49152,0,32768,0,0,0,0,0,0,0,0,0,0,0,0,0,0,0,0,0,f_katyn_45_1_2,잘리아빈 계곡,"(zaliavin, 험준한)",f_katyn_45_1
27648,0,0,0,0,0,0,0,0,0,0,0,0,0,0,0,0,0,0,0,0,f_katyn_45_1_3,미글랑 언덕,"(miglan, 안개)",f_katyn_45_1
28672,32768,0,32768,0,0,0,0,0,0,0,0,0,0,0,0,0,0,0,0,0,f_katyn_45_1_4,쿠보티 고개,"(kuboti, 깎아지른듯한)",f_katyn_45_1
35840,0,32768,8192,0,0,0,0,0,0,0,0,0,0,0,0,0,0,0,0,0,f_katyn_45_2_1,레다스 계곡,"(ledas, 얼음)",f_katyn_45_2
36864,0,0,49152,0,0,0,0,0,0,0,0,0,0,0,0,0,0,0,0,0,f_katyn_45_2_2,베버티 교차로,"(beverti, 쓸모없는)",f_katyn_45_2
37888,49152,0,49152,0,0,0,0,0,0,0,0,0,0,0,0,0,0,0,0,0,f_katyn_45_2_3,디델라 낭떠러지,"(didela, 넓은)",f_katyn_45_2
38912,16384,0,0,0,40960,0,0,0,16384,0,32768,0,16384,0,16384,0,0,0,0,0,f_katyn_45_2_4,그루부스 가도,"(grubus, 거친)",f_katyn_45_2
39936,0,0,49152,0,0,0,0,0,0,0,0,0,0,0,0,0,0,0,0,0,f_katyn_45_2_5,끊어진 길,,f_katyn_45_2
40960,49152,0,16384,0,0,0,0,0,0,0,0,0,0,0,0,0,0,0,0,0,f_katyn_45_2_6,드로지바 절벽,"(drozyba, 조각)",f_katyn_45_2
41984,32768,0,0,0,0,0,0,0,0,0,0,0,0,0,0,0,0,0,0,0,f_katyn_45_2_7,리에주베 저지대,"(liezube, 혀)",f_katyn_45_2
46080,32768,0,8192,0,0,0,0,0,0,0,0,0,0,0,0,0,0,0,0,0,f_katyn_45_3_1,파지네 개울가,"(pazine, 익숙한)",f_katyn_45_3
47104,16384,0,16384,0,0,0,0,0,0,0,0,0,0,0,0,0,0,0,0,0,f_katyn_45_3_2,프라스티 고개,"(prasti, 잃다)",f_katyn_45_3
48128,0,0,32768,0,0,0,0,0,0,0,0,0,0,0,0,0,0,0,0,0,f_katyn_45_3_3,스타디티 기슭,"(stadyti, 멈추다)",f_katyn_45_3
49152,8192,0,32768,0,0,0,0,0,0,0,0,0,0,0,0,0,0,0,0,0,f_katyn_45_3_4,샤우라스 골짜기,"(shiauras, 좁은)",f_katyn_45_3
50176,32768,0,32768,0,32768,0,32768,0,16384,0,49152,0,0,0,0,0,0,0,0,0,f_katyn_45_3_5,아티달티 평원,"(atidalti, 트인)",f_katyn_45_3
51200,0,0,32768,0,0,0,32768,0,0,0,0,0,0,0,0,0,0,0,0,0,f_katyn_45_3_6,수지베 구릉지,"(susive, 복잡한)",f_katyn_45_3
52224,0,0,49152,0,0,0,0,0,0,0,0,0,0,0,0,0,0,0,0,0,f_katyn_45_3_7,로디클레 가도,"(rodykle, 화살)",f_katyn_45_3
53248,0,0,0,0,0,0,0,0,0,0,0,0,0,0,0,0,0,0,0,0,f_katyn_45_3_8,로왁티 공터,(lowacti),f_katyn_45_3
16384,49152,0,0,0,0,0,0,0,0,0,0,0,0,0,0,0,0,0,0,0,f_siauliai_west_1,교차로 캠프,캠프가 있는 교차로,f_siauliai_west
32768,40960,0,0,0,0,0,0,0,0,0,0,0,0,0,0,0,0,0,0,0,f_siauliai_west_2,유오로스 농장 터,잎방개 처치 퀘스트(Uoros),f_siauliai_west
16384,0,32768,0,0,0,0,0,0,0,0,0,0,0,0,0,0,0,0,0,0,f_siauliai_west_5,들롱 쉼터,골렘 출현지 (delon),f_siauliai_west
49152,0,0,32768,0,0,0,0,0,0,0,0,0,0,0,0,0,0,0,0,0,f_siauliai_west_7,작은 울새 다리,교차로에서 클라페다 가는 다리,f_siauliai_west
0,0,0,0,0,0,0,0,0,0,0,0,0,0,0,0,0,0,0,0,0,f_siauliai_west_8,플루데 섬,"(flude, 부유)작은 섬",f_siauliai_west
16384,32768,0,32768,0,49152,0,0,0,57344,0,49152,0,24576,0,0,0,16384,0,16384,0,f_siauliai_west_9,그늘 숲 가도,클라페다 가는 길,f_siauliai_west
40960,57344,0,49152,0,49152,0,49152,0,40960,0,16384,0,0,0,0,0,0,0,0,0,f_siauliai_2_1,동쪽 숲 캠프,넓은 캠프 거점,f_siauliai_2
0,0,0,32768,0,0,0,0,0,0,0,0,0,0,0,0,0,0,0,0,0,f_siauliai_2_4,캠프 거점,한가운데 캠프,f_siauliai_2
8192,0,0,0,0,0,0,0,0,0,0,0,0,0,0,0,0,0,0,0,0,f_siauliai_2_5,보급지,농장 옆 보급지,f_siauliai_2
16384,0,0,32768,0,0,0,0,0,0,0,0,0,0,0,0,0,0,0,0,0,f_siauliai_2_6,불볘스 농장,"캠프 아래 농장 (bulvjes, 감자)",f_siauliai_2
24576,0,0,32768,0,0,0,0,0,0,0,0,0,0,0,0,0,0,0,0,0,f_siauliai_2_7,누데기 벌목지,"남쪽 부베 출현지 (nudegi, 볕)",f_siauliai_2
8192,0,0,0,0,0,0,0,0,0,0,0,0,0,0,0,0,0,0,0,0,f_siauliai_out_1,수정광산 입구,수정광산 입구,f_siauliai_out
16384,0,0,40960,0,0,0,0,0,0,0,0,0,0,0,0,0,0,0,0,0,f_siauliai_out_2,광산 마을 광장,"광산 마을 (muishkane, 외곽)",f_siauliai_out
24576,49152,0,57344,0,0,0,0,0,0,0,0,0,0,0,0,0,0,0,0,0,f_siauliai_out_3,피난처,사람들이 피난해 있는 곳,f_siauliai_out
32768,32768,0,0,0,0,0,0,0,0,0,0,0,0,0,0,0,0,0,0,0,f_siauliai_out_4,쌍둥이 다리,다리 두개가 나란히,f_siauliai_out
40960,49152,0,32768,0,32768,0,0,0,0,0,0,0,0,0,0,0,0,0,0,0,f_siauliai_out_5,부베 전초기지,부베들이 모여 사는 곳,f_siauliai_out
40960,36864,0,16384,0,0,0,0,0,0,0,0,0,0,0,0,0,0,0,0,0,f_siauliai_11_re_1,나우딩가스 벌목지,"병사들 있는 벌목지(naudingas, 쓸모)",f_siauliai_11_re
49152,16384,0,32768,0,0,0,0,0,0,0,0,0,0,0,0,0,0,0,0,0,f_siauliai_11_re_2,인적 없는 나루터,"스캇 바로 위, 이끼 수집",f_siauliai_11_re
57344,0,0,24576,0,0,0,0,0,0,0,0,0,0,0,0,0,0,0,0,0,f_siauliai_11_re_3,사슴발굽 공터,우드맨,f_siauliai_11_re
0,49152,0,32768,0,0,0,0,0,0,0,0,0,0,0,0,0,0,0,0,0,f_siauliai_11_re_4,감시탑,"기름통 망루(jamine, 무인)",f_siauliai_11_re
8192,0,0,32768,0,0,0,0,0,0,0,0,0,0,0,0,0,0,0,0,0,f_siauliai_11_re_5,게베네 절벽,"최초로 깃발을 발견(gebene, 담쟁이)",f_siauliai_11_re
16384,0,0,16384,0,0,0,0,0,0,0,0,0,0,0,0,0,0,0,0,0,f_siauliai_11_re_6,갓베스 가도,"부베 깃발 파괴(gatves, 가로등)",f_siauliai_11_re
24576,0,0,32768,0,0,0,0,0,0,0,0,0,0,0,0,0,0,0,0,0,f_siauliai_11_re_7,곰취 언덕,부베 깃발 파괴 두번째,f_siauliai_11_re
32768,49152,0,0,0,8192,0,57344,0,0,0,0,0,0,0,0,0,0,0,0,0,f_siauliai_11_re_8,아찔카 쉼터,"우드스피릿 결전(atsylka, §)",f_siauliai_11_re
8192,32768,0,49152,0,0,0,0,0,0,0,0,0,0,0,0,0,0,0,0,0,f_katyn_13_1,뉴오더 벌판,"성실한 부엉이가 있는 벌판(neuoder, new order)",f_katyn_13
16384,8192,0,24576,0,0,0,0,0,0,0,0,0,0,0,0,0,0,0,0,0,f_katyn_13_2,이쉬라이 사거리,"부엉이들 잡아먹히는 사거리(ishrai, 식인)",f_katyn_13
24576,49152,0,0,0,0,0,0,0,0,0,0,0,0,0,0,0,0,0,0,0,f_katyn_13_3,콩피스카 언덕,"의지의 부엉이 있는 언덕(konfiska, 강탈)",f_katyn_13
32768,49152,0,8192,0,0,0,0,0,0,0,0,0,0,0,0,0,0,0,0,0,f_katyn_13_4,토끼풀 고원,괴로운 부엉이 있는 벌판,f_katyn_13
40960,57344,0,32768,0,0,0,0,0,0,0,0,0,0,0,0,0,0,0,0,0,f_katyn_14_1,후방부대 주둔지,후방부대가 있는 주둔지,f_katyn_14
49152,0,0,32768,0,0,0,0,0,0,0,0,0,0,0,0,0,0,0,0,0,f_katyn_14_2,중앙 부대 주둔지,중앙 부대가 있는 주둔지,f_katyn_14
57344,32768,0,32768,0,0,0,0,0,0,0,0,0,0,0,0,0,0,0,0,0,f_katyn_14_3,라지기스 언덕,"전사한 수색병들이 있는 언덕(razygis, 전우)",f_katyn_14
0,28672,0,57344,0,0,0,0,0,0,0,0,0,0,0,0,0,0,0,0,0,f_katyn_14_4,지티즈 기슭,"조용한 부엉이가 있는 동네(zitiz, 기생)",f_katyn_14
8192,40960,0,0,0,0,0,0,0,0,0,0,0,0,0,0,0,0,0,0,0,f_katyn_14_5,이즈다깅카스 가도,"존보스가 나오는 길(izdaginkas, 광대)",f_katyn_14
8192,32768,32768,16384,0,0,0,0,0,0,0,0,0,0,0,0,0,0,0,0,0,f_katyn_15_1,주둔군 차고지,수레들이 모여 있는 곳,f_siauliai_15_re
16384,16384,32768,0,0,16384,32768,0,0,0,0,0,0,0,0,0,0,0,0,0,0,f_katyn_15_2,지베니 정원,"여신상이 있는 곳(gyveni, 생명)",f_siauliai_15_re
24576,8192,32768,40960,0,0,32768,49152,0,0,49152,57344,0,32768,49152,49152,0,0,0,0,0,f_katyn_15_3,간이 신병 훈련소,훈련소,f_siauliai_15_re
32768,32768,32768,0,0,0,32768,0,0,0,49152,0,0,0,0,0,0,0,0,0,0,f_katyn_15_4,부뷜비떼 대교,덧댄다리(buvylvite),f_siauliai_15_re
40960,45056,16384,0,0,0,0,0,0,0,0,0,0,0,0,0,0,0,0,0,0,f_katyn_15_5,모르꼬스 농장,"죽은 너구리 발견(morkos, 당근)",f_siauliai_15_re
49152,8192,0,0,0,0,0,0,0,0,0,0,0,0,0,0,0,0,0,0,0,f_katyn_15_6,큰바위얼굴 언덕,너구리 결전,f_siauliai_15_re
57344,0,0,32768,0,0,0,0,0,0,0,0,0,0,0,0,0,0,0,0,0,f_katyn_15_7,주둔군 보급지,주둔군 보급지,f_siauliai_15_re
0,0,8192,0,0,0,0,0,0,0,0,0,0,0,0,0,0,0,0,0,0,f_katyn_15_8,부베 약탈 기지,부베 깃발 있는 곳,f_siauliai_15_re
40960,0,0,0,0,0,0,0,0,0,0,0,0,0,0,0,0,0,0,0,0,f_siauliai_16_1,제1 보급창고,,f_siauliai_16
49152,0,0,49152,0,0,0,0,0,0,0,0,0,0,0,0,0,0,0,0,0,f_siauliai_16_8,제2 보급창고,,f_siauliai_16
57344,0,0,0,32768,0,0,0,0,0,0,0,0,0,0,0,0,0,0,0,0,f_siauliai_16_2,중앙 보급 기지,,f_siauliai_16
0,0,0,0,0,32768,0,32768,0,0,0,0,0,0,0,0,0,0,0,0,0,f_siauliai_16_3,아다타 가도,"(adata, 바늘)",f_siauliai_16
8192,16384,0,0,0,0,0,0,0,0,0,0,0,0,0,0,0,0,0,0,0,f_siauliai_16_4,암지나 굽잇길,"(amzina, 헤메는)",f_siauliai_16
16384,0,0,0,0,0,0,0,0,0,0,0,0,0,0,0,0,0,0,0,0,f_siauliai_16_5,지에도 연못,"(ziedo, 반지)",f_siauliai_16
24576,16384,0,24576,0,0,0,0,0,0,0,0,0,0,0,0,0,0,0,0,0,f_siauliai_16_6,말코스 벌목지,"(malkos, 장작)",f_siauliai_16
32768,0,0,40960,0,0,0,0,0,0,0,0,0,0,0,0,0,0,0,0,0,f_siauliai_16_7,제4 보급창고,,f_siauliai_16
40960,0,0,16384,0,0,0,0,0,0,0,0,0,0,0,0,0,0,0,0,0,f_siauliai_16_9,제3 보급창고,,f_siauliai_16
8192,32768,0,0,0,0,0,0,0,0,0,0,0,0,0,0,0,0,0,0,0,c_Klaipe_1,중앙 광장,클라페다 중앙 광장,c_Klaipe
16384,0,0,0,0,49152,0,0,0,0,0,0,0,0,0,0,0,0,0,0,0,c_Klaipe_2,상업 지구,클라페다 상점가,c_Klaipe
24576,0,0,0,0,0,0,49152,0,32768,0,32768,0,32768,0,0,0,0,0,0,0,c_Klaipe_3,주거 지구,클라페다 주거지,c_Klaipe
36864,0,32768,40960,0,0,0,0,0,0,0,0,0,0,0,0,0,0,0,0,0,f_katyn_7_1,카틴 숲 캠프,카틴 숲 입구,f_katyn_7
40960,0,0,16384,0,0,0,49152,0,0,0,0,0,0,0,0,0,0,0,0,0,f_katyn_7_2,펠례다 사거리,"부엉이 있는 사거리 (peljeda, 부엉이)",f_katyn_7
45056,20480,0,0,0,49152,0,49152,0,0,0,0,0,0,0,0,0,0,0,0,0,f_katyn_7_3,유제지 언덕,서쪽 공터 (uzesy),f_katyn_7
49152,0,32768,49152,0,0,0,0,0,0,0,0,0,0,0,0,0,0,0,0,0,f_katyn_7_4,보랏빛 샘터,동쪽 샘 많은 공터,f_katyn_7
53248,32768,32768,24576,0,0,0,0,0,0,0,0,0,0,0,0,0,0,0,0,0,f_katyn_7_5,그로비스 사거리,"최북단 사거리 (grobis, 잡아먹다)",f_katyn_7
57344,32768,32768,32768,0,0,0,0,0,0,0,0,0,0,0,0,0,0,0,0,0,f_katyn_7_6,우는 자리,전령이 있는 곳,f_katyn_7
8192,8192,0,6144,0,0,0,0,0,0,0,0,0,0,0,0,0,0,0,0,0,f_katyn_7_2_1,나비 무덤,나비향 퀘스트,f_katyn_7_2
12288,0,32768,40960,0,0,0,0,0,0,0,0,0,0,0,0,0,0,0,0,0,f_katyn_7_2_2,위로의 정원,여신상이 있는 곳,f_katyn_7_2
16384,12288,0,16384,0,0,0,0,0,0,0,0,0,0,0,0,0,0,0,0,0,f_katyn_7_2_3,무덤 거미 둥지,무덤거미 등장,f_katyn_7_2
20480,49152,0,49152,0,0,0,0,0,0,0,0,0,0,0,0,0,0,0,0,0,f_katyn_7_2_4,넬라스볘 기슭,"병사 영혼이 묶여있는 곳(nelasve, 포로)",f_katyn_7_2
24576,32768,32768,0,0,0,0,0,0,0,0,0,0,0,0,0,0,0,0,0,0,f_katyn_7_2_5,아몰라룰 언덕,"코럽티드가 있는 언덕(amolallul, 배덕)",f_katyn_7_2
28672,0,0,57344,0,0,0,0,0,0,0,0,0,0,0,0,0,0,0,0,0,f_katyn_7_2_6,누압티 저지대,"병사들이 죽은 곳(nuapti, 희미한)",f_katyn_7_2
49152,16384,0,49152,0,0,0,0,0,0,0,0,0,0,0,0,0,0,0,0,0,f_katyn_10_1,바스티티스 벌판,"길잡이 부엉이가 있는 곳(bastytis, 헤매다)",f_katyn_10
53248,8192,0,49152,0,0,0,0,0,0,0,0,0,0,0,0,0,0,0,0,0,f_katyn_10_2,무명용사의 무덤,"무덤이 많은, 무덤지기 부엉이 위치",f_katyn_10
57344,4096,0,0,0,43008,0,16384,0,0,0,0,0,0,0,0,0,0,0,0,0,f_katyn_10_3,샴쌍둥이 언덕,영혼석이 있는 곳,f_katyn_10
61440,8192,0,24576,0,0,0,0,0,0,0,0,0,0,0,0,0,0,0,0,0,f_katyn_10_4,뼈바람 절벽,호위병 영혼이 있는 곳,f_katyn_10
0,32768,0,0,0,0,0,0,0,0,0,0,0,0,0,0,0,0,0,0,0,f_katyn_10_5,듀오클뤼 전당,"호기심 아가씨가 있는 곳(duoklu, 추모)",f_katyn_10
4096,57344,0,32768,0,0,0,0,0,0,0,0,0,0,0,0,0,0,0,0,0,f_katyn_10_6,수제티 계곡,"상인 아저씨가 있는 곳 (sudjeti, 놓다)",f_katyn_10
8192,49152,0,32768,0,0,0,0,0,0,0,0,0,0,0,0,0,0,0,0,0,f_katyn_10_7,돌무지 언덕,학자 할아버지가 있는 곳,f_katyn_10
12288,49152,0,32768,0,0,0,0,0,0,0,0,0,0,0,0,0,0,0,0,0,f_katyn_10_8,세콰이아의 요람,세콰이아 결전,f_katyn_10
4096,49152,0,32768,0,0,0,0,0,0,0,0,0,0,0,0,0,0,0,0,0,d_cmine_02_11,광부 휴게소,광부 휴게소,d_cmine_02
8192,0,0,49152,0,0,0,0,0,0,0,0,0,0,0,0,0,0,0,0,0,d_cmine_01_2,2구역,수정광산 1층 2구역,d_cmine_01
12288,0,0,0,0,0,0,0,0,0,0,0,0,0,0,0,0,0,0,0,0,d_cmine_01_3,3구역,수정광산 1층 3구역,d_cmine_01
16384,40960,0,0,0,0,0,0,0,0,0,0,0,0,0,0,0,0,0,0,0,d_cmine_01_4,4구역,수정광산 1층 4구역,d_cmine_01
20480,49152,0,16384,0,0,0,0,0,0,0,0,0,0,0,0,0,0,0,0,0,d_cmine_01_5,5구역,수정광산 1층 5구역,d_cmine_01
24576,32768,0,32768,0,0,0,0,0,0,0,0,0,0,0,0,0,0,0,0,0,d_cmine_01_6,6구역,수정광산 1층 6구역,d_cmine_01
28672,32768,0,8192,0,0,0,0,0,0,0,0,0,0,0,0,0,0,0,0,0,d_cmine_01_1,1구역,수정광산 1층 1구역,d_cmine_01
45056,8192,0,0,0,0,0,0,0,0,0,0,0,0,0,0,0,0,0,0,0,d_cmine_02_1,1구역,수정광산 2층 1구역,d_cmine_02
49152,57344,0,49152,0,0,0,0,0,0,0,0,0,0,0,0,0,0,0,0,0,d_cmine_02_2,2구역,수정광산 2층 2구역,d_cmine_02
53248,24576,0,57344,0,0,0,0,0,0,0,0,0,0,0,0,0,0,0,0,0,d_cmine_02_3,3구역,수정광산 2층 3구역,d_cmine_02
57344,16384,0,40960,0,0,0,0,0,0,0,0,0,0,0,0,0,0,0,0,0,d_cmine_02_4,4구역,수정광산 2층 4구역,d_cmine_02
61440,0,0,16384,0,0,0,0,0,0,0,0,0,0,0,0,0,0,0,0,0,d_cmine_02_5,5구역,수정광산 2층 5구역,d_cmine_02
0,8192,0,49152,0,0,0,0,0,0,0,0,0,0,0,0,0,0,0,0,0,d_cmine_02_6,6구역,수정광산 2층 6구역,d_cmine_02
4096,24576,0,32768,0,0,0,0,0,0,0,0,0,0,0,0,0,0,0,0,0,d_cmine_02_7,7구역,수정광산 2층 7구역,d_cmine_02
18432,16384,0,49152,0,0,0,0,0,0,0,0,0,0,0,0,0,0,0,0,0,f_rokas_24_1,조사단 캠프,조사단 캠프,f_rokas_24
20480,0,40960,0,0,0,0,0,0,0,0,0,0,0,0,0,0,0,0,0,0,f_rokas_24_2,봉화대 고개,요나스가 봉화를 올리는 곳,f_rokas_24
22528,0,49152,0,0,0,0,0,0,0,0,0,0,0,0,0,0,0,0,0,0,f_rokas_24_3,둘키우 언덕,"요나스 발견 지역 (dulkiu, 모래)",f_rokas_24
24576,0,49152,0,0,0,0,0,0,0,0,0,0,0,0,0,0,0,0,0,0,f_rokas_24_4,제메 고원,"나무 수액 받는 곳(zeme, 대지)",f_rokas_24
26624,57344,0,32768,0,0,0,0,0,0,0,0,0,0,0,0,0,0,0,0,0,f_rokas_24_5,메토스 들판,약재인 메토스가 잔뜩 있는 곳,f_rokas_24
28672,0,0,16384,0,0,0,0,0,0,0,0,0,0,0,0,0,0,0,0,0,f_rokas_24_6,버려진 옛 작업장,캠핑장 왼쪽,f_rokas_24
30720,32768,0,32768,0,16384,0,0,0,0,0,0,0,0,0,0,0,0,0,0,0,f_rokas_24_7,카파스 가도,"캠핑장 오른쪽 다음맵 가는길(kapas, 왕릉)",f_rokas_24
32768,0,32768,40960,0,0,0,0,0,0,0,0,0,0,0,0,0,0,0,0,0,f_rokas_24_8,앱비자 언덕,"맵의 최북단(apvija, 구불구불)",f_rokas_24
34816,0,16384,24576,0,0,0,0,0,0,0,0,0,0,0,0,0,0,0,0,0,f_rokas_24_9,파미르짓 고원,"앱비자 언덕 가는 길(pamirsit, 잊다)",f_rokas_24
26624,16384,0,49152,0,0,0,0,0,0,0,0,0,0,0,0,0,0,0,0,0,f_rokas_25_1,마조나스 쉼터,"기둥 협곡 맨 처음 공터 (mazonas, 석공)",f_rokas_25
28672,40960,32768,49152,0,0,0,0,0,0,0,0,0,0,0,0,0,0,0,0,0,f_rokas_25_2,파사가 절벽,"첫 번째 장치 있는 곳(pasaga, 말발굽)",f_rokas_25
30720,32768,0,0,0,0,0,0,0,0,0,0,0,0,0,0,0,0,0,0,0,f_rokas_25_3,즈루기 유적지,"도굴꾼들 있는 곳(Zlugi, 무너진)",f_rokas_25
32768,32768,0,0,0,0,0,0,0,0,0,0,0,0,0,0,0,0,0,0,0,f_rokas_25_4,기둥의 뜰,기둥이 늘어선 긴 가도,f_rokas_25
34816,16384,32768,57344,0,0,0,0,0,0,0,0,0,0,0,0,0,0,0,0,0,f_rokas_25_5,드지다 절벽,"두번째 장치 있는 곳(dzida, 이어지다)",f_rokas_25
36864,45056,0,0,0,0,0,0,0,0,0,0,0,0,0,0,0,0,0,0,0,f_rokas_25_6,무너진 성소,비밀장소 있는 곳,f_rokas_25
34816,0,16384,16384,0,0,0,0,0,0,0,0,0,0,0,0,0,0,0,0,0,f_rokas_26_1,발굴단 캠프,발굴단 캠프,f_rokas_26
36864,32768,0,49152,0,0,32768,0,0,0,32768,32768,0,0,0,0,0,0,0,0,0,f_rokas_26_2,오데가 언덕길,"(odega, 꼬리)",f_rokas_26
38912,57344,49152,49152,0,0,0,0,0,0,0,0,0,0,0,0,0,0,0,0,0,f_rokas_26_3,아피니스 군락지,"(홉, apynys)",f_rokas_26
40960,57344,53248,32768,0,0,0,0,0,0,0,0,0,0,0,0,0,0,0,0,0,f_rokas_26_4,알쿠네 계단길,"(꺾인, alkune)",f_rokas_26
43008,0,32768,36864,0,0,0,0,0,0,0,0,0,0,0,0,0,0,0,0,0,f_rokas_27_1,발굴단 캠프,발굴단 캠프,f_rokas_27
45056,0,32768,45056,0,0,0,0,0,0,0,0,0,0,0,0,0,0,0,0,0,f_rokas_27_2,비에니사 고원,"발굴단 캠프 다음(쓸쓸한, vienisa)",f_rokas_27
47104,0,57344,8192,0,0,0,0,0,0,0,0,0,0,0,0,0,0,0,0,0,f_rokas_27_3,라타스 갈림길,"고원 북쪽(바퀴, ratas)",f_rokas_27
49152,49152,24576,12288,0,0,0,0,0,0,0,0,0,0,0,0,0,0,0,0,0,f_rokas_27_4,누오토리 절벽,"갈림길 서쪽(동떨어진, nuotori)",f_rokas_27
51200,49152,16384,32768,0,32768,16384,49152,0,0,8192,49152,0,0,0,0,0,0,0,0,0,f_rokas_27_5,로도마 제1 유적지,케이블카 도착지,f_rokas_27
53248,57344,32768,0,0,0,0,0,0,0,0,0,0,0,0,0,0,0,0,0,0,f_rokas_27_6,무덤지기의 오두막,도착지 서쪽,f_rokas_27
55296,24576,49152,0,0,0,0,0,0,0,0,0,0,0,0,0,0,0,0,0,0,f_rokas_27_7,로도마 제2 유적지,"오두막 위쪽 (보는, rodoma)",f_rokas_27
51200,49152,49152,57344,0,0,0,0,0,0,0,0,0,0,0,0,0,0,0,0,0,f_rokas_28_1,발굴단 캠프,발굴단 캠프,f_rokas_28
53248,16384,24576,24576,0,0,0,0,0,0,0,0,0,0,0,0,0,0,0,0,0,f_rokas_28_2,무너진 돌기둥 다리,발굴단 캠프 위쪽으로 가는 돌다리,f_rokas_28
55296,49152,8192,16384,0,0,0,0,0,0,0,0,0,0,0,0,0,0,0,0,0,f_rokas_28_3,지빈타 고갯마루,"돌다리 위쪽의 고개(석등, zibinta)",f_rokas_28
57344,32768,57344,16384,0,0,0,0,0,0,0,0,0,0,0,0,0,0,0,0,0,f_rokas_28_4,겔토나스 고원,"발굴단 캠프 동쪽의 고원(노랑, geltonas)",f_rokas_28
59392,32768,57344,0,0,0,0,0,0,0,0,0,0,0,0,0,0,0,0,0,0,f_rokas_28_5,돌기둥 언덕,가장 동쪽 지역,f_rokas_28
59392,24576,16384,8192,0,0,0,0,0,0,0,0,0,0,0,0,0,0,0,0,0,f_rokas_29_1,이즈발리타 유적지,"입구에서 서쪽(isvalyta, 지워진)",f_rokas_29
61440,57344,32768,32768,0,0,0,0,0,0,0,0,0,0,0,0,0,0,0,0,0,f_rokas_29_2,쉬르나스 고원,"입구에서 위쪽(shirnas, 멧돼지)",f_rokas_29
63488,0,16384,49152,0,0,0,0,0,0,0,0,0,0,0,0,0,0,0,0,0,f_rokas_29_3,디키네 갈림길,"북단의 갈림길(dykyne, 쓸쓸한)",f_rokas_29
0,32768,0,32768,0,0,49152,0,0,0,0,0,0,0,0,0,0,0,0,0,0,f_rokas_29_4,아파티 벼랑,"갈림길과 바로 연결된 절벽(apati, 아래턱)",f_rokas_29
2048,32768,16384,0,0,0,0,0,0,0,0,0,0,0,0,0,0,0,0,0,0,f_rokas_29_5,네파토구 벌판,"가장 서쪽의 벌판(nepatogu, 어질러진)",f_rokas_29
4096,0,16384,16384,0,49152,16384,32768,0,57344,0,0,0,16384,16384,0,0,0,0,0,0,f_rokas_29_6,뱀의 목 절벽,가장 북쪽의 절벽,f_rokas_29
6144,0,16384,0,0,0,0,0,0,0,0,0,0,0,0,0,0,0,0,0,0,f_rokas_29_7,바키스의 캠프,바키스의 캠프,f_rokas_29
2048,0,0,16384,0,0,0,0,0,0,0,0,0,0,0,0,0,0,0,0,0,f_rokas_30_1,반딧불이의 숲,왕의 고원 입구,f_rokas_30
4096,16384,0,0,0,0,0,0,0,0,0,0,0,0,0,0,0,0,0,0,0,f_rokas_30_2,헤세드의 제단,"(chesed, 자비) 첫번째 봉인",f_rokas_30
6144,0,0,32768,0,0,0,0,0,0,0,0,0,0,0,0,0,0,0,0,0,f_rokas_30_3,게둘라의 제단,"(gedulah, 위엄) 두번쨰 봉인",f_rokas_30
8192,0,0,0,0,0,0,0,0,0,0,0,0,0,0,0,0,0,0,0,0,f_rokas_30_4,체데크의 제단,"(tzedek, 목성) 세번째 봉인",f_rokas_30
10240,57344,0,16384,0,0,0,0,0,0,0,0,0,0,0,0,0,0,0,0,0,f_rokas_30_5,스비에샤의 제단,"(sviecia, 빛나는) 네번째 봉인",f_rokas_30
12288,32768,32768,32768,0,0,0,0,0,0,0,0,0,0,0,0,0,0,0,0,0,f_rokas_30_6,훼손된 발굴지,세 개의 제단 교차로,f_rokas_30
14336,32768,0,0,0,0,0,0,0,0,0,0,0,0,0,0,0,0,0,0,0,f_rokas_30_7,케툴카 진입로,"(keturka, 사각형)왕의 고원 출구",f_rokas_30
10240,16384,0,0,0,0,0,0,0,0,0,0,0,0,0,0,0,0,0,0,0,f_rokas_31_1,리키우오티 진입로,"(rikiuoti, 도열) 왕릉 가는 길목",f_rokas_31
12288,0,0,49152,0,0,0,0,0,0,0,0,0,0,0,0,0,0,0,0,0,f_rokas_31_2,이쉬플라우 사거리,"(ishplau, 바랜) 사거리",f_rokas_31
14336,0,0,0,0,0,0,0,0,0,0,0,0,0,0,0,0,0,0,0,0,f_rokas_31_3,과거의 전당,사거리 오른쪽,f_rokas_31
16384,32768,0,16384,0,0,0,0,0,0,0,0,0,0,0,0,0,0,0,0,0,f_rokas_31_4,흔적 없는 폐허,사거리 왼쪽,f_rokas_31
18432,32768,0,32768,0,0,0,16384,0,0,0,0,0,0,0,0,0,0,0,0,0,f_rokas_31_5,세시자 도열주랑,"(sesija, 행렬)입구 통로",f_rokas_31
34816,16384,0,16384,0,0,0,0,0,0,0,0,0,0,0,0,0,0,0,0,0,f_gele_57_1_1,마르가스 동산,"최남단 지대 (알록달록, margas)",f_gele_57_1
36864,0,32768,24576,0,0,0,0,0,0,0,0,0,0,0,0,0,0,0,0,0,f_gele_57_1_2,촐라스 굽잇길,"최남당 지대 가는 길(염소, cholras)",f_gele_57_1
38912,0,0,49152,0,0,0,0,0,0,0,0,0,0,0,0,0,0,0,0,0,f_gele_57_1_3,슈뷜핀티 쉼터,"케이블 카 있는 곳(스릴, shuvirpinti)",f_gele_57_1
40960,40960,0,0,0,0,0,0,0,0,0,0,0,0,0,0,0,0,0,0,0,f_gele_57_1_4,미에귀스타 언덕길,"최북단 지대(mieguista, 나른한)",f_gele_57_1
43008,49152,0,16384,0,0,0,0,0,0,0,0,0,0,0,0,0,0,0,0,0,f_gele_57_1_5,네파비 양지,"쉼터 아랫쪽(고장난, nepavy)",f_gele_57_1
45056,0,0,32768,0,0,0,0,0,16384,0,0,0,0,0,0,0,0,0,0,0,f_gele_57_1_6,뇨살루스 가도,"케이블카 타고 나서(호젓한, nyosalus)",f_gele_57_1
47104,32768,0,0,0,0,0,0,0,0,0,0,0,0,0,0,0,0,0,0,0,f_gele_57_1_7,스팔바 삼거리,"카틴숲과 갤리2의 갈림길(색깔, spalva)",f_gele_57_1
55296,0,32768,16384,0,0,0,0,0,0,0,0,0,0,0,0,0,0,0,0,0,f_gele_57_2_1,기에드라 평원,"맨 처음 나오는 평원(고요한, giedra)",f_gele_57_2
57344,24576,0,32768,0,0,0,0,0,0,0,0,0,0,0,0,0,0,0,0,0,f_gele_57_2_2,투스틴티 고원,"가장 최북단의 고원(텅빈, tustinti)",f_gele_57_2
59392,24576,0,0,0,0,0,0,0,0,0,0,0,0,0,0,0,0,0,0,0,f_gele_57_2_3,숲지기 오두막,숲지기 오두막,f_gele_57_2
61440,0,0,0,0,0,0,0,0,0,0,0,0,0,0,0,0,0,0,0,0,f_gele_57_2_4,라부레 가도,파슐리마 벌판으로 가는 큰 길(labure),f_gele_57_2
63488,24576,32768,49152,0,0,0,0,0,0,0,0,0,0,0,0,0,0,0,0,0,f_gele_57_2_5,발리오 고개 산장,"(만세, valio)",f_gele_57_2
0,16384,0,8192,0,0,0,0,0,0,0,0,0,0,0,0,0,0,0,0,0,f_gele_57_2_6,파슐리마 벌판,"(제물, pasiulyma)",f_gele_57_2
10240,0,0,32768,0,0,0,0,0,0,0,0,0,0,0,0,0,0,0,0,0,f_gele_57_3_1,마자즈 쉼터,"입구(작은, mazas)",f_gele_57_3
12288,0,0,49152,0,0,0,0,0,0,0,0,0,0,0,0,0,0,0,0,0,f_gele_57_3_2,나무 초소,입구 다음,f_gele_57_3
14336,49152,0,16384,0,0,0,0,0,0,0,0,0,0,0,0,0,0,0,0,0,f_gele_57_3_3,마이루나스 동산,"(마조람, mairunas)",f_gele_57_3
16384,16384,0,0,0,0,0,0,0,0,0,0,0,0,0,0,0,0,0,0,0,f_gele_57_3_4,퓸푸라 언덕,"(pumpura, 꽃봉오리)",f_gele_57_3
18432,0,0,49152,0,0,0,0,0,0,0,0,0,0,0,0,0,0,0,0,0,f_gele_57_3_5,빌베 능선,"(virve, 새끼줄)",f_gele_57_3
20480,0,32768,49152,0,0,0,0,0,0,0,0,0,0,0,0,0,0,0,0,0,f_gele_57_3_6,필랴로제 봉우리,"(piliaroze, 접시꽃)",f_gele_57_3
22528,0,0,0,0,0,0,0,0,0,0,0,0,0,0,0,0,0,0,0,0,f_gele_57_3_7,우즈바이기 고지대,"(uzbaigi, 결전)",f_gele_57_3
24576,49152,0,0,0,0,0,0,0,0,0,0,0,0,0,0,0,0,0,0,0,f_gele_57_3_8,나쉴나이떼 벼랑굽이,"칠채곡 가는길(naslaite, 제비꽃)",f_gele_57_3
26624,0,0,32768,0,0,0,0,0,0,0,0,0,0,0,0,0,0,0,0,0,f_gele_57_3_9,꽃맞이 고개,성당 가는길,f_gele_57_3
30720,40960,0,32768,0,0,0,0,0,0,0,0,0,0,0,0,0,0,0,0,0,f_gele_57_4_1,발리마 성소,"(정화, valyma)",f_gele_57_4
32768,8192,0,0,0,0,0,0,0,0,0,0,0,0,0,0,0,0,0,0,0,f_gele_57_4_2,르반다 군락지,"중앙에서 왼쪽(라벤더, levanda)",f_gele_57_4
34816,16384,0,57344,0,0,0,0,0,0,0,0,0,0,0,0,0,0,0,0,0,f_gele_57_4_3,로주스 고원,"성구가 있는 곳(천국, rojus)",f_gele_57_4
36864,0,0,32768,0,0,0,0,0,0,0,0,0,0,0,0,0,0,0,0,0,f_gele_57_4_4,졔다둘케 갈림길,"로주스 고원 옆 갈림길(ziodadulke, 꽃가루)",f_gele_57_4
38912,0,0,0,0,0,0,0,0,0,0,0,0,0,0,0,0,0,0,0,0,f_gele_57_4_5,라쉬아스 가도,"피에네 벌판 가는 길(lashias, 방울)",f_gele_57_4
40960,32768,0,16384,0,0,0,0,0,0,0,0,0,0,0,0,0,0,0,0,0,f_gele_57_4_6,피에네 들판,최남단 지역(piene),f_gele_57_4
43008,0,0,8192,0,0,0,0,0,0,0,0,0,0,0,0,0,0,0,0,0,f_gele_57_4_7,성당 안뜰,성당 가는길,f_gele_57_4
43008,32768,32768,0,0,0,0,0,0,0,0,0,0,0,0,0,0,0,0,0,0,f_huevillage_58_1_1,스파르무 주랑,"(sparmu, 날개)",f_huevillage_58_1
45056,16384,0,32768,0,0,0,0,0,0,0,0,0,0,0,0,0,0,0,0,0,f_huevillage_58_1_2,시다브라스 쉼터,"(은색, sidabras)",f_huevillage_58_1
47104,0,0,0,0,0,0,0,0,0,0,0,0,0,0,0,0,0,0,0,0,f_huevillage_58_1_3,슬라퍄 오솔길,"(slapia, 축축)",f_huevillage_58_1
49152,49152,0,0,0,0,0,0,0,0,0,0,0,0,0,0,0,0,0,0,0,f_huevillage_58_1_4,누그리아 성소,"(nugria, 허물어진)",f_huevillage_58_1
51200,0,0,49152,0,0,0,0,0,0,0,0,0,0,0,0,0,0,0,0,0,f_huevillage_58_1_5,즈벨쟌 공터,"(zvelgian, 내려다보는)",f_huevillage_58_1
53248,0,0,32768,0,0,0,0,0,0,0,0,0,0,0,0,0,0,0,0,0,f_huevillage_58_1_6,베이드마 오름길,"(veidma,위선)",f_huevillage_58_1
55296,49152,0,32768,0,0,0,0,0,0,0,0,0,0,0,0,0,0,0,0,0,f_huevillage_58_1_7,신성한 연못,"(baime, 신성한)",f_huevillage_58_1
63488,49152,0,16384,0,0,0,0,0,0,0,0,0,0,0,0,0,0,0,0,0,f_huevillage_58_2_1,막다른 폐허,시작 위치에서 북쪽,f_huevillage_58_2
0,0,0,0,0,0,0,0,0,0,0,0,0,0,0,0,0,0,0,0,0,f_huevillage_58_2_2,잉크스타 굽잇길,"(inksta, 콩팥)",f_huevillage_58_2
2048,0,0,0,0,0,0,0,0,0,0,0,0,0,0,0,0,0,0,0,0,f_huevillage_58_2_3,세르페 사거리,"(cerpe, 타일)",f_huevillage_58_2
4096,0,0,32768,0,0,0,0,0,0,0,0,0,0,0,0,0,0,0,0,0,f_huevillage_58_2_4,수마제 공터,"(sumaze, 쓰러진)",f_huevillage_58_2
6144,0,0,0,0,0,0,0,0,0,0,0,0,0,0,0,0,0,0,0,0,f_huevillage_58_2_5,네프리토 계곡,"(nefrito, 옥)",f_huevillage_58_2
8192,0,0,16384,0,0,0,0,0,0,0,0,0,0,0,0,0,0,0,0,0,f_huevillage_58_2_6,갈참나무 숲,수액 받는 곳,f_huevillage_58_2
10240,32768,0,0,0,0,0,0,0,0,0,0,0,0,0,0,0,0,0,0,0,f_huevillage_58_2_7,가시나무 제단,염색하는 세개의 제단,f_huevillage_58_2
12288,40960,0,49152,0,0,0,0,0,0,0,0,0,0,0,0,0,0,0,0,0,f_huevillage_58_2_8,허술한 나무 다리,진입로와 이어지는 곳,f_huevillage_58_2
14336,32768,0,0,0,0,0,0,0,0,0,0,0,0,0,0,0,0,0,0,0,f_huevillage_58_2_9,슬레핑가스 냇가,"(slepingas, 섬뜩한)",f_huevillage_58_2
18432,0,0,8192,0,0,0,0,0,0,0,0,0,0,0,0,0,0,0,0,0,f_huevillage_58_3_1,작은 야영지,초입,f_huevillage_58_3
20480,32768,0,16384,0,0,0,0,0,0,0,0,0,0,0,0,0,0,0,0,0,f_huevillage_58_3_2,안데일 마을,(andale),f_huevillage_58_3
22528,32768,0,32768,0,0,0,0,0,0,0,0,0,0,0,0,0,0,0,0,0,f_huevillage_58_3_3,사크넬레 절벽기슭,"(saknele, 잔뿌리)",f_huevillage_58_3
24576,49152,0,32768,0,0,0,0,0,0,0,0,0,0,0,0,0,0,0,0,0,f_huevillage_58_3_4,이쉬타카 고지대,"(ishtaka, 수원)",f_huevillage_58_3
26624,0,0,57344,0,0,0,0,0,0,0,0,0,0,0,0,0,0,0,0,0,f_huevillage_58_3_5,멜라깅가스 벼랑,"(melagingas, 거짓)",f_huevillage_58_3
28672,32768,0,0,0,0,0,0,0,0,0,0,0,0,0,0,0,0,0,0,0,f_huevillage_58_3_6,드뷔니 습지,"(dvyni, 쌍둥이)",f_huevillage_58_3
30720,8192,0,49152,0,0,0,0,0,0,0,0,0,0,0,0,0,0,0,0,0,f_huevillage_58_3_7,나르바스 굽잇길,"(narvas, 새장)",f_huevillage_58_3
32768,57344,0,16384,0,0,0,0,0,0,0,0,0,0,0,0,0,0,0,0,0,f_huevillage_58_3_8,마을 어귀 폐허,마을 남쪽,f_huevillage_58_3
38912,6144,0,0,0,0,0,0,0,0,0,0,0,0,0,0,0,0,0,0,0,f_huevillage_58_4_1,사울레 대신단,샤울레 잡힌 곳,f_huevillage_58_4
40960,40960,0,0,0,0,0,0,0,0,0,0,0,0,0,0,0,0,0,0,0,f_huevillage_58_4_2,신단 대회랑,신전과 이어진 거대한 통로,f_huevillage_58_4
43008,18432,0,0,0,0,0,0,0,0,0,0,0,0,0,0,0,0,0,0,0,f_huevillage_58_4_3,드루기스 안뜰,"(drugys, 나방)",f_huevillage_58_4
45056,18432,0,32768,0,0,0,0,0,0,0,0,0,0,0,0,0,0,0,0,0,f_huevillage_58_4_4,밥스바 공터,"(vapsva, 말벌)",f_huevillage_58_4
47104,24576,0,0,0,0,0,0,0,0,0,0,0,0,0,0,0,0,0,0,0,f_huevillage_58_4_5,이쉬필키 진입로,"(ishpirki, 구속)",f_huevillage_58_4
51200,0,32768,36864,0,0,0,0,0,0,0,0,0,0,0,0,0,0,0,0,0,d_thorn_19_1,게이즈마 진입로,"(정욕, geisma)",d_thorn_19
53248,0,16384,57344,0,0,0,0,0,0,0,0,0,0,0,0,0,0,0,0,0,d_thorn_19_2,루스티베 고사목 지대,"(분노, rustybe)",d_thorn_19
55296,0,49152,49152,0,32768,32768,0,0,49152,32768,49152,0,0,0,0,0,0,0,0,0,d_thorn_19_3,라주마 굽잇길,"(폭식, rajuma)",d_thorn_19
57344,0,0,0,0,49152,49152,0,0,0,16384,16384,0,0,0,0,0,0,0,0,0,d_thorn_19_4,이지두 갈래길,"(교만, isdidu)",d_thorn_19
59392,49152,32768,40960,0,0,0,0,0,0,0,0,0,0,0,0,0,0,0,0,0,d_thorn_19_5,파비도 혼합림,"(질투, pavydo)",d_thorn_19
61440,49152,0,32768,0,0,0,0,0,0,0,0,0,0,0,0,0,0,0,0,0,d_thorn_19_6,레니스투 황무지,"(나태, lenistwo)",d_thorn_19
63488,24576,32768,16384,0,0,0,0,0,0,0,0,0,0,0,0,0,0,0,0,0,d_thorn_19_7,이즈겔베 쉼터,"(구원, isgelbe)",d_thorn_19
6144,0,32768,49152,0,0,0,0,0,0,0,0,0,0,0,0,0,0,0,0,0,d_thorn_20_1,틸라 쉼터,"(적막한, tyla)",d_thorn_20
8192,0,32768,32768,0,57344,32768,32768,0,32768,49152,32768,0,0,0,0,0,0,0,0,0,d_thorn_20_2,긴타라 가도,"(호박, gintara)",d_thorn_20
10240,32768,32768,49152,0,0,0,0,0,0,0,0,0,0,0,0,0,0,0,0,0,d_thorn_20_3,드레그나 안뜰,"(축축한, dregna)",d_thorn_20
12288,0,32768,0,0,0,0,0,0,0,0,0,0,0,0,0,0,0,0,0,0,d_thorn_20_4,가시 기둥 정원,가시 기둥이 있는,d_thorn_20
14336,24576,0,0,0,0,0,0,0,0,0,0,0,0,0,0,0,0,0,0,0,d_thorn_20_5,뷔기오 좁은길,"(구불구불, vuigio)",d_thorn_20
16384,57344,32768,32768,0,0,0,0,0,0,0,0,0,0,0,0,0,0,0,0,0,d_thorn_20_6,안츠바 공터,"(봉인, antsva)",d_thorn_20
18432,61440,0,0,0,0,0,0,0,0,0,0,0,0,0,0,0,0,0,0,0,d_thorn_20_7,가시나무 다리,낙우림 가기 전,d_thorn_20
26624,49152,32768,0,0,0,0,0,0,0,0,0,0,0,0,0,0,0,0,0,0,d_thorn_21_1,랑케나 언덕,"(칼자루, rankena)",d_thorn_21
28672,16384,0,8192,0,0,0,0,0,0,0,0,0,0,0,0,0,0,0,0,0,d_thorn_21_2,가시나무 샘터,왼쪽 중간길,d_thorn_21
30720,20480,0,32768,0,0,0,0,0,0,0,0,0,0,0,0,0,0,0,0,0,d_thorn_21_3,스비에사 구릉지,"왼쪽 끝길 (빛, sviesa)",d_thorn_21
32768,16384,32768,0,0,49152,32768,0,0,0,0,0,0,0,0,0,0,0,0,0,0,d_thorn_21_4,카라다스 오솔길,"중앙 길 (검, karadas)",d_thorn_21
34816,0,0,32768,0,0,0,0,0,0,0,0,0,0,0,0,0,0,0,0,0,d_thorn_21_5,크루바 가시너울길,"오른쪽 종앙 길(무더기, kruva)",d_thorn_21
36864,4096,0,40960,0,0,0,0,0,0,0,0,0,0,0,0,0,0,0,0,0,d_thorn_21_6,탄킨타 공터,"오른쪽 끝길(괴성, tankinta)",d_thorn_21
38912,28672,32768,0,0,0,0,0,0,0,0,0,0,0,0,0,0,0,0,0,0,d_thorn_21_7,길리아이 안뜰,"중앙 끝길 (깊은, giliaii)",d_thorn_21
47104,16384,32768,0,0,0,0,0,0,0,0,0,0,0,0,0,0,0,0,0,0,d_thorn_22_1,드리에자 습지,"(drieza, 도마뱀)",d_thorn_22
49152,32768,16384,0,0,0,0,0,0,0,0,0,0,0,0,0,0,0,0,0,0,d_thorn_22_2,니우러스 가도,"(niurus, 스산한)",d_thorn_22
51200,0,32768,57344,0,0,0,0,0,0,0,0,0,0,0,0,0,0,0,0,0,d_thorn_22_3,벨투이 교차로,"(veltui, 헛된)",d_thorn_22
53248,24576,32768,24576,0,0,0,0,0,0,0,0,0,0,0,0,0,0,0,0,0,d_thorn_22_4,이쉬시네티 벼랑,"(ishisineti, 허물)",d_thorn_22
55296,0,16384,8192,0,0,0,0,0,0,0,0,0,0,0,0,0,0,0,0,0,d_thorn_22_5,아사라 갈림길,"(asara, 눈물)",d_thorn_22
57344,8192,0,40960,0,0,0,0,0,0,0,0,0,0,0,0,0,0,0,0,0,d_thorn_22_6,비레티 공터,"(byreti, 바스라지다)",d_thorn_22
59392,32768,32768,32768,0,0,0,0,0,0,0,0,0,0,0,0,0,0,0,0,0,d_thorn_22_7,자이즈다 언덕,"(zaizda, 상처)",d_thorn_22
61440,0,49152,16384,0,0,0,0,0,0,0,0,0,0,0,0,0,0,0,0,0,d_thorn_22_8,수뷔테 낭떠러지,"(suvyte, 시든)",d_thorn_22
2048,24576,32768,8192,0,0,0,0,0,0,0,0,0,0,0,0,0,0,0,0,0,d_thorn_23_1,이쉼티니 진입로,"(ishimtini, 고난)",d_thorn_23
4096,24576,49152,0,0,0,0,0,0,0,0,0,0,0,0,0,0,0,0,0,0,d_thorn_23_2,반디마 교차로,"(bandyma, 시험)",d_thorn_23
6144,32768,0,0,0,0,0,0,0,0,0,0,0,0,0,0,0,0,0,0,0,d_thorn_23_3,스칼디투 교각로,"(skaldytu, 부러진)",d_thorn_23
8192,32768,0,32768,0,0,0,0,0,0,0,0,0,0,0,0,0,0,0,0,0,d_thorn_23_4,렝바스 정원,"(lengvas, 빛)",d_thorn_23
10240,0,16384,32768,0,0,0,0,0,0,0,0,0,0,0,0,0,0,0,0,0,d_thorn_23_5,굼바스 언덕,"(gumbas, 혹)",d_thorn_23
12288,40960,32768,0,0,0,0,0,0,0,0,0,0,0,0,0,0,0,0,0,0,d_thorn_23_6,이아너티스 폭포,(ianutis),d_thorn_23
14336,16384,57344,16384,0,0,0,0,0,0,0,0,0,0,0,0,0,0,0,0,0,d_thorn_23_7,카클라스 낭떠러지,"(kaklas, 목)",d_thorn_23
16384,24576,8192,53248,0,0,0,0,0,0,0,0,0,0,0,0,0,0,0,0,0,d_thorn_23_8,발디티 공터,"(valdyti, 제어)",d_thorn_23
18432,24576,16384,24576,0,0,0,0,0,0,0,0,0,0,0,0,0,0,0,0,0,d_thorn_23_9,새발자국 삼거리,,d_thorn_23
2048,0,0,0,0,0,0,0,0,0,0,0,0,0,0,0,0,0,0,0,0,d_chapel_57_5_1,지하 아트리움,중앙 원형 로비,d_chapel_57_5
4096,0,0,32768,0,0,0,0,0,0,0,0,0,0,0,0,0,0,0,0,0,d_chapel_57_5_2,제의실,팔라딘 티베리우스가 있는 곳,d_chapel_57_5
6144,0,0,0,0,0,0,0,0,0,0,0,0,0,0,0,0,0,0,0,0,d_chapel_57_5_3,붉은 제랑,추종자 루카스가 있는 곳,d_chapel_57_5
8192,49152,0,0,0,0,0,0,0,0,0,0,0,0,0,0,0,0,0,0,0,d_chapel_57_5_4,힘나스 예배소,"(himnas, 찬송가)",d_chapel_57_5
10240,0,0,49152,0,0,0,0,0,0,0,0,0,0,0,0,0,0,0,0,0,d_chapel_57_5_5,교차 주랑,자비의 제단 전 교자로,d_chapel_57_5
12288,49152,0,32768,0,0,0,0,0,0,0,0,0,0,0,0,0,0,0,0,0,d_chapel_57_5_6,자비의 상,지상으로 올라가는 입구(statue),d_chapel_57_5
14336,32768,0,0,0,0,0,0,0,0,0,0,0,0,0,0,0,0,0,0,0,d_chapel_57_5_7,정화의 제단,사악한 성수 정화,d_chapel_57_5
22528,0,0,0,0,0,0,0,0,0,0,0,0,0,0,0,0,0,0,0,0,d_chapel_57_6_1,예배 준비실,입구에서 바로 만나는 홀,d_chapel_57_6
24576,0,0,32768,0,0,0,0,0,0,0,0,0,0,0,0,0,0,0,0,0,d_chapel_57_6_2,중앙 제단,중앙 결계,d_chapel_57_6
26624,32768,0,16384,0,0,0,0,0,0,0,0,0,0,0,0,0,0,0,0,0,d_chapel_57_6_3,압사우가 제단,"왼쪽 결계(apsauga, 보호)",d_chapel_57_6
28672,32768,0,16384,0,0,0,0,0,0,0,0,0,0,0,0,0,0,0,0,0,d_chapel_57_6_4,글로베자스 제단,"오른쪽 결계(globejas, 수호)",d_chapel_57_6
30720,16384,0,0,0,0,0,0,0,0,0,0,0,0,0,0,0,0,0,0,0,d_chapel_57_6_5,정문 로비,2층 가는 길(신랑  : nave),d_chapel_57_6
32768,49152,0,32768,0,0,0,0,0,0,0,0,0,0,0,0,0,0,0,0,0,d_chapel_57_6_6,누오실둠 예배소,"1층에서 가장 큰 예배실(nuosirdum, 성심)",d_chapel_57_6
43008,0,0,49152,0,0,0,0,0,0,0,0,0,0,0,0,0,0,0,0,0,d_chapel_57_7_1,종탑,입구 근처의 종탑,d_chapel_57_7
45056,0,0,0,0,0,0,0,0,0,0,0,0,0,0,0,0,0,0,0,0,d_chapel_57_7_2,스벤토베 중앙홀,"제스티가 떠도는 중앙 제단(sventove, 성스러운)",d_chapel_57_7
47104,0,0,24576,0,0,0,0,0,0,0,0,0,0,0,0,0,0,0,0,0,d_chapel_57_7_3,앳가일라 예배소,"최북단의 예배소 (atgaila, 회개)",d_chapel_57_7
49152,49152,0,0,0,0,0,0,0,0,0,0,0,0,0,0,0,0,0,0,0,d_chapel_57_7_4,아우카 제단,"왼쪽 결계(auka, 희생)",d_chapel_57_7
51200,49152,0,0,0,0,0,0,0,0,0,0,0,0,0,0,0,0,0,0,0,d_chapel_57_7_5,열주랑,말다 제단 가는 길,d_chapel_57_7
53248,0,0,0,0,0,0,0,0,0,0,0,0,0,0,0,0,0,0,0,0,d_chapel_57_7_6,말다 제단,"오른쪽 결계(malda, 기도)",d_chapel_57_7
55296,0,0,16384,0,0,0,0,0,0,0,0,0,0,0,0,0,0,0,0,0,d_chapel_57_7_7,숨겨진 성소,숨겨진 성소,d_chapel_57_7
19456,32768,0,32768,0,0,0,0,0,0,0,0,0,0,0,0,0,0,0,0,0,c_fedimian_1,광장 공터,광장 공터,c_fedimian
20480,0,16384,32768,0,0,0,0,0,0,0,0,0,0,0,0,0,0,0,0,0,c_fedimian_2,제미나 여신상,제미나 거대 여신상,c_fedimian
21504,49152,32768,0,0,0,0,0,0,0,0,0,0,0,0,0,0,0,0,0,0,c_fedimian_3,신성지구 서부,서쪽,c_fedimian
22528,0,0,0,0,0,0,0,0,0,0,0,0,0,0,0,0,0,0,0,0,c_fedimian_5,신성지구 동부,동쪽,c_fedimian
46080,32768,0,0,0,0,0,0,0,0,0,0,0,0,0,0,0,0,0,0,0,mission_chaple_01_1,첫 번 째 결계의 방,성당 미션 중,mission_chaple_01
47104,32768,0,0,0,0,0,0,0,0,0,0,0,0,0,0,0,0,0,0,0,mission_chaple_01_2,두 번 째 결계의 방,성당 미션 중,mission_chaple_01
48128,49152,0,0,0,0,0,0,0,0,0,0,0,0,0,0,0,0,0,0,0,mission_chaple_01_3,세 번 째 결계의 방,성당 미션 중,mission_chaple_01
49152,49152,0,0,0,0,0,0,0,0,0,0,0,0,0,0,0,0,0,0,0,mission_chaple_01_4,네 번 째 결계의 방,성당 미션 중,mission_chaple_01
50176,0,0,8192,0,0,0,0,0,0,0,0,0,0,0,0,0,0,0,0,0,mission_chaple_01_5,다섯 번 째 보스의 방,성당 미션 중,mission_chaple_01
3072,0,49152,32768,0,0,0,0,0,0,0,0,0,0,0,0,0,0,0,0,0,f_remains_37_1,갈림길 공터,위험 몬스터가 주기적으로 나타나 폐쇄된 길,f_remains_37
4096,0,16384,4096,0,0,0,0,0,0,0,0,0,0,0,0,0,0,0,0,0,f_remains_37_2,발코나스 황야,"(balkonas, 발코니)",f_remains_37
5120,49152,16384,61440,0,0,0,0,0,0,0,0,0,0,0,0,0,0,0,0,0,f_remains_37_3,세클루스 다리,"(seklus, 얕은)",f_remains_37
6144,49152,16384,16384,0,0,0,0,0,0,0,0,0,0,0,0,0,0,0,0,0,f_remains_37_4,가이스라 전당 터,"gaisra, 화염)",f_remains_37
7168,0,16384,57344,0,0,0,0,0,0,0,0,0,0,0,0,0,0,0,0,0,f_remains_37_5,아이로디 주열 광장,"(irody, 흔적)",f_remains_37
8192,32768,16384,40960,0,0,0,0,0,0,0,0,0,0,0,0,0,0,0,0,0,f_remains_37_6,뷔토스 오름길,"(vytos, 꼬인)",f_remains_37
39936,0,0,0,0,0,0,0,0,0,0,0,0,0,0,0,0,0,0,0,0,f_remains_38_1,크리아쿨 개울,"(kriakul, 잠긴)",f_remains_38
40960,16384,0,24576,0,0,0,0,0,0,0,0,0,0,0,0,0,0,0,0,0,f_remains_38_2,빌듈뤼 산장,"(virdului, 솥)",f_remains_38
41984,32768,0,0,0,0,32768,16384,0,0,0,0,0,0,0,0,0,0,0,0,0,f_remains_38_3,덤발 연못,"(dumbal, 녹조류)",f_remains_38
43008,0,0,0,0,0,0,0,0,0,0,0,0,0,0,0,0,0,0,0,0,f_remains_38_4,나르디마 쌍둥이 폭포,"(nardyma, 다이빙)",f_remains_38
44032,32768,32768,0,0,16384,0,32768,0,0,0,0,0,0,0,0,0,0,0,0,0,f_remains_38_5,그리유베 가도,"(griuve, 폐허)",f_remains_38
45056,16384,0,16384,0,0,0,0,0,0,0,0,0,0,0,0,0,0,0,0,0,f_remains_38_6,쉴루마 제단 터,"(shiluma, 열기)",f_remains_38
11264,24576,0,0,0,0,0,0,0,0,0,0,0,0,0,0,0,0,0,0,0,f_remains_39_1,네리쉬커스 성소 폐허,"(neryshkus, 흐려진)",f_remains_39
12288,0,0,32768,0,0,0,0,0,0,0,0,0,0,0,0,0,0,0,0,0,f_remains_39_2,나무꾼의 오두막,몽크 마스터 있는 곳,f_remains_39
13312,40960,0,8192,0,0,0,0,0,0,0,0,0,0,0,0,0,0,0,0,0,f_remains_39_3,루키타스 신당 터,"(rukytas, 그을린)",f_remains_39
14336,32768,0,0,0,0,0,0,0,0,0,0,0,0,0,0,0,0,0,0,0,f_remains_39_4,벌목꾼 야영지,가운데 마을,f_remains_39
15360,49152,0,0,0,0,0,0,0,0,0,0,0,0,0,0,0,0,0,0,0,f_remains_39_5,펠레나 도열주랑 터,"(pelena, 재)",f_remains_39
16384,0,32768,20480,0,0,0,0,0,0,0,0,0,0,0,0,0,0,0,0,0,f_remains_40_7,리엡스나 예배소 터,"(liepsna, 불꽃)",f_remains_40
48128,16384,0,0,0,0,0,0,0,0,0,0,0,0,0,0,0,0,0,0,0,f_remains_40_1,행상인 야영지,삼거리 아래쪽,f_remains_40
49152,40960,0,0,0,0,0,0,0,0,0,0,0,0,0,0,0,0,0,0,0,f_remains_40_2,버려진 농가,삼거리 위쪽,f_remains_40
50176,40960,49152,40960,0,0,0,0,0,0,0,0,0,0,0,0,0,0,0,0,0,f_remains_40_3,양봉꾼의 캠프,네가비스 벌판 지나서,f_remains_40
51200,49152,0,53248,0,0,0,0,0,0,0,0,0,0,0,0,0,0,0,0,0,f_remains_40_4,카르스타 전당 터,"(karsta, 뜨거운)",f_remains_40
52224,40960,32768,49152,0,0,0,0,0,0,0,0,0,0,0,0,0,0,0,0,0,f_remains_40_5,네기바스 벌판,"(negyvas, 죽은)",f_remains_40
53248,0,16384,0,0,0,32768,0,0,0,0,0,0,0,0,0,0,0,0,0,0,f_remains_40_6,무너진 공소,과거 여신 바카리네의 상이 모셔져 있던 작은 공소,f_remains_40
25600,24576,16384,32768,0,0,0,0,0,0,0,0,0,0,0,0,0,0,0,0,0,d_firetower_41_1,봉화,봉화,d_firetower_41
26624,49152,49152,16384,0,0,0,0,0,0,0,0,0,0,0,0,0,0,0,0,0,d_firetower_41_2,공간 이동 마법진,공간 이동 마법진,d_firetower_41
27648,49152,16384,8192,0,0,0,0,0,0,0,0,0,0,0,0,0,0,0,0,0,d_firetower_41_3,대형 이동 마법진,대형 이동 마법진,d_firetower_41
28672,32768,57344,16384,0,0,0,0,0,0,0,0,0,0,0,0,0,0,0,0,0,d_firetower_41_4,방어막 가동 장치,방어막 가동 장치,d_firetower_41
29696,0,57344,49152,0,0,0,0,0,0,0,0,0,0,0,0,0,0,0,0,0,d_firetower_41_5,열람실,긴클라스 퇴치,d_firetower_41
35840,32768,0,49152,0,0,0,0,0,0,0,0,0,0,0,0,0,0,0,0,0,d_firetower_42_1,대 열람실,대열람실,d_firetower_42
36864,16384,0,16384,0,0,0,0,0,0,0,0,0,0,0,0,0,0,0,0,0,d_firetower_42_2,집무실,집무실,d_firetower_42
37888,49152,0,0,0,0,0,0,0,0,0,0,0,0,0,0,0,0,0,0,0,d_firetower_42_3,토론의 장,토론의 장,d_firetower_42
38912,16384,0,4096,0,0,0,0,0,0,0,0,0,0,0,0,0,0,0,0,0,d_firetower_42_4,불꽃 융합기,불꽃 융합기,d_firetower_42
39936,0,0,49152,0,0,0,0,0,0,0,0,0,0,0,0,0,0,0,0,0,d_firetower_42_5,실험실,실험실,d_firetower_42
46080,57344,16384,32768,0,0,0,0,0,0,0,0,0,0,0,0,0,0,0,0,0,d_firetower_43_1,실험실,실험실,d_firetower_43
47104,32768,0,32768,0,0,0,0,0,0,0,0,0,0,0,0,0,0,0,0,0,d_firetower_43_2,중앙 제어실,중앙 제어실,d_firetower_43
48128,0,0,0,0,0,0,0,0,0,0,0,0,0,0,0,0,0,0,0,0,d_firetower_43_3,제1 도서관,제 1 도서관,d_firetower_43
49152,49152,0,32768,0,0,0,0,0,0,0,0,0,0,0,0,0,0,0,0,0,d_firetower_43_4,끓어넘치는 발코니,끓어넘치는 발코니,d_firetower_43
50176,57344,32768,0,0,0,0,0,0,0,0,0,0,0,0,0,0,0,0,0,0,d_firetower_43_5,접견실,접견실,d_firetower_43
56320,0,32768,49152,0,0,0,0,0,0,0,0,0,0,0,0,0,0,0,0,0,d_firetower_44_1,연구실,연구실,d_firetower_44
57344,8192,16384,0,0,0,0,0,0,0,0,0,0,0,0,0,0,0,0,0,0,d_firetower_44_2,녹아내리는 광장,녹아내리는 광장,d_firetower_44
58368,0,0,16384,0,0,0,0,0,0,0,0,0,0,0,0,0,0,0,0,0,d_firetower_44_3,중앙 거대 화로,중앙 거대 화로,d_firetower_44
59392,0,32768,0,0,0,0,0,0,0,0,0,0,0,0,0,0,0,0,0,0,d_firetower_44_4,마력 안정화 장치,마력 안정화 장치,d_firetower_44
60416,57344,49152,16384,0,0,0,0,0,0,0,0,0,0,0,0,0,0,0,0,0,d_firetower_44_5,제1 기계실,기계실,d_firetower_44
61440,16384,32768,0,0,0,0,0,0,0,0,0,0,0,0,0,0,0,0,0,0,d_firetower_44_6,휴게실,휴게실,d_firetower_44
62464,0,32768,40960,0,0,0,0,0,0,0,0,0,0,0,0,0,0,0,0,0,d_firetower_44_7,제2 기계실,제 2 기계실,d_firetower_44
1024,49152,0,57344,0,0,0,0,0,0,0,0,0,0,0,0,0,0,0,0,0,d_firetower_45_1,불의 신당,불의 신당,d_firetower_45
2048,49152,32768,32768,0,0,0,0,0,0,0,0,0,0,0,0,0,0,0,0,0,d_firetower_45_2,접견실,접견실,d_firetower_45
3072,0,0,0,0,0,0,0,0,0,0,0,0,0,0,0,0,0,0,0,0,d_firetower_45_3,소회당,소회당,d_firetower_45
4096,0,0,0,0,0,0,0,0,0,0,0,0,0,0,0,0,0,0,0,0,d_firetower_45_4,열람실,열람실,d_firetower_45
5120,32768,0,61440,0,0,0,0,0,0,0,0,0,0,0,0,0,0,0,0,0,d_firetower_45_5,케튜리듀 대회당,"(keturi du, 4, 2)",d_firetower_45
