ClassID,NeedWiki,Price,SellPrice,Arg1,Arg2,RecipeTime,SuccessRatio,LevelByFail,TargetItemCnt,Item_1_1_Cnt,Item_1_1_Level,Item_2_1_Cnt,Item_2_1_Level,Item_3_1_Cnt,Item_3_1_Level,Item_4_1_Cnt,Item_4_1_Level,Item_5_1_Cnt,Item_5_1_Level,ClassName,Category,Journal,Destroyable,ShopTrade,UserTrade,Icon,RecipeType,Type,FromItem,Monster,MonsterTactics,Dialog,EnableScp,Playanim,TargetItem,Item_1_1,Item_2_1,Item_3_1,Item_4_1,Item_5_1
16384,0,0,0,0,0,0,0,0,0,0,0,0,0,0,0,0,0,0,0,R_timber_01,Recipe,TRUE,YES,YES,YES,icon_item_recipe_misc1,Drag,Action,Drag,Drag,,,,MAKING2,timber_01,wood_01,,,,
32768,0,0,0,0,0,0,0,0,0,0,0,0,0,0,0,0,0,0,0,R_timber_02,Recipe,TRUE,YES,YES,YES,icon_item_recipe_misc1,Drag,Action,Drag,Drag,,,,MAKING2,timber_02,wood_02,,,,
49152,0,0,0,0,0,0,0,0,0,0,0,0,0,0,0,0,0,0,0,R_timber_03,Recipe,TRUE,YES,YES,YES,icon_item_recipe_misc1,Drag,Action,Drag,Drag,,,,MAKING2,timber_03,wood_03,,,,
0,0,0,0,0,0,0,0,0,0,0,0,0,0,0,0,0,0,0,0,R_timber_04,Recipe,TRUE,YES,YES,YES,icon_item_recipe_misc1,Drag,Action,Drag,Drag,,,,MAKING2,timber_04,wood_04,,,,
32768,0,0,0,0,0,0,0,0,0,0,0,0,0,0,0,0,0,0,0,R_drakeResc,Recipe,TRUE,YES,YES,YES,icon_item_recipe_misc1,Drag,Action,Drag,Drag,,,,MAKING2,misc_drakeResc,misc_0100,,,,
8192,0,0,0,0,0,0,0,0,0,0,0,0,0,0,0,0,0,0,0,R_rsc_2_1,Recipe,TRUE,YES,YES,YES,icon_item_recipe_misc1,Drag,Action,Drag,Drag,,,,MAKING2,rsc_2_1,R_rsc_2_1,leaf_hanaming,misc_Grummer,,
16384,0,0,0,0,0,0,0,0,0,0,0,0,0,0,0,0,0,0,0,R_rsc_2_2,Recipe,TRUE,YES,YES,YES,icon_item_recipe_misc1,Drag,Action,Drag,Drag,,,,MAKING2,rsc_2_2,R_rsc_2_2,misc_0015,,,
24576,0,0,0,0,0,0,0,0,0,0,0,0,0,0,0,0,0,0,0,R_rsc_2_3,Recipe,TRUE,YES,YES,YES,icon_item_recipe_misc1,Drag,Action,Drag,Drag,,,,MAKING2,rsc_2_3,R_rsc_2_3,misc_glizardon,,,
32768,0,0,0,0,0,0,0,0,0,0,0,0,0,0,0,0,0,0,0,R_rsc_2_4,Recipe,TRUE,YES,YES,YES,icon_item_recipe_misc1,Drag,Action,Drag,Drag,,,,MAKING2,rsc_2_4,R_rsc_2_4,misc_0048,misc_mallardu,,
40960,0,0,0,0,0,0,0,0,0,0,0,0,0,0,0,0,0,0,0,R_hrsc_2_1,Recipe,TRUE,YES,YES,YES,icon_item_recipe_misc1,Drag,Action,Drag,Drag,,,,MAKING2,hrsc_2_1,R_hrsc_2_1,misc_0059,misc_0105,misc_0065,
49152,0,0,0,0,0,0,0,0,0,0,0,0,0,0,0,0,0,0,0,R_misc_jore12,Recipe,TRUE,YES,YES,YES,icon_item_recipe_misc1,Drag,Action,Drag,Drag,,,,MAKING2,misc_jore12,R_misc_jore12,rsc_2_2,misc_jore09,,
57344,0,0,0,0,0,0,0,0,0,0,0,0,0,0,0,0,0,0,0,R_misc_jore13,Recipe,TRUE,YES,YES,YES,icon_item_recipe_misc1,Drag,Action,Drag,Drag,,,,MAKING2,misc_jore13,R_misc_jore13,rsc_2_2,misc_jore11,,
0,0,32768,0,0,0,0,0,0,0,0,0,0,0,0,0,0,0,0,0,R_rsc_3_1,Recipe,TRUE,YES,YES,YES,icon_item_recipe_misc1,Drag,Action,Drag,Drag,,,,MAKING2,rsc_3_1,R_rsc_3_1,rsc_2_3,misc_ellom,,
8192,0,32768,0,0,0,0,0,0,0,0,0,0,0,0,0,0,0,0,0,R_rsc_3_2,Recipe,TRUE,YES,YES,YES,icon_item_recipe_misc1,Drag,Action,Drag,Drag,,,,MAKING2,rsc_3_2,R_rsc_3_2,rsc_2_4,rsc_2_1,,
16384,0,16384,0,0,0,0,0,0,0,0,0,0,0,0,0,0,0,0,0,R_rsc_4_1,Recipe,TRUE,YES,YES,YES,icon_item_recipe_misc1,Drag,Action,Drag,Drag,,,,MAKING2,rsc_4_1,R_rsc_4_1,rsc_3_1,misc_resin,,
41984,0,0,0,0,0,0,0,0,0,0,0,0,0,0,0,0,0,0,0,R_Bocors_doll,Recipe,TRUE,YES,YES,YES,icon_item_recipe_misc1,Drag,Action,Drag,Drag,,,,MAKING2,Bocors_doll,Bocors_doll_resource1,Bocors_doll_resource2,,,
44032,0,0,0,0,0,0,0,0,0,0,0,0,0,0,0,0,0,0,0,R_TEST2,Recipe,TRUE,YES,YES,YES,icon_item_weapon_misc1,Drag,Action,Drag,Drag,,,,MAKING2,SWD01_102,R_TEST2,misc_ore02,misc_0006,,
17408,0,16384,0,0,0,0,0,0,0,0,0,0,0,0,0,0,0,0,0,R_SWD01_104,Recipe,TRUE,YES,YES,YES,icon_item_weapon_misc1,Drag,Action,Drag,Drag,,,,MAKING2,SWD01_104,R_SWD01_104,misc_ore02,misc_0014,,
18432,0,16384,0,0,0,0,0,0,0,0,0,0,0,0,0,0,0,0,0,R_SWD01_105,Recipe,TRUE,YES,YES,YES,icon_item_weapon_misc1,Drag,Action,Drag,Drag,,,,MAKING2,SWD01_105,R_SWD01_105,misc_ore02,misc_0018,,
19456,0,16384,0,0,0,0,0,0,0,0,0,0,0,0,0,0,0,0,0,R_SWD01_106,Recipe,TRUE,YES,YES,YES,icon_item_weapon_misc1,Drag,Action,Drag,Drag,,,,MAKING2,SWD01_106,R_SWD01_106,misc_ore02,misc_0026,misc_seedmia,misc_0022
20480,0,16384,0,0,0,0,0,0,0,0,0,0,0,0,0,0,0,0,0,R_SWD01_107,Recipe,TRUE,YES,YES,YES,icon_item_weapon_misc1,Drag,Action,Drag,Drag,,,,MAKING2,SWD01_107,R_SWD01_107,misc_ore03,misc_0043,,
21504,0,16384,0,0,0,0,0,0,0,0,0,0,0,0,0,0,0,0,0,R_SWD01_108,Recipe,TRUE,YES,YES,YES,icon_item_weapon_misc1,Drag,Action,Drag,Drag,,,,MAKING2,SWD01_108,R_SWD01_108,misc_ore03,misc_0060,,
22528,0,16384,0,0,0,0,0,0,0,0,0,0,0,0,0,0,0,0,0,R_SWD01_109,Recipe,TRUE,YES,YES,YES,icon_item_weapon_misc1,Drag,Action,Drag,Drag,,,,MAKING2,SWD01_109,R_SWD01_109,misc_ore03,misc_0064,,
23552,0,16384,0,0,0,0,0,0,0,0,0,0,0,0,0,0,0,0,0,R_SWD01_110,Recipe,TRUE,YES,YES,YES,icon_item_weapon_misc1,Drag,Action,Drag,Drag,,,,MAKING2,SWD01_110,R_SWD01_110,misc_ore04,misc_New_desmodus,misc_Lizardman,
24576,0,16384,0,0,0,0,0,0,0,0,0,0,0,0,0,0,0,0,0,R_SWD01_116,Recipe,TRUE,YES,YES,YES,icon_item_weapon_misc1,Drag,Action,Drag,Drag,,,,MAKING2,SWD01_116,R_SWD01_116,misc_ore04,misc_flenrem,misc_0097,
25600,0,16384,0,0,0,0,0,0,0,0,0,0,0,0,0,0,0,0,0,R_SWD02_114,Recipe,TRUE,YES,YES,YES,icon_item_weapon_misc3,Drag,Action,Drag,Drag,,,,MAKING2,SWD02_114,R_SWD02_114,misc_0006,misc_0010,,
26624,0,16384,0,0,0,0,0,0,0,0,0,0,0,0,0,0,0,0,0,R_SWD02_101,Recipe,TRUE,YES,YES,YES,icon_item_weapon_misc3,Drag,Action,Drag,Drag,,,,MAKING2,SWD02_101,R_SWD02_101,misc_pantoSword,,,
27648,0,16384,0,0,0,0,0,0,0,0,0,0,0,0,0,0,0,0,0,R_SWD02_105,Recipe,TRUE,YES,YES,YES,icon_item_weapon_misc3,Drag,Action,Drag,Drag,,,,MAKING2,SWD02_105,R_SWD02_105,misc_ore02,,,
28672,0,16384,0,0,0,0,0,0,0,0,0,0,0,0,0,0,0,0,0,R_SWD02_106,Recipe,TRUE,YES,YES,YES,icon_item_weapon_misc3,Drag,Action,Drag,Drag,,,,MAKING2,SWD02_106,R_SWD02_106,SWD01_103,misc_silverbar,,
29696,0,16384,0,0,0,0,0,0,0,0,0,0,0,0,0,0,0,0,0,R_SWD02_104,Recipe,TRUE,YES,YES,YES,icon_item_weapon_misc3,Drag,Action,Drag,Drag,,,,MAKING2,SWD02_104,R_SWD02_104,SWD01_103,misc_goldbar,,
30720,0,16384,0,0,0,0,0,0,0,0,0,0,0,0,0,0,0,0,0,R_SWD02_107,Recipe,TRUE,YES,YES,YES,icon_item_weapon_misc3,Drag,Action,Drag,Drag,,,,MAKING2,SWD02_107,R_SWD02_107,misc_ore03,food_mandragora,,
31744,0,12288,32768,0,0,0,0,0,0,0,0,0,0,0,0,0,0,0,0,R_SWD02_102,Recipe,TRUE,YES,YES,YES,icon_item_weapon_misc3,Drag,Action,Drag,Drag,,,,MAKING2,SWD02_102,R_SWD02_102,misc_0047,misc_0046,misc_0113,
32768,0,16384,0,0,0,0,0,0,0,0,0,0,0,0,0,0,0,0,0,R_SWD02_108,Recipe,TRUE,YES,YES,YES,icon_item_weapon_misc3,Drag,Action,Drag,Drag,,,,MAKING2,SWD02_108,R_SWD02_108,rsc_3_1,gem_square_1,,
35840,0,16384,0,0,0,0,0,0,0,0,0,0,0,0,0,0,0,0,0,R_SWD02_111,Recipe,TRUE,YES,YES,YES,icon_item_weapon_misc3,Drag,Action,Drag,Drag,,,,MAKING2,SWD02_111,R_SWD02_111,SWD02_102,misc_ore04,,
38912,0,54272,0,0,0,0,0,0,0,0,0,0,0,0,0,0,0,0,0,R_SWD03_101,Recipe,TRUE,YES,YES,YES,icon_item_weapon_misc4,Drag,Action,Drag,Drag,,,,MAKING2,SWD03_101,R_SWD03_101,SWD02_105,SWD02_106,SWD02_104,rsc_2_2
40960,0,16384,0,0,0,0,0,0,0,0,0,0,0,0,0,0,0,0,0,R_SWD03_103,Recipe,TRUE,YES,YES,YES,icon_item_weapon_misc4,Drag,Action,Drag,Drag,,,,MAKING2,SWD03_103,R_SWD03_103,SWD02_112,SWD02_101,,
41984,0,16384,0,0,0,0,0,0,0,0,0,0,0,0,0,0,0,0,0,R_SWD03_104,Recipe,TRUE,YES,YES,YES,icon_item_weapon_misc4,Drag,Action,Drag,Drag,,,,MAKING2,SWD03_104,R_SWD03_104,SWD02_113,rsc_2_1,rsc_2_4,
44032,0,16384,0,0,0,0,0,0,0,0,0,0,0,0,0,0,0,0,0,R_SWD04_101,Recipe,TRUE,YES,YES,YES,icon_item_weapon_misc5,Drag,Action,Drag,Drag,,,,MAKING2,SWD04_101,R_SWD04_101,SWD03_101,SWD02_109,SWD03_103,rsc_4_1
45056,0,16384,0,0,0,0,0,0,0,0,0,0,0,0,0,0,0,0,0,R_SWD04_102,Recipe,TRUE,YES,YES,YES,icon_item_weapon_misc5,Drag,Action,Drag,Drag,,,,MAKING2,SWD04_102,R_SWD04_102,hrsc_2_1,misc_0115,misc_Rudas_loxodon3,misc_Sauga_s3
46080,0,0,0,0,0,0,0,0,0,0,0,0,0,0,0,0,0,0,0,R_SWD02_115,Recipe,TRUE,YES,YES,NO,icon_item_weapon_misc3,Drag,Action,Drag,Drag,,,,MAKING2,SWD02_115,R_SWD02_115,misc_0006,misc_ore02,,
58368,0,32768,0,0,0,0,0,0,0,0,0,0,0,0,0,0,0,0,0,R_SWD02_116,Recipe,TRUE,YES,YES,NO,icon_item_weapon_misc3,Drag,Action,Drag,Drag,,,,MAKING2,SWD02_116,R_SWD02_116,misc_ore02,misc_0013,,
59392,0,61440,32768,0,0,0,0,0,0,0,0,0,0,0,0,0,0,0,0,R_SWD02_117,Recipe,TRUE,YES,YES,NO,icon_item_weapon_misc3,Drag,Action,Drag,Drag,,,,MAKING2,SWD02_117,R_SWD02_117,misc_ore02,misc_0018,,
58368,0,16384,0,0,0,0,0,0,0,0,0,0,0,0,0,0,0,0,0,R_TSW01_102,Recipe,TRUE,YES,YES,YES,icon_item_weapon_misc1,Drag,Action,Drag,Drag,,,,MAKING2,TSW01_102,R_TSW01_102,misc_ore02,,,
59392,0,16384,0,0,0,0,0,0,0,0,0,0,0,0,0,0,0,0,0,R_TSW01_103,Recipe,TRUE,YES,YES,YES,icon_item_weapon_misc1,Drag,Action,Drag,Drag,,,,MAKING2,TSW01_103,R_TSW01_103,misc_ore02,misc_puragi,,
60416,0,16384,0,0,0,0,0,0,0,0,0,0,0,0,0,0,0,0,0,R_TSW01_104,Recipe,TRUE,YES,YES,YES,icon_item_weapon_misc1,Drag,Action,Drag,Drag,,,,MAKING2,TSW01_104,R_TSW01_104,misc_ore02,misc_0025,,
61440,0,16384,0,0,0,0,0,0,0,0,0,0,0,0,0,0,0,0,0,R_TSW01_105,Recipe,TRUE,YES,YES,YES,icon_item_weapon_misc1,Drag,Action,Drag,Drag,,,,MAKING2,TSW01_105,R_TSW01_105,misc_ore03,misc_0102,,
62464,0,16384,0,0,0,0,0,0,0,0,0,0,0,0,0,0,0,0,0,R_TSW01_106,Recipe,TRUE,YES,YES,YES,icon_item_weapon_misc1,Drag,Action,Drag,Drag,,,,MAKING2,TSW01_106,R_TSW01_106,misc_ore03,misc_Dumaro,,
63488,0,16384,0,0,0,0,0,0,0,0,0,0,0,0,0,0,0,0,0,R_TSW01_107,Recipe,TRUE,YES,YES,YES,icon_item_weapon_misc1,Drag,Action,Drag,Drag,,,,MAKING2,TSW01_107,R_TSW01_107,misc_ore03,misc_0065,,
64512,0,16384,0,0,0,0,0,0,0,0,0,0,0,0,0,0,0,0,0,R_TSW01_108,Recipe,TRUE,YES,YES,YES,icon_item_weapon_misc1,Drag,Action,Drag,Drag,,,,MAKING2,TSW01_108,R_TSW01_108,misc_ore04,misc_schlesien_darkmage,,
0,0,16384,0,0,0,0,0,0,0,0,0,0,0,0,0,0,0,0,0,R_TSW01_111,Recipe,TRUE,YES,YES,YES,icon_item_weapon_misc1,Drag,Action,Drag,Drag,,,,MAKING2,TSW01_111,R_TSW01_111,misc_ore04,misc_0086,,
1024,0,16384,0,0,0,0,0,0,0,0,0,0,0,0,0,0,0,0,0,R_TSW02_102,Recipe,TRUE,YES,YES,YES,icon_item_weapon_misc3,Drag,Action,Drag,Drag,,,,MAKING2,TSW02_102,R_TSW02_102,misc_0019,misc_0018,,
2048,0,16384,0,0,0,0,0,0,0,0,0,0,0,0,0,0,0,0,0,R_TSW02_101,Recipe,TRUE,YES,YES,YES,icon_item_weapon_misc3,Drag,Action,Drag,Drag,,,,MAKING2,TSW02_101,R_TSW02_101,misc_ore02,,,
3072,0,62976,32768,0,0,0,0,0,0,0,0,0,0,0,0,0,0,0,0,R_TSW02_103,Recipe,TRUE,YES,YES,YES,icon_item_weapon_misc3,Drag,Action,Drag,Drag,,,,MAKING2,TSW02_103,R_TSW02_103,misc_ore03,misc_Corylus,rsc_2_1,
5120,0,16384,0,0,0,0,0,0,0,0,0,0,0,0,0,0,0,0,0,R_TSW02_105,Recipe,TRUE,YES,YES,YES,icon_item_weapon_misc3,Drag,Action,Drag,Drag,,,,MAKING2,TSW02_105,R_TSW02_105,misc_ore03,misc_warleader_hogma,,
7168,0,16384,0,0,0,0,0,0,0,0,0,0,0,0,0,0,0,0,0,R_TSW02_107,Recipe,TRUE,YES,YES,YES,icon_item_weapon_misc3,Drag,Action,Drag,Drag,,,,MAKING2,TSW02_107,R_TSW02_107,TSW02_102,TSW02_103,,
10240,0,16384,0,0,0,0,0,0,0,0,0,0,0,0,0,0,0,0,0,R_TSW02_110,Recipe,TRUE,YES,YES,YES,icon_item_weapon_misc3,Drag,Action,Drag,Drag,,,,MAKING2,TSW02_110,R_TSW02_110,TSW02_109,TSW02_101,,
11264,0,16384,0,0,0,0,0,0,0,0,0,0,0,0,0,0,0,0,0,R_TSW02_111,Recipe,TRUE,YES,YES,YES,icon_item_weapon_misc3,Drag,Action,Drag,Drag,,,,MAKING2,TSW02_111,R_TSW02_111,rsc_2_1,rsc_3_1,,
12288,0,16384,0,0,0,0,0,0,0,0,0,0,0,0,0,0,0,0,0,R_TSW03_101,Recipe,TRUE,YES,YES,YES,icon_item_weapon_misc4,Drag,Action,Drag,Drag,,,,MAKING2,TSW03_101,R_TSW03_101,TSW01_108,TSW01_105,TSW01_106,TSW01_105
13312,0,16384,0,0,0,0,0,0,0,0,0,0,0,0,0,0,0,0,0,R_TSW03_102,Recipe,TRUE,YES,YES,YES,icon_item_weapon_misc4,Drag,Action,Drag,Drag,,,,MAKING2,TSW03_102,R_TSW03_102,SWD02_108,rsc_4_1,,
15360,0,16384,0,0,0,0,0,0,0,0,0,0,0,0,0,0,0,0,0,R_TSW03_104,Recipe,TRUE,YES,YES,YES,icon_item_weapon_misc4,Drag,Action,Drag,Drag,,,,MAKING2,TSW03_104,R_TSW03_104,TSW02_107,TSW02_110,,rsc_4_1
16384,0,16384,0,0,0,0,0,0,0,0,0,0,0,0,0,0,0,0,0,R_TSW03_105,Recipe,TRUE,YES,YES,YES,icon_item_weapon_misc4,Drag,Action,Drag,Drag,,,,MAKING2,TSW03_105,R_TSW03_105,TSW02_104,TSW01_106,,
17408,0,16384,0,0,0,0,0,0,0,0,0,0,0,0,0,0,0,0,0,R_TSW04_101,Recipe,TRUE,YES,YES,YES,icon_item_weapon_misc5,Drag,Action,Drag,Drag,,,,MAKING2,TSW04_101,R_TSW04_101,TSW03_103,TSW03_104,,
25600,0,16384,0,0,0,0,0,0,0,0,0,0,0,0,0,0,0,0,0,R_TSW02_112,Recipe,TRUE,YES,YES,YES,icon_item_weapon_misc3,Drag,Action,Drag,Drag,,,,MAKING2,TSW02_112,R_TSW02_112,misc_ore02,misc_0013,,
26624,0,40960,16384,0,0,0,0,0,0,0,0,0,0,0,0,0,0,0,0,R_TSW02_113,Recipe,TRUE,YES,YES,YES,icon_item_weapon_misc3,Drag,Action,Drag,Drag,,,,MAKING2,TSW02_113,R_TSW02_113,misc_ore02,misc_0018,,
34816,0,16384,0,0,0,0,0,0,0,0,0,0,0,0,0,0,0,0,0,R_STF01_104,Recipe,TRUE,YES,YES,YES,icon_item_weapon_misc1,Drag,Action,Drag,Drag,,,,MAKING2,STF01_104,R_STF01_104,misc_ore02,misc_0013,,
35840,0,16384,0,0,0,0,0,0,0,0,0,0,0,0,0,0,0,0,0,R_STF01_105,Recipe,TRUE,YES,YES,YES,icon_item_weapon_misc1,Drag,Action,Drag,Drag,,,,MAKING2,STF01_105,R_STF01_105,misc_leafly,misc_seedmia,,
36864,0,16384,0,0,0,0,0,0,0,0,0,0,0,0,0,0,0,0,0,R_STF01_106,Recipe,TRUE,YES,YES,YES,icon_item_weapon_misc1,Drag,Action,Drag,Drag,,,,MAKING2,STF01_106,R_STF01_106,misc_glizardon,,,
37888,0,16384,0,0,0,0,0,0,0,0,0,0,0,0,0,0,0,0,0,R_STF01_107,Recipe,TRUE,YES,YES,YES,icon_item_weapon_misc1,Drag,Action,Drag,Drag,,,,MAKING2,STF01_107,R_STF01_107,misc_0102,misc_0049,,
38912,0,16384,0,0,0,0,0,0,0,0,0,0,0,0,0,0,0,0,0,R_STF01_108,Recipe,TRUE,YES,YES,YES,icon_item_weapon_misc1,Drag,Action,Drag,Drag,,,,MAKING2,STF01_108,R_STF01_108,misc_ore03,misc_0056,,
39936,0,16384,0,0,0,0,0,0,0,0,0,0,0,0,0,0,0,0,0,R_STF01_109,Recipe,TRUE,YES,YES,YES,icon_item_weapon_misc1,Drag,Action,Drag,Drag,,,,MAKING2,STF01_109,R_STF01_109,misc_raffly-b,misc_Tontulia,,
40960,0,16384,0,0,0,0,0,0,0,0,0,0,0,0,0,0,0,0,0,R_STF01_110,Recipe,TRUE,YES,YES,YES,icon_item_weapon_misc1,Drag,Action,Drag,Drag,,,,MAKING2,STF01_110,R_STF01_110,misc_New_desmodus,misc_raffly,,
41984,0,16384,0,0,0,0,0,0,0,0,0,0,0,0,0,0,0,0,0,R_STF01_116,Recipe,TRUE,YES,YES,YES,icon_item_weapon_misc1,Drag,Action,Drag,Drag,,,,MAKING2,STF01_116,R_STF01_116,misc_ore04,misc_0081,misc_Armory,
44032,0,32768,0,0,0,0,0,0,0,0,0,0,0,0,0,0,0,0,0,R_STF02_102,Recipe,TRUE,YES,YES,YES,icon_item_weapon_misc3,Drag,Action,Drag,Drag,,,,MAKING2,STF02_102,R_STF02_102,misc_Bushspider_purple,gem_square_1,,
45056,0,16384,0,0,0,0,0,0,0,0,0,0,0,0,0,0,0,0,0,R_STF02_103,Recipe,TRUE,YES,YES,YES,icon_item_weapon_misc3,Drag,Action,Drag,Drag,,,,MAKING2,STF02_103,R_STF02_103,misc_0022,gem_circle_1,,
46080,0,16384,0,0,0,0,0,0,0,0,0,0,0,0,0,0,0,0,0,R_STF02_104,Recipe,TRUE,YES,YES,YES,icon_item_weapon_misc3,Drag,Action,Drag,Drag,,,,MAKING2,STF02_104,R_STF02_104,misc_banshee,rsc_3_1,,
47104,0,16384,0,0,0,0,0,0,0,0,0,0,0,0,0,0,0,0,0,R_STF02_105,Recipe,TRUE,YES,YES,YES,icon_item_weapon_misc3,Drag,Action,Drag,Drag,,,,MAKING2,STF02_105,R_STF02_105,rsc_2_2,rsc_2_1,,
50176,0,16384,0,0,0,0,0,0,0,0,0,0,0,0,0,0,0,0,0,R_STF02_108,Recipe,TRUE,YES,YES,YES,icon_item_weapon_misc3,Drag,Action,Drag,Drag,,,,MAKING2,STF02_108,R_STF02_108,STF01_110,misc_jore05,rsc_3_2,
53248,0,16384,0,0,0,0,0,0,0,0,0,0,0,0,0,0,0,0,0,R_STF03_102,Recipe,TRUE,YES,YES,YES,icon_item_weapon_misc4,Drag,Action,Drag,Drag,,,,MAKING2,STF03_102,R_STF03_102,STF02_103,misc_jore12,,
54272,0,16384,0,0,0,0,0,0,0,0,0,0,0,0,0,0,0,0,0,R_STF03_103,Recipe,TRUE,YES,YES,YES,icon_item_weapon_misc4,Drag,Action,Drag,Drag,,,,MAKING2,STF03_103,R_STF03_103,gem_circle_1,gem_square_1,rsc_4_1,
55296,0,16384,0,0,0,0,0,0,0,0,0,0,0,0,0,0,0,0,0,R_STF04_101,Recipe,TRUE,YES,YES,YES,icon_item_weapon_misc5,Drag,Action,Drag,Drag,,,,MAKING2,STF04_101,R_STF04_101,STF02_102,misc_jore13,card_Glass_mole,
57344,0,0,0,0,0,0,0,0,0,0,0,0,0,0,0,0,0,0,0,R_STF02_110,Recipe,TRUE,YES,YES,NO,icon_item_weapon_misc3,Drag,Action,Drag,Drag,,,,MAKING2,STF02_110,R_STF02_110,misc_0008,misc_ore02,,
4096,0,32768,0,0,0,0,0,0,0,0,0,0,0,0,0,0,0,0,0,R_STF02_111,Recipe,TRUE,YES,YES,NO,icon_item_weapon_misc3,Drag,Action,Drag,Drag,,,,MAKING2,STF02_111,R_STF02_111,misc_ore02,misc_0013,,
5120,0,61440,32768,0,0,0,0,0,0,0,0,0,0,0,0,0,0,0,0,R_STF02_112,Recipe,TRUE,YES,YES,NO,icon_item_weapon_misc3,Drag,Action,Drag,Drag,,,,MAKING2,STF02_112,R_STF02_112,misc_ore02,misc_0018,,
10240,0,16384,0,0,0,0,0,0,0,0,0,0,0,0,0,0,0,0,0,R_TSF01_102,Recipe,TRUE,YES,YES,YES,icon_item_weapon_misc1,Drag,Action,Drag,Drag,,,,MAKING2,TSF01_102,R_TSF01_102,misc_0010,misc_0013,,
11264,0,16384,0,0,0,0,0,0,0,0,0,0,0,0,0,0,0,0,0,R_TSF01_103,Recipe,TRUE,YES,YES,YES,icon_item_weapon_misc1,Drag,Action,Drag,Drag,,,,MAKING2,TSF01_103,R_TSF01_103,misc_0018,misc_humming_bud,,
12288,0,16384,0,0,0,0,0,0,0,0,0,0,0,0,0,0,0,0,0,R_TSF01_104,Recipe,TRUE,YES,YES,YES,icon_item_weapon_misc1,Drag,Action,Drag,Drag,,,,MAKING2,TSF01_104,R_TSF01_104,misc_Corylus,,,
13312,0,16384,0,0,0,0,0,0,0,0,0,0,0,0,0,0,0,0,0,R_TSF01_105,Recipe,TRUE,YES,YES,YES,icon_item_weapon_misc1,Drag,Action,Drag,Drag,,,,MAKING2,TSF01_105,R_TSF01_105,misc_0046,misc_Ammon,,
14336,0,16384,0,0,0,0,0,0,0,0,0,0,0,0,0,0,0,0,0,R_TSF01_106,Recipe,TRUE,YES,YES,YES,icon_item_weapon_misc1,Drag,Action,Drag,Drag,,,,MAKING2,TSF01_106,R_TSF01_106,wood_01,misc_Ticen,,
15360,0,16384,0,0,0,0,0,0,0,0,0,0,0,0,0,0,0,0,0,R_TSF01_107,Recipe,TRUE,YES,YES,YES,icon_item_weapon_misc1,Drag,Action,Drag,Drag,,,,MAKING2,TSF01_107,R_TSF01_107,misc_0105,misc_0104,misc_TerraNymph,
16384,0,16384,0,0,0,0,0,0,0,0,0,0,0,0,0,0,0,0,0,R_TSF01_108,Recipe,TRUE,YES,YES,YES,icon_item_weapon_misc1,Drag,Action,Drag,Drag,,,,MAKING2,TSF01_108,R_TSF01_108,misc_ore04,misc_schlesien_darkmage,,
17408,0,16384,0,0,0,0,0,0,0,0,0,0,0,0,0,0,0,0,0,R_TSF01_109,Recipe,TRUE,YES,YES,YES,icon_item_weapon_misc3,Drag,Action,Drag,Drag,,,,MAKING2,TSF01_109,R_TSF01_109,misc_chromadog,misc_jore13,,
18432,0,16384,0,0,0,0,0,0,0,0,0,0,0,0,0,0,0,0,0,R_TSF02_110,Recipe,TRUE,YES,YES,YES,icon_item_weapon_misc3,Drag,Action,Drag,Drag,,,,MAKING2,TSF02_110,R_TSF02_110,TSF01_101,,,
19456,0,16384,0,0,0,0,0,0,0,0,0,0,0,0,0,0,0,0,0,R_TSF02_101,Recipe,TRUE,YES,YES,YES,icon_item_weapon_misc3,Drag,Action,Drag,Drag,,,,MAKING2,TSF02_101,R_TSF02_101,TSF01_105,misc_jore13,,
20480,0,16384,0,0,0,0,0,0,0,0,0,0,0,0,0,0,0,0,0,R_TSF02_102,Recipe,TRUE,YES,YES,YES,icon_item_weapon_misc3,Drag,Action,Drag,Drag,,,,MAKING2,TSF02_102,R_TSF02_102,TSF01_103,misc_0026,,
21504,0,16384,0,0,0,0,0,0,0,0,0,0,0,0,0,0,0,0,0,R_TSF02_103,Recipe,TRUE,YES,YES,YES,icon_item_weapon_misc3,Drag,Action,Drag,Drag,,,,MAKING2,TSF02_103,R_TSF02_103,misc_jore12,misc_ore08,,
22528,0,8192,49152,0,0,0,0,0,0,0,0,0,0,0,0,0,0,0,0,R_TSF02_104,Recipe,TRUE,YES,YES,YES,icon_item_weapon_misc3,Drag,Action,Drag,Drag,,,,MAKING2,TSF02_104,R_TSF02_104,TSF02_101,misc_jore13,,
24576,0,16384,0,0,0,0,0,0,0,0,0,0,0,0,0,0,0,0,0,R_TSF02_106,Recipe,TRUE,YES,YES,YES,icon_item_weapon_misc3,Drag,Action,Drag,Drag,,,,MAKING2,TSF02_106,R_TSF02_106,TSF02_103,misc_jore12,rsc_2_2,
25600,0,8192,0,0,0,0,0,0,0,0,0,0,0,0,0,0,0,0,0,R_TSF02_107,Recipe,TRUE,YES,YES,YES,icon_item_weapon_misc3,Drag,Action,Drag,Drag,,,,MAKING2,TSF02_107,R_TSF02_107,misc_0075,misc_0109,,
27648,0,16384,0,0,0,0,0,0,0,0,0,0,0,0,0,0,0,0,0,R_TSF02_109,Recipe,TRUE,YES,YES,YES,icon_item_weapon_misc4,Drag,Action,Drag,Drag,,,,MAKING2,TSF02_109,R_TSF02_109,rsc_2_4,misc_Tama,,
28672,0,16384,0,0,0,0,0,0,0,0,0,0,0,0,0,0,0,0,0,R_TSF03_101,Recipe,TRUE,YES,YES,YES,icon_item_weapon_misc4,Drag,Action,Drag,Drag,,,,MAKING2,TSF03_101,R_TSF03_101,TSF02_102,misc_0071,,
29696,0,16384,0,0,0,0,0,0,0,0,0,0,0,0,0,0,0,0,0,R_TSF03_102,Recipe,TRUE,YES,YES,YES,icon_item_weapon_misc4,Drag,Action,Drag,Drag,,,,MAKING2,TSF03_102,R_TSF03_102,TSF02_104,misc_jore13,misc_ellom2,
30720,0,16384,0,0,0,0,0,0,0,0,0,0,0,0,0,0,0,0,0,R_TSF03_103,Recipe,TRUE,YES,YES,YES,icon_item_weapon_misc4,Drag,Action,Drag,Drag,,,,MAKING2,TSF03_103,R_TSF03_103,TSF02_106,misc_jore12,rsc_4_1,
32768,0,16384,0,0,0,0,0,0,0,0,0,0,0,0,0,0,0,0,0,R_TSF03_105,Recipe,TRUE,YES,YES,YES,icon_item_weapon_misc5,Drag,Action,Drag,Drag,,,,MAKING2,TSF03_105,R_TSF03_105,TSF03_104,,misc_0077,
33792,0,16384,0,0,0,0,0,0,0,0,0,0,0,0,0,0,0,0,0,R_TSF04_101,Recipe,TRUE,YES,YES,YES,icon_item_weapon_misc5,Drag,Action,Drag,Drag,,,,MAKING2,TSF04_101,R_TSF04_101,TSF03_101,TSF02_109,rsc_4_1,
34816,0,16384,0,0,0,0,0,0,0,0,0,0,0,0,0,0,0,0,0,R_TSF04_102,Recipe,TRUE,YES,YES,YES,icon_item_weapon_misc5,Drag,Action,Drag,Drag,,,,MAKING2,TSF04_102,R_TSF04_102,TSF03_105,card_TombLord,hrsc_2_1,misc_jore17
43008,0,16384,0,0,0,0,0,0,0,0,0,0,0,0,0,0,0,0,0,R_TSF02_111,Recipe,TRUE,YES,YES,YES,icon_item_weapon_misc3,Drag,Action,Drag,Drag,,,,MAKING2,TSF02_111,R_TSF02_111,misc_ore02,misc_0013,,
44032,0,40960,16384,0,0,0,0,0,0,0,0,0,0,0,0,0,0,0,0,R_TSF02_112,Recipe,TRUE,YES,YES,YES,icon_item_weapon_misc3,Drag,Action,Drag,Drag,,,,MAKING2,TSF02_112,R_TSF02_112,misc_ore02,misc_0018,,
50176,0,16384,0,0,0,0,0,0,0,0,0,0,0,0,0,0,0,0,0,R_TBW01_104,Recipe,TRUE,YES,YES,YES,icon_item_weapon_misc1,Drag,Action,Drag,Drag,,,,MAKING2,TBW01_104,R_TBW01_104,misc_0013,misc_0119,,
51200,0,16384,0,0,0,0,0,0,0,0,0,0,0,0,0,0,0,0,0,R_TBW01_105,Recipe,TRUE,YES,YES,YES,icon_item_weapon_misc1,Drag,Action,Drag,Drag,,,,MAKING2,TBW01_105,R_TBW01_105,misc_0018,misc_0022,,
52224,0,16384,0,0,0,0,0,0,0,0,0,0,0,0,0,0,0,0,0,R_TBW01_106,Recipe,TRUE,YES,YES,YES,icon_item_weapon_misc1,Drag,Action,Drag,Drag,,,,MAKING2,TBW01_106,R_TBW01_106,misc_glizardon,,,
53248,0,16384,0,0,0,0,0,0,0,0,0,0,0,0,0,0,0,0,0,R_TBW01_107,Recipe,TRUE,YES,YES,YES,icon_item_weapon_misc1,Drag,Action,Drag,Drag,,,,MAKING2,TBW01_107,R_TBW01_107,misc_Mentiwood,,,
54272,0,16384,0,0,0,0,0,0,0,0,0,0,0,0,0,0,0,0,0,R_TBW01_108,Recipe,TRUE,YES,YES,YES,icon_item_weapon_misc1,Drag,Action,Drag,Drag,,,,MAKING2,TBW01_108,R_TBW01_108,misc_0055,wood_01,,
55296,0,16384,0,0,0,0,0,0,0,0,0,0,0,0,0,0,0,0,0,R_TBW01_109,Recipe,TRUE,YES,YES,YES,icon_item_weapon_misc1,Drag,Action,Drag,Drag,,,,MAKING2,TBW01_109,R_TBW01_109,misc_ore03,misc_0060,misc_0061,
56320,0,16384,0,0,0,0,0,0,0,0,0,0,0,0,0,0,0,0,0,R_TBW01_110,Recipe,TRUE,YES,YES,YES,icon_item_weapon_misc1,Drag,Action,Drag,Drag,,,,MAKING2,TBW01_110,R_TBW01_110,misc_Tama,misc_0074,,
57344,0,16384,0,0,0,0,0,0,0,0,0,0,0,0,0,0,0,0,0,R_TBW01_116,Recipe,TRUE,YES,YES,YES,icon_item_weapon_misc1,Drag,Action,Drag,Drag,,,,MAKING2,TBW01_116,R_TBW01_116,misc_0083,misc_bubbe_fighter,,
58368,0,16384,0,0,0,0,0,0,0,0,0,0,0,0,0,0,0,0,0,R_TBW02_111,Recipe,TRUE,YES,YES,YES,icon_item_weapon_misc3,Drag,Action,Drag,Drag,,,,MAKING2,TBW02_111,R_TBW02_111,misc_0002,misc_0013,,
60416,0,22528,0,0,0,0,0,0,0,0,0,0,0,0,0,0,0,0,0,R_TBW02_102,Recipe,TRUE,YES,YES,YES,icon_item_weapon_misc3,Drag,Action,Drag,Drag,,,,MAKING2,TBW02_102,R_TBW02_102,misc_Corylus,misc_ore02,,
61440,0,16384,0,0,0,0,0,0,0,0,0,0,0,0,0,0,0,0,0,R_TBW02_103,Recipe,TRUE,YES,YES,YES,icon_item_weapon_misc3,Drag,Action,Drag,Drag,,,,MAKING2,TBW02_103,R_TBW02_103,misc_0058,rsc_2_4,,
63488,0,16384,0,0,0,0,0,0,0,0,0,0,0,0,0,0,0,0,0,R_TBW02_105,Recipe,TRUE,YES,YES,YES,icon_item_weapon_misc3,Drag,Action,Drag,Drag,,,,MAKING2,TBW02_105,R_TBW02_105,rsc_3_2,rsc_2_3,,
0,0,61440,57344,0,0,0,0,0,0,0,0,0,0,0,0,0,0,0,0,R_TBW02_107,Recipe,TRUE,YES,YES,YES,icon_item_weapon_misc3,Drag,Action,Drag,Drag,,,,MAKING2,TBW02_107,R_TBW02_107,misc_New_desmodus,misc_Lizardman2,misc_Velwriggler,
1024,0,16384,0,0,0,0,0,0,0,0,0,0,0,0,0,0,0,0,0,R_TBW02_108,Recipe,TRUE,YES,YES,YES,icon_item_weapon_misc3,Drag,Action,Drag,Drag,,,,MAKING2,TBW02_108,R_TBW02_108,misc_rafflesia_purple,misc_groll2,misc_0126,
3072,0,16384,0,0,0,0,0,0,0,0,0,0,0,0,0,0,0,0,0,R_TBW02_110,Recipe,TRUE,YES,YES,YES,icon_item_weapon_misc3,Drag,Action,Drag,Drag,,,,MAKING2,TBW02_110,R_TBW02_110,rsc_3_2,rsc_4_1,,
4096,0,16384,0,0,0,0,0,0,0,0,0,0,0,0,0,0,0,0,0,R_TBW03_101,Recipe,TRUE,YES,YES,YES,icon_item_weapon_misc4,Drag,Action,Drag,Drag,,,,MAKING2,TBW03_101,R_TBW03_101,misc_Ultanun,misc_Rudas_loxodon2,misc_bat2,
5120,0,16384,0,0,0,0,0,0,0,0,0,0,0,0,0,0,0,0,0,R_TBW03_102,Recipe,TRUE,YES,YES,YES,icon_item_weapon_misc4,Drag,Action,Drag,Drag,,,,MAKING2,TBW03_102,R_TBW03_102,TBW02_106,misc_ore07,misc_ore09,
6144,0,16384,0,0,0,0,0,0,0,0,0,0,0,0,0,0,0,0,0,R_TBW03_103,Recipe,TRUE,YES,YES,YES,icon_item_weapon_misc4,Drag,Action,Drag,Drag,,,,MAKING2,TBW03_103,R_TBW03_103,TBW02_101,misc_glizardon2,misc_0078,
7168,0,16384,0,0,0,0,0,0,0,0,0,0,0,0,0,0,0,0,0,R_TBW03_104,Recipe,TRUE,YES,YES,YES,icon_item_weapon_misc4,Drag,Action,Drag,Drag,,,,MAKING2,TBW03_104,R_TBW03_104,food_mandragora,,,
8192,0,16384,0,0,0,0,0,0,0,0,0,0,0,0,0,0,0,0,0,R_TBW04_101,Recipe,TRUE,YES,YES,YES,icon_item_weapon_misc5,Drag,Action,Drag,Drag,,,,MAKING2,TBW04_101,R_TBW04_101,misc_jore10,misc_bubeBlood,misc_bubeWarriorBlood,
9216,0,16384,0,0,0,0,0,0,0,0,0,0,0,0,0,0,0,0,0,R_TBW04_102,Recipe,TRUE,YES,YES,YES,icon_item_weapon_misc5,Drag,Action,Drag,Drag,,,,MAKING2,TBW04_102,R_TBW04_102,TBW02_103,TBW02_110,TBW02_107,
10240,0,0,0,0,0,0,0,0,0,0,0,0,0,0,0,0,0,0,0,R_TBW02_112,Recipe,TRUE,YES,YES,NO,icon_item_weapon_misc3,Drag,Action,Drag,Drag,,,,MAKING2,TBW02_112,R_TBW02_112,misc_0006,misc_ore02,,
11264,0,16384,0,0,0,0,0,0,0,0,0,0,0,0,0,0,0,0,0,R_TBW02_113,Recipe,TRUE,YES,YES,YES,icon_item_weapon_misc3,Drag,Action,Drag,Drag,,,,MAKING2,TBW02_113,R_TBW02_113,misc_0106,misc_ore02,,
23552,0,16384,0,0,0,0,0,0,0,0,0,0,0,0,0,0,0,0,0,R_TBW02_114,Recipe,TRUE,YES,YES,YES,icon_item_weapon_misc3,Drag,Action,Drag,Drag,,,,MAKING2,TBW02_114,R_TBW02_114,misc_ore02,misc_0013,,
24576,0,40960,16384,0,0,0,0,0,0,0,0,0,0,0,0,0,0,0,0,R_TBW02_115,Recipe,TRUE,YES,YES,YES,icon_item_weapon_misc3,Drag,Action,Drag,Drag,,,,MAKING2,TBW02_115,R_TBW02_115,misc_ore02,misc_0018,,
27648,0,16384,0,0,0,0,0,0,0,0,0,0,0,0,0,0,0,0,0,R_BOW01_102,Recipe,TRUE,YES,YES,YES,icon_item_weapon_misc1,Drag,Action,Drag,Drag,,,,MAKING2,BOW01_102,R_BOW01_102,misc_0015,misc_0016,,
28672,0,16384,0,0,0,0,0,0,0,0,0,0,0,0,0,0,0,0,0,R_BOW01_103,Recipe,TRUE,YES,YES,YES,icon_item_weapon_misc1,Drag,Action,Drag,Drag,,,,MAKING2,BOW01_103,R_BOW01_103,misc_humming_bud,misc_puragi,,
29696,0,16384,0,0,0,0,0,0,0,0,0,0,0,0,0,0,0,0,0,R_BOW01_104,Recipe,TRUE,YES,YES,YES,icon_item_weapon_misc1,Drag,Action,Drag,Drag,,,,MAKING2,BOW01_104,R_BOW01_104,misc_0026,,,
30720,0,16384,0,0,0,0,0,0,0,0,0,0,0,0,0,0,0,0,0,R_BOW01_105,Recipe,TRUE,YES,YES,YES,icon_item_weapon_misc1,Drag,Action,Drag,Drag,,,,MAKING2,BOW01_105,R_BOW01_105,misc_0122,misc_0048,,
31744,0,16384,0,0,0,0,0,0,0,0,0,0,0,0,0,0,0,0,0,R_BOW01_106,Recipe,TRUE,YES,YES,YES,icon_item_weapon_misc1,Drag,Action,Drag,Drag,,,,MAKING2,BOW01_106,R_BOW01_106,wood_01,misc_0061,,
32768,0,16384,0,0,0,0,0,0,0,0,0,0,0,0,0,0,0,0,0,R_BOW01_107,Recipe,TRUE,YES,YES,YES,icon_item_weapon_misc1,Drag,Action,Drag,Drag,,,,MAKING2,BOW01_107,R_BOW01_107,misc_0062,misc_raffly-b,,
33792,0,16384,0,0,0,0,0,0,0,0,0,0,0,0,0,0,0,0,0,R_BOW01_108,Recipe,TRUE,YES,YES,YES,icon_item_weapon_misc1,Drag,Action,Drag,Drag,,,,MAKING2,BOW01_108,R_BOW01_108,misc_ore04,misc_Lizardman,,
34816,0,16384,0,0,0,0,0,0,0,0,0,0,0,0,0,0,0,0,0,R_BOW01_111,Recipe,TRUE,YES,YES,YES,icon_item_weapon_misc1,Drag,Action,Drag,Drag,,,,MAKING2,BOW01_111,R_BOW01_111,misc_Armory,misc_Cockatries,,
35840,0,16384,0,0,0,0,0,0,0,0,0,0,0,0,0,0,0,0,0,R_BOW02_101,Recipe,TRUE,YES,YES,YES,icon_item_weapon_misc3,Drag,Action,Drag,Drag,,,,MAKING2,BOW02_101,R_BOW02_101,misc_0106,misc_0015,,
36864,0,16384,0,0,0,0,0,0,0,0,0,0,0,0,0,0,0,0,0,R_BOW02_102,Recipe,TRUE,YES,YES,YES,icon_item_weapon_misc3,Drag,Action,Drag,Drag,,,,MAKING2,BOW02_102,R_BOW02_102,misc_glizardon,misc_0018,misc_0006,
37888,0,16384,0,0,0,0,0,0,0,0,0,0,0,0,0,0,0,0,0,R_BOW02_103,Recipe,TRUE,YES,YES,YES,icon_item_weapon_misc3,Drag,Action,Drag,Drag,,,,MAKING2,BOW02_103,R_BOW02_103,BOW02_102,BOW02_101,rsc_2_1,
39936,0,16384,0,0,0,0,0,0,0,0,0,0,0,0,0,0,0,0,0,R_BOW02_105,Recipe,TRUE,YES,YES,YES,icon_item_weapon_misc3,Drag,Action,Drag,Drag,,,,MAKING2,BOW02_105,R_BOW02_105,wood_01,misc_Ticen,,
44032,0,16384,0,0,0,0,0,0,0,0,0,0,0,0,0,0,0,0,0,R_BOW02_109,Recipe,TRUE,YES,YES,YES,icon_item_weapon_misc3,Drag,Action,Drag,Drag,,,,MAKING2,BOW02_109,R_BOW02_109,BOW02_101,BOW02_105,,
45056,0,16384,0,0,0,0,0,0,0,0,0,0,0,0,0,0,0,0,0,R_BOW03_101,Recipe,TRUE,YES,YES,YES,icon_item_weapon_misc4,Drag,Action,Drag,Drag,,,,MAKING2,BOW03_101,R_BOW03_101,,,,
46080,0,16384,0,0,0,0,0,0,0,0,0,0,0,0,0,0,0,0,0,R_BOW03_102,Recipe,TRUE,YES,YES,YES,icon_item_weapon_misc4,Drag,Action,Drag,Drag,,,,MAKING2,BOW03_102,R_BOW03_102,BOW02_107,misc_infroRocktor2,misc_Bume_Goblin_Archer2,
47104,0,16384,0,0,0,0,0,0,0,0,0,0,0,0,0,0,0,0,0,R_BOW03_103,Recipe,TRUE,YES,YES,YES,icon_item_weapon_misc4,Drag,Action,Drag,Drag,,,,MAKING2,BOW03_103,R_BOW03_103,BOW01_108,BOW01_111,,
48128,0,16384,0,0,0,0,0,0,0,0,0,0,0,0,0,0,0,0,0,R_BOW04_101,Recipe,TRUE,YES,YES,YES,icon_item_weapon_misc5,Drag,Action,Drag,Drag,,,,MAKING2,BOW04_101,R_BOW04_101,Drug_holywater,Drug_powder,food_007,
49152,0,16384,0,0,0,0,0,0,0,0,0,0,0,0,0,0,0,0,0,R_BOW04_102,Recipe,TRUE,YES,YES,YES,icon_item_weapon_misc5,Drag,Action,Drag,Drag,,,,MAKING2,BOW04_102,R_BOW04_102,TSF03_105,misc_banshee3,hrsc_2_1,
60416,0,32768,0,0,0,0,0,0,0,0,0,0,0,0,0,0,0,0,0,R_BOW02_110,Recipe,TRUE,YES,YES,YES,icon_item_weapon_misc3,Drag,Action,Drag,Drag,,,,MAKING2,BOW02_110,R_BOW02_110,misc_ore02,misc_0013,,
61440,0,61440,32768,0,0,0,0,0,0,0,0,0,0,0,0,0,0,0,0,R_BOW02_111,Recipe,TRUE,YES,YES,YES,icon_item_weapon_misc3,Drag,Action,Drag,Drag,,,,MAKING2,BOW02_111,R_BOW02_111,misc_ore02,misc_0018,,
1024,0,16384,0,0,0,0,0,0,0,0,0,0,0,0,0,0,0,0,0,R_MAC01_104,Recipe,TRUE,YES,YES,YES,icon_item_weapon_misc1,Drag,Action,Drag,Drag,,,,MAKING2,MAC01_104,R_MAC01_104,misc_ore02,misc_0008,,
2048,0,16384,0,0,0,0,0,0,0,0,0,0,0,0,0,0,0,0,0,R_MAC01_105,Recipe,TRUE,YES,YES,YES,icon_item_weapon_misc1,Drag,Action,Drag,Drag,,,,MAKING2,MAC01_105,R_MAC01_105,misc_ore02,misc_humming_bud,,
3072,0,16384,0,0,0,0,0,0,0,0,0,0,0,0,0,0,0,0,0,R_MAC01_106,Recipe,TRUE,YES,YES,YES,icon_item_weapon_misc1,Drag,Action,Drag,Drag,,,,MAKING2,MAC01_106,R_MAC01_106,misc_ore03,,,
4096,0,16384,0,0,0,0,0,0,0,0,0,0,0,0,0,0,0,0,0,R_MAC01_107,Recipe,TRUE,YES,YES,YES,icon_item_weapon_misc1,Drag,Action,Drag,Drag,,,,MAKING2,MAC01_107,R_MAC01_107,misc_ore03,misc_0043,,
5120,0,16384,0,0,0,0,0,0,0,0,0,0,0,0,0,0,0,0,0,R_MAC01_108,Recipe,TRUE,YES,YES,YES,icon_item_weapon_misc1,Drag,Action,Drag,Drag,,,,MAKING2,MAC01_108,R_MAC01_108,misc_ore03,misc_0109,,
6144,0,16384,0,0,0,0,0,0,0,0,0,0,0,0,0,0,0,0,0,R_MAC01_109,Recipe,TRUE,YES,YES,YES,icon_item_weapon_misc1,Drag,Action,Drag,Drag,,,,MAKING2,MAC01_109,R_MAC01_109,misc_ore03,misc_0064,,
7168,0,16384,0,0,0,0,0,0,0,0,0,0,0,0,0,0,0,0,0,R_MAC01_110,Recipe,TRUE,YES,YES,YES,icon_item_weapon_misc1,Drag,Action,Drag,Drag,,,,MAKING2,MAC01_110,R_MAC01_110,misc_ore04,misc_0074,,
8192,0,16384,0,0,0,0,0,0,0,0,0,0,0,0,0,0,0,0,0,R_MAC01_116,Recipe,TRUE,YES,YES,YES,icon_item_weapon_misc1,Drag,Action,Drag,Drag,,,,MAKING2,MAC01_116,R_MAC01_116,misc_ore04,misc_bubbe_fighter,,
9216,0,16384,0,0,0,0,0,0,0,0,0,0,0,0,0,0,0,0,0,R_MAC02_110,Recipe,TRUE,YES,YES,YES,icon_item_weapon_misc3,Drag,Action,Drag,Drag,,,,MAKING2,MAC02_110,R_MAC02_110,misc_ore02,misc_0010,,
10240,0,24576,0,0,0,0,0,0,0,0,0,0,0,0,0,0,0,0,0,R_MAC02_101,Recipe,TRUE,YES,YES,YES,icon_item_weapon_misc3,Drag,Action,Drag,Drag,,,,MAKING2,MAC02_101,R_MAC02_101,misc_ore02,misc_0022,,
11264,0,16384,0,0,0,0,0,0,0,0,0,0,0,0,0,0,0,0,0,R_MAC02_102,Recipe,TRUE,YES,YES,YES,icon_item_weapon_misc3,Drag,Action,Drag,Drag,,,,MAKING2,MAC02_102,R_MAC02_102,misc_ore02,misc_0043,,
12288,0,16384,0,0,0,0,0,0,0,0,0,0,0,0,0,0,0,0,0,R_MAC02_103,Recipe,TRUE,YES,YES,YES,icon_item_weapon_misc3,Drag,Action,Drag,Drag,,,,MAKING2,MAC02_103,R_MAC02_103,rsc_3_1,rsc_2_2,,
13312,0,16384,0,0,0,0,0,0,0,0,0,0,0,0,0,0,0,0,0,R_MAC02_104,Recipe,TRUE,YES,YES,YES,icon_item_weapon_misc3,Drag,Action,Drag,Drag,,,,MAKING2,MAC02_104,R_MAC02_104,MAC01_108,misc_infroRocktor2,misc_Ultanun,
16384,0,16384,0,0,0,0,0,0,0,0,0,0,0,0,0,0,0,0,0,R_MAC02_107,Recipe,TRUE,YES,YES,YES,icon_item_weapon_misc3,Drag,Action,Drag,Drag,,,,MAKING2,MAC02_107,R_MAC02_107,Drug_holywater,food_005,,
18432,0,16384,0,0,0,0,0,0,0,0,0,0,0,0,0,0,0,0,0,R_MAC02_109,Recipe,TRUE,YES,YES,YES,icon_item_weapon_misc3,Drag,Action,Drag,Drag,,,,MAKING2,MAC02_109,R_MAC02_109,MAC01_116,rsc_3_2,misc_flenrem,
19456,0,16384,0,0,0,0,0,0,0,0,0,0,0,0,0,0,0,0,0,R_MAC03_101,Recipe,TRUE,YES,YES,YES,icon_item_weapon_misc4,Drag,Action,Drag,Drag,,,,MAKING2,MAC03_101,R_MAC03_101,Drug_powder,misc_0075,misc_jore16,
20480,0,16384,0,0,0,0,0,0,0,0,0,0,0,0,0,0,0,0,0,R_MAC03_102,Recipe,TRUE,YES,YES,YES,icon_item_weapon_misc4,Drag,Action,Drag,Drag,,,,MAKING2,MAC03_102,R_MAC03_102,,,,
21504,0,16384,0,0,0,0,0,0,0,0,0,0,0,0,0,0,0,0,0,R_MAC03_103,Recipe,TRUE,YES,YES,YES,icon_item_weapon_misc4,Drag,Action,Drag,Drag,,,,MAKING2,MAC03_103,R_MAC03_103,misc_0100,misc_Fire_Dragon2,,
22528,0,16384,0,0,0,0,0,0,0,0,0,0,0,0,0,0,0,0,0,R_MAC03_104,Recipe,TRUE,YES,YES,YES,icon_item_weapon_misc4,Drag,Action,Drag,Drag,,,,MAKING2,MAC03_104,R_MAC03_104,MAC02_108,misc_ore09,,
23552,0,16384,0,0,0,0,0,0,0,0,0,0,0,0,0,0,0,0,0,R_MAC04_101,Recipe,TRUE,YES,YES,YES,icon_item_weapon_misc5,Drag,Action,Drag,Drag,,,,MAKING2,MAC04_101,R_MAC04_101,MAC02_104,MAC02_106,,
24576,0,47104,0,0,0,0,0,0,0,0,0,0,0,0,0,0,0,0,0,R_MAC04_102,Recipe,TRUE,YES,YES,YES,icon_item_weapon_misc5,Drag,Action,Drag,Drag,,,,MAKING2,MAC04_102,R_MAC04_102,MAC03_102,hrsc_2_1,,
25600,0,0,0,0,0,0,0,0,0,0,0,0,0,0,0,0,0,0,0,R_MAC02_111,Recipe,TRUE,YES,YES,NO,icon_item_weapon_misc3,Drag,Action,Drag,Drag,,,,MAKING2,MAC02_111,R_MAC02_111,misc_0008,misc_ore02,,
38912,0,32768,0,0,0,0,0,0,0,0,0,0,0,0,0,0,0,0,0,R_MAC02_112,Recipe,TRUE,YES,YES,NO,icon_item_weapon_misc3,Drag,Action,Drag,Drag,,,,MAKING2,MAC02_112,R_MAC02_112,misc_ore02,misc_0013,,
39936,0,61440,32768,0,0,0,0,0,0,0,0,0,0,0,0,0,0,0,0,R_MAC02_113,Recipe,TRUE,YES,YES,NO,icon_item_weapon_misc3,Drag,Action,Drag,Drag,,,,MAKING2,MAC02_113,R_MAC02_113,misc_ore02,misc_0018,,
53760,0,16384,0,0,0,0,0,0,0,0,0,0,0,0,0,0,0,0,0,R_SPR01_101,Recipe,TRUE,YES,YES,YES,icon_item_weapon_misc1,Drag,Action,Drag,Drag,,,,MAKING2,SPR01_101,R_SPR01_101,misc_ore03,misc_Corylus,,
54272,0,16384,0,0,0,0,0,0,0,0,0,0,0,0,0,0,0,0,0,R_SPR01_102,Recipe,TRUE,YES,YES,YES,icon_item_weapon_misc1,Drag,Action,Drag,Drag,,,,MAKING2,SPR01_102,R_SPR01_102,misc_ore03,misc_0048,,
54784,0,16384,0,0,0,0,0,0,0,0,0,0,0,0,0,0,0,0,0,R_SPR01_103,Recipe,TRUE,YES,YES,YES,icon_item_weapon_misc1,Drag,Action,Drag,Drag,,,,MAKING2,SPR01_103,R_SPR01_103,misc_ore03,misc_0058,,
55296,0,16384,0,0,0,0,0,0,0,0,0,0,0,0,0,0,0,0,0,R_SPR01_104,Recipe,TRUE,YES,YES,YES,icon_item_weapon_misc1,Drag,Action,Drag,Drag,,,,MAKING2,SPR01_104,R_SPR01_104,misc_ore03,misc_0105,misc_0104,
55808,0,16384,0,0,0,0,0,0,0,0,0,0,0,0,0,0,0,0,0,R_SPR01_105,Recipe,TRUE,YES,YES,YES,icon_item_weapon_misc1,Drag,Action,Drag,Drag,,,,MAKING2,SPR01_105,R_SPR01_105,misc_0097,,,
56320,0,16384,0,0,0,0,0,0,0,0,0,0,0,0,0,0,0,0,0,R_SPR01_106,Recipe,TRUE,YES,YES,YES,icon_item_weapon_misc1,Drag,Action,Drag,Drag,,,,MAKING2,SPR01_106,R_SPR01_106,misc_ore04,misc_puragi,,
56832,0,12288,0,0,0,0,0,0,0,0,0,0,0,0,0,0,0,0,0,R_SPR02_101,Recipe,TRUE,YES,YES,YES,icon_item_weapon_misc3,Drag,Action,Drag,Drag,,,,MAKING2,SPR02_101,R_SPR02_101,misc_ore03,misc_0040,misc_Caro,
57344,0,16384,0,0,0,0,0,0,0,0,0,0,0,0,0,0,0,0,0,R_SPR02_102,Recipe,TRUE,YES,YES,YES,icon_item_weapon_misc3,Drag,Action,Drag,Drag,,,,MAKING2,SPR02_102,R_SPR02_102,SPR02_101,misc_ore03,,
58880,0,16384,0,0,0,0,0,0,0,0,0,0,0,0,0,0,0,0,0,R_SPR02_105,Recipe,TRUE,YES,YES,YES,icon_item_weapon_misc3,Drag,Action,Drag,Drag,,,,MAKING2,SPR02_105,R_SPR02_105,SPR01_104,rsc_2_1,,
59392,0,16384,0,0,0,0,0,0,0,0,0,0,0,0,0,0,0,0,0,R_SPR02_106,Recipe,TRUE,YES,YES,YES,icon_item_weapon_misc3,Drag,Action,Drag,Drag,,,,MAKING2,SPR02_106,R_SPR02_106,wood_02,misc_0063,misc_0102,misc_0005
59904,0,16384,0,0,0,0,0,0,0,0,0,0,0,0,0,0,0,0,0,R_SPR02_107,Recipe,TRUE,YES,YES,YES,icon_item_weapon_misc3,Drag,Action,Drag,Drag,,,,MAKING2,SPR02_107,R_SPR02_107,misc_ore04,misc_0076,misc_Tama,
61440,0,16384,0,0,0,0,0,0,0,0,0,0,0,0,0,0,0,0,0,R_SPR02_110,Recipe,TRUE,YES,YES,YES,icon_item_weapon_misc3,Drag,Action,Drag,Drag,,,,MAKING2,SPR02_110,R_SPR02_110,misc_ore04,,,
61952,0,16384,0,0,0,0,0,0,0,0,0,0,0,0,0,0,0,0,0,R_SPR03_101,Recipe,TRUE,YES,YES,YES,icon_item_weapon_misc4,Drag,Action,Drag,Drag,,,,MAKING2,SPR03_101,R_SPR03_101,SPR02_104,misc_silverbar,,
62464,0,16384,0,0,0,0,0,0,0,0,0,0,0,0,0,0,0,0,0,R_SPR03_102,Recipe,TRUE,YES,YES,YES,icon_item_weapon_misc4,Drag,Action,Drag,Drag,,,,MAKING2,SPR03_102,R_SPR03_102,BOW02_107,SPR02_103,,
62976,0,16384,0,0,0,0,0,0,0,0,0,0,0,0,0,0,0,0,0,R_SPR03_103,Recipe,TRUE,YES,YES,YES,icon_item_weapon_misc4,Drag,Action,Drag,Drag,,,,MAKING2,SPR03_103,R_SPR03_103,SPR02_109,rsc_2_4,,
63488,0,16384,0,0,0,0,0,0,0,0,0,0,0,0,0,0,0,0,0,R_SPR03_104,Recipe,TRUE,YES,YES,YES,icon_item_weapon_misc4,Drag,Action,Drag,Drag,,,,MAKING2,SPR03_104,R_SPR03_104,rsc_3_2,rsc_4_1,,
64000,0,16384,0,0,0,0,0,0,0,0,0,0,0,0,0,0,0,0,0,R_SPR04_101,Recipe,TRUE,YES,YES,YES,icon_item_weapon_misc5,Drag,Action,Drag,Drag,,,,MAKING2,SPR04_101,R_SPR04_101,SPR02_109,,,
65024,0,16384,0,0,0,0,0,0,0,0,0,0,0,0,0,0,0,0,0,R_SPR04_103,Recipe,TRUE,YES,YES,YES,icon_item_weapon_misc5,Drag,Action,Drag,Drag,,,,MAKING2,SPR04_103,R_SPR04_103,SPR03_103,,,
41472,0,16384,0,0,0,0,0,0,0,0,0,0,0,0,0,0,0,0,0,R_TSP01_101,Recipe,TRUE,YES,YES,YES,icon_item_weapon_misc1,Drag,Action,Drag,Drag,,,,MAKING2,TSP01_101,R_TSP01_101,misc_ore03,misc_Doyor2,,
41984,0,16384,0,0,0,0,0,0,0,0,0,0,0,0,0,0,0,0,0,R_TSP01_102,Recipe,TRUE,YES,YES,YES,icon_item_weapon_misc1,Drag,Action,Drag,Drag,,,,MAKING2,TSP01_102,R_TSP01_102,misc_ore03,misc_Velwriggler,,
42496,0,16384,0,0,0,0,0,0,0,0,0,0,0,0,0,0,0,0,0,R_TSP01_103,Recipe,TRUE,YES,YES,YES,icon_item_weapon_misc1,Drag,Action,Drag,Drag,,,,MAKING2,TSP01_103,R_TSP01_103,misc_ore03,misc_0059,,
43008,0,16384,0,0,0,0,0,0,0,0,0,0,0,0,0,0,0,0,0,R_TSP01_104,Recipe,TRUE,YES,YES,YES,icon_item_weapon_misc1,Drag,Action,Drag,Drag,,,,MAKING2,TSP01_104,R_TSP01_104,misc_ore03,,,
43520,0,16384,0,0,0,0,0,0,0,0,0,0,0,0,0,0,0,0,0,R_TSP01_105,Recipe,TRUE,YES,YES,YES,icon_item_weapon_misc1,Drag,Action,Drag,Drag,,,,MAKING2,TSP01_105,R_TSP01_105,misc_ore04,misc_Cockatries,,
44032,0,16384,0,0,0,0,0,0,0,0,0,0,0,0,0,0,0,0,0,R_TSP01_106,Recipe,TRUE,YES,YES,YES,icon_item_weapon_misc1,Drag,Action,Drag,Drag,,,,MAKING2,TSP01_106,R_TSP01_106,misc_ore04,misc_Armory,,
44544,0,59392,0,0,0,0,0,0,0,0,0,0,0,0,0,0,0,0,0,R_TSP02_101,Recipe,TRUE,YES,YES,YES,icon_item_weapon_misc3,Drag,Action,Drag,Drag,,,,MAKING2,TSP02_101,R_TSP02_101,timber_04,arrow_02,,
45056,0,22528,32768,0,0,0,0,0,0,0,0,0,0,0,0,0,0,0,0,R_TSP02_102,Recipe,TRUE,YES,YES,YES,icon_item_weapon_misc3,Drag,Action,Drag,Drag,,,,MAKING2,TSP02_102,R_TSP02_102,misc_0055,misc_Dumaro,,
46080,0,16384,0,0,0,0,0,0,0,0,0,0,0,0,0,0,0,0,0,R_TSP02_104,Recipe,TRUE,YES,YES,YES,icon_item_weapon_misc3,Drag,Action,Drag,Drag,,,,MAKING2,TSP02_104,R_TSP02_104,TSP02_102,rsc_3_1,,
46592,0,16384,0,0,0,0,0,0,0,0,0,0,0,0,0,0,0,0,0,R_TSP02_105,Recipe,TRUE,YES,YES,YES,icon_item_weapon_misc3,Drag,Action,Drag,Drag,,,,MAKING2,TSP02_105,R_TSP02_105,TSP01_103,misc_Bume_Goblin,,
47616,0,16384,0,0,0,0,0,0,0,0,0,0,0,0,0,0,0,0,0,R_TSP02_107,Recipe,TRUE,YES,YES,YES,icon_item_weapon_misc3,Drag,Action,Drag,Drag,,,,MAKING2,TSP02_107,R_TSP02_107,misc_ore04,,,
48640,0,16384,0,0,0,0,0,0,0,0,0,0,0,0,0,0,0,0,0,R_TSP03_101,Recipe,TRUE,YES,YES,YES,icon_item_weapon_misc4,Drag,Action,Drag,Drag,,,,MAKING2,TSP03_101,R_TSP03_101,TSP02_104,misc_udumbara,,
49664,0,16384,0,0,0,0,0,0,0,0,0,0,0,0,0,0,0,0,0,R_TSP03_103,Recipe,TRUE,YES,YES,YES,icon_item_weapon_misc4,Drag,Action,Drag,Drag,,,,MAKING2,TSP03_103,R_TSP03_103,TSP02_106,,,
50176,0,16384,0,0,0,0,0,0,0,0,0,0,0,0,0,0,0,0,0,R_TSP04_101,Recipe,TRUE,YES,YES,YES,icon_item_weapon_misc5,Drag,Action,Drag,Drag,,,,MAKING2,TSP04_101,R_TSP04_101,misc_jore12,card_ginklas,,
29184,0,16384,0,0,0,0,0,0,0,0,0,0,0,0,0,0,0,0,0,R_WND01_101,Recipe,TRUE,YES,YES,YES,icon_item_weapon_misc1,Drag,Action,Drag,Drag,,,,MAKING2,WND01_101,R_WND01_101,misc_Sakmoli,,,
29696,0,16384,0,0,0,0,0,0,0,0,0,0,0,0,0,0,0,0,0,R_WND01_102,Recipe,TRUE,YES,YES,YES,icon_item_weapon_misc1,Drag,Action,Drag,Drag,,,,MAKING2,WND01_102,R_WND01_102,misc_Mentiwood,misc_0122,,
30208,0,16384,0,0,0,0,0,0,0,0,0,0,0,0,0,0,0,0,0,R_WND01_103,Recipe,TRUE,YES,YES,YES,icon_item_weapon_misc1,Drag,Action,Drag,Drag,,,,MAKING2,WND01_103,R_WND01_103,wood_01,misc_Tucen,,
30720,0,16384,0,0,0,0,0,0,0,0,0,0,0,0,0,0,0,0,0,R_WND01_104,Recipe,TRUE,YES,YES,YES,icon_item_weapon_misc1,Drag,Action,Drag,Drag,,,,MAKING2,WND01_104,R_WND01_104,misc_Ticen,,,
31232,0,16384,0,0,0,0,0,0,0,0,0,0,0,0,0,0,0,0,0,R_WND01_105,Recipe,TRUE,YES,YES,YES,icon_item_weapon_misc1,Drag,Action,Drag,Drag,,,,MAKING2,WND01_105,R_WND01_105,misc_Hallowventor,misc_New_desmodus,,
31744,0,16384,0,0,0,0,0,0,0,0,0,0,0,0,0,0,0,0,0,R_WND01_106,Recipe,TRUE,YES,YES,YES,icon_item_weapon_misc1,Drag,Action,Drag,Drag,,,,MAKING2,WND01_106,R_WND01_106,misc_bubbe_fighter,misc_ore04,misc_ellom_green,
32256,0,16384,0,0,0,0,0,0,0,0,0,0,0,0,0,0,0,0,0,R_WND02_101,Recipe,TRUE,YES,YES,YES,icon_item_weapon_misc3,Drag,Action,Drag,Drag,,,,MAKING2,WND02_101,R_WND02_101,misc_0122,misc_Mentiwood,,
33280,0,16384,0,0,0,0,0,0,0,0,0,0,0,0,0,0,0,0,0,R_WND02_103,Recipe,TRUE,YES,YES,YES,icon_item_weapon_misc3,Drag,Action,Drag,Drag,,,,MAKING2,WND02_103,R_WND02_103,misc_raffly-b,misc_Geppetto2,,
34304,0,16384,0,0,0,0,0,0,0,0,0,0,0,0,0,0,0,0,0,R_WND02_105,Recipe,TRUE,YES,YES,YES,icon_item_weapon_misc3,Drag,Action,Drag,Drag,,,,MAKING2,WND02_105,R_WND02_105,misc_shredded3,,,
34816,0,16384,0,0,0,0,0,0,0,0,0,0,0,0,0,0,0,0,0,R_WND02_106,Recipe,TRUE,YES,YES,YES,icon_item_weapon_misc3,Drag,Action,Drag,Drag,,,,MAKING2,WND02_106,R_WND02_106,WND01_104,misc_Hallowventor,,
35328,0,16384,0,0,0,0,0,0,0,0,0,0,0,0,0,0,0,0,0,R_WND02_107,Recipe,TRUE,YES,YES,YES,icon_item_weapon_misc3,Drag,Action,Drag,Drag,,,,MAKING2,WND02_107,R_WND02_107,WND01_105,rsc_4_1,,
36352,0,16384,0,0,0,0,0,0,0,0,0,0,0,0,0,0,0,0,0,R_WND02_109,Recipe,TRUE,YES,YES,YES,icon_item_weapon_misc3,Drag,Action,Drag,Drag,,,,MAKING2,WND02_109,R_WND02_109,misc_0077,,,
36864,0,16384,0,0,0,0,0,0,0,0,0,0,0,0,0,0,0,0,0,R_WND03_101,Recipe,TRUE,YES,YES,YES,icon_item_weapon_misc4,Drag,Action,Drag,Drag,,,,MAKING2,WND03_101,R_WND03_101,misc_0119,,,
37376,0,16384,0,0,0,0,0,0,0,0,0,0,0,0,0,0,0,0,0,R_WND03_102,Recipe,TRUE,YES,YES,YES,icon_item_weapon_misc4,Drag,Action,Drag,Drag,,,,MAKING2,WND03_102,R_WND03_102,WND01_102,misc_Big_Cockatries2,hrsc_2_1,
37888,0,16384,0,0,0,0,0,0,0,0,0,0,0,0,0,0,0,0,0,R_WND03_103,Recipe,TRUE,YES,YES,YES,icon_item_weapon_misc5,Drag,Action,Drag,Drag,,,,MAKING2,WND03_103,R_WND03_103,WND02_105,WND02_102,WND02_109,
38400,0,16384,0,0,0,0,0,0,0,0,0,0,0,0,0,0,0,0,0,R_WND04_101,Recipe,TRUE,YES,YES,YES,icon_item_weapon_misc5,Drag,Action,Drag,Drag,,,,MAKING2,WND04_101,R_WND04_101,WND03_103,misc_quicksilver,,
25088,0,16384,0,0,0,0,0,0,0,0,0,0,0,0,0,0,0,0,0,R_HAND01_104,Recipe,TRUE,YES,YES,YES,icon_item_gloves_misc1,Drag,Action,Drag,Drag,,,,MAKING2,HAND01_104,R_HAND01_104,misc_0009,misc_0016,,
25600,0,16384,0,0,0,0,0,0,0,0,0,0,0,0,0,0,0,0,0,R_FOOT01_104,Recipe,TRUE,YES,YES,YES,icon_item_boots_misc1,Drag,Action,Drag,Drag,,,,MAKING2,FOOT01_104,R_FOOT01_104,misc_0009,misc_0019,,
26112,0,16384,0,0,0,0,0,0,0,0,0,0,0,0,0,0,0,0,0,R_LEG01_104,Recipe,TRUE,YES,YES,YES,icon_item_pants_misc1,Drag,Action,Drag,Drag,,,,MAKING2,LEG01_104,R_LEG01_104,misc_0009,misc_humming_bud,,
26624,0,16384,0,0,0,0,0,0,0,0,0,0,0,0,0,0,0,0,0,R_TOP01_104,Recipe,TRUE,YES,YES,YES,icon_item_shirts_misc1,Drag,Action,Drag,Drag,,,,MAKING2,TOP01_104,R_TOP01_104,misc_0009,misc_seedmia,,
27136,0,16384,0,0,0,0,0,0,0,0,0,0,0,0,0,0,0,0,0,R_HAND01_105,Recipe,TRUE,YES,YES,YES,icon_item_gloves_misc1,Drag,Action,Drag,Drag,,,,MAKING2,HAND01_105,R_HAND01_105,misc_ore02,misc_puragi,,
27648,0,16384,0,0,0,0,0,0,0,0,0,0,0,0,0,0,0,0,0,R_FOOT01_105,Recipe,TRUE,YES,YES,YES,icon_item_boots_misc1,Drag,Action,Drag,Drag,,,,MAKING2,FOOT01_105,R_FOOT01_105,misc_ore02,misc_zigri,,
28160,0,16384,0,0,0,0,0,0,0,0,0,0,0,0,0,0,0,0,0,R_LEG01_105,Recipe,TRUE,YES,YES,YES,icon_item_pants_misc1,Drag,Action,Drag,Drag,,,,MAKING2,LEG01_105,R_LEG01_105,misc_ore02,misc_0025,,
28672,0,16384,0,0,0,0,0,0,0,0,0,0,0,0,0,0,0,0,0,R_TOP01_105,Recipe,TRUE,YES,YES,YES,icon_item_shirts_misc1,Drag,Action,Drag,Drag,,,,MAKING2,TOP01_105,R_TOP01_105,misc_ore02,misc_0026,,
29184,0,16384,0,0,0,0,0,0,0,0,0,0,0,0,0,0,0,0,0,R_HAND01_106,Recipe,TRUE,YES,YES,YES,icon_item_gloves_misc1,Drag,Action,Drag,Drag,,,,MAKING2,HAND01_106,R_HAND01_106,misc_ore03,misc_zigri,,
29696,0,16384,0,0,0,0,0,0,0,0,0,0,0,0,0,0,0,0,0,R_FOOT01_106,Recipe,TRUE,YES,YES,YES,icon_item_boots_misc1,Drag,Action,Drag,Drag,,,,MAKING2,FOOT01_106,R_FOOT01_106,misc_ore03,misc_ore02,,
30208,0,16384,0,0,0,0,0,0,0,0,0,0,0,0,0,0,0,0,0,R_LEG01_106,Recipe,TRUE,YES,YES,YES,icon_item_pants_misc1,Drag,Action,Drag,Drag,,,,MAKING2,LEG01_106,R_LEG01_106,misc_ore03,misc_0040,,
30720,0,16384,0,0,0,0,0,0,0,0,0,0,0,0,0,0,0,0,0,R_TOP01_106,Recipe,TRUE,YES,YES,YES,icon_item_shirts_misc1,Drag,Action,Drag,Drag,,,,MAKING2,TOP01_106,R_TOP01_106,misc_ore03,,,
31232,0,16384,0,0,0,0,0,0,0,0,0,0,0,0,0,0,0,0,0,R_LEG01_111,Recipe,TRUE,YES,YES,YES,icon_item_pants_misc1,Drag,Action,Drag,Drag,,,,MAKING2,LEG01_111,R_LEG01_111,misc_raffly-b,misc_0109,,
31744,0,16384,0,0,0,0,0,0,0,0,0,0,0,0,0,0,0,0,0,R_TOP01_111,Recipe,TRUE,YES,YES,YES,icon_item_shirts_misc1,Drag,Action,Drag,Drag,,,,MAKING2,TOP01_111,R_TOP01_111,misc_Tucen,misc_Velwriggler,,
32256,0,16384,0,0,0,0,0,0,0,0,0,0,0,0,0,0,0,0,0,R_HAND01_107,Recipe,TRUE,YES,YES,YES,icon_item_gloves_misc1,Drag,Action,Drag,Drag,,,,MAKING2,HAND01_107,R_HAND01_107,misc_0122,misc_0047,,
32768,0,16384,0,0,0,0,0,0,0,0,0,0,0,0,0,0,0,0,0,R_FOOT01_107,Recipe,TRUE,YES,YES,YES,icon_item_boots_misc1,Drag,Action,Drag,Drag,,,,MAKING2,FOOT01_107,R_FOOT01_107,misc_0122,misc_0109,,
33280,0,16384,0,0,0,0,0,0,0,0,0,0,0,0,0,0,0,0,0,R_LEG01_107,Recipe,TRUE,YES,YES,YES,icon_item_pants_misc1,Drag,Action,Drag,Drag,,,,MAKING2,LEG01_107,R_LEG01_107,misc_0047,misc_Pino,,
33792,0,16384,0,0,0,0,0,0,0,0,0,0,0,0,0,0,0,0,0,R_TOP01_107,Recipe,TRUE,YES,YES,YES,icon_item_shirts_misc1,Drag,Action,Drag,Drag,,,,MAKING2,TOP01_107,R_TOP01_107,misc_0047,misc_0060,,
34304,0,16384,0,0,0,0,0,0,0,0,0,0,0,0,0,0,0,0,0,R_HAND01_112,Recipe,TRUE,YES,YES,YES,icon_item_gloves_misc1,Drag,Action,Drag,Drag,,,,MAKING2,HAND01_112,R_HAND01_112,misc_0044,,,
34816,0,16384,0,0,0,0,0,0,0,0,0,0,0,0,0,0,0,0,0,R_FOOT01_112,Recipe,TRUE,YES,YES,YES,icon_item_boots_misc1,Drag,Action,Drag,Drag,,,,MAKING2,FOOT01_112,R_FOOT01_112,misc_0044,misc_0056,,
35328,0,16384,0,0,0,0,0,0,0,0,0,0,0,0,0,0,0,0,0,R_LEG01_112,Recipe,TRUE,YES,YES,YES,icon_item_pants_misc1,Drag,Action,Drag,Drag,,,,MAKING2,LEG01_112,R_LEG01_112,misc_0056,misc_0058,,
35840,0,16384,0,0,0,0,0,0,0,0,0,0,0,0,0,0,0,0,0,R_TOP01_112,Recipe,TRUE,YES,YES,YES,icon_item_shirts_misc1,Drag,Action,Drag,Drag,,,,MAKING2,TOP01_112,R_TOP01_112,misc_0060,misc_Tucen,,
36352,0,16384,0,0,0,0,0,0,0,0,0,0,0,0,0,0,0,0,0,R_LEG01_108,Recipe,TRUE,YES,YES,YES,icon_item_pants_misc1,Drag,Action,Drag,Drag,,,,MAKING2,LEG01_108,R_LEG01_108,misc_Caro,,,
36864,0,16384,0,0,0,0,0,0,0,0,0,0,0,0,0,0,0,0,0,R_TOP01_108,Recipe,TRUE,YES,YES,YES,icon_item_shirts_misc1,Drag,Action,Drag,Drag,,,,MAKING2,TOP01_108,R_TOP01_108,misc_jellyfish,misc_mushroom_ent,,
37376,0,16384,0,0,0,0,0,0,0,0,0,0,0,0,0,0,0,0,0,R_HAND01_109,Recipe,TRUE,YES,YES,YES,icon_item_gloves_misc1,Drag,Action,Drag,Drag,,,,MAKING2,HAND01_109,R_HAND01_109,misc_raffly-b,misc_Tucen,,
37888,0,16384,0,0,0,0,0,0,0,0,0,0,0,0,0,0,0,0,0,R_FOOT01_109,Recipe,TRUE,YES,YES,YES,icon_item_boots_misc1,Drag,Action,Drag,Drag,,,,MAKING2,FOOT01_109,R_FOOT01_109,misc_0060,,,
38400,0,16384,0,0,0,0,0,0,0,0,0,0,0,0,0,0,0,0,0,R_LEG01_109,Recipe,TRUE,YES,YES,YES,icon_item_pants_misc1,Drag,Action,Drag,Drag,,,,MAKING2,LEG01_109,R_LEG01_109,misc_Tontulia,misc_0062,,
38912,0,16384,0,0,0,0,0,0,0,0,0,0,0,0,0,0,0,0,0,R_TOP01_109,Recipe,TRUE,YES,YES,YES,icon_item_shirts_misc1,Drag,Action,Drag,Drag,,,,MAKING2,TOP01_109,R_TOP01_109,misc_0062,misc_0104,,
39424,0,16384,0,0,0,0,0,0,0,0,0,0,0,0,0,0,0,0,0,R_HAND01_110,Recipe,TRUE,YES,YES,YES,icon_item_gloves_misc1,Drag,Action,Drag,Drag,,,,MAKING2,HAND01_110,R_HAND01_110,misc_ore03,,,
39936,0,16384,0,0,0,0,0,0,0,0,0,0,0,0,0,0,0,0,0,R_FOOT01_110,Recipe,TRUE,YES,YES,YES,icon_item_boots_misc1,Drag,Action,Drag,Drag,,,,MAKING2,FOOT01_110,R_FOOT01_110,misc_ore03,misc_0059,,
40448,0,16384,0,0,0,0,0,0,0,0,0,0,0,0,0,0,0,0,0,R_LEG01_110,Recipe,TRUE,YES,YES,YES,icon_item_pants_misc1,Drag,Action,Drag,Drag,,,,MAKING2,LEG01_110,R_LEG01_110,misc_ore03,misc_Tucen,,
40960,0,16384,0,0,0,0,0,0,0,0,0,0,0,0,0,0,0,0,0,R_TOP01_110,Recipe,TRUE,YES,YES,YES,icon_item_shirts_misc1,Drag,Action,Drag,Drag,,,,MAKING2,TOP01_110,R_TOP01_110,misc_ore03,misc_0064,,
41472,0,16384,0,0,0,0,0,0,0,0,0,0,0,0,0,0,0,0,0,R_HAND01_113,Recipe,TRUE,YES,YES,YES,icon_item_gloves_misc1,Drag,Action,Drag,Drag,,,,MAKING2,HAND01_113,R_HAND01_113,misc_Mushroom_boy,misc_Karas,,
41984,0,16384,0,0,0,0,0,0,0,0,0,0,0,0,0,0,0,0,0,R_FOOT01_113,Recipe,TRUE,YES,YES,YES,icon_item_boots_misc1,Drag,Action,Drag,Drag,,,,MAKING2,FOOT01_113,R_FOOT01_113,misc_Mushroom_boy,misc_0070,,
42496,0,16384,0,0,0,0,0,0,0,0,0,0,0,0,0,0,0,0,0,R_LEG01_113,Recipe,TRUE,YES,YES,YES,icon_item_pants_misc1,Drag,Action,Drag,Drag,,,,MAKING2,LEG01_113,R_LEG01_113,misc_Tontulia,misc_0062,,
43008,0,16384,0,0,0,0,0,0,0,0,0,0,0,0,0,0,0,0,0,R_TOP01_113,Recipe,TRUE,YES,YES,YES,icon_item_shirts_misc1,Drag,Action,Drag,Drag,,,,MAKING2,TOP01_113,R_TOP01_113,misc_Bume_Goblin,misc_Cockatries,,
43520,0,16384,0,0,0,0,0,0,0,0,0,0,0,0,0,0,0,0,0,R_HAND01_114,Recipe,TRUE,YES,YES,YES,icon_item_gloves_misc1,Drag,Action,Drag,Drag,,,,MAKING2,HAND01_114,R_HAND01_114,misc_ore03,misc_Karas,,
44032,0,16384,0,0,0,0,0,0,0,0,0,0,0,0,0,0,0,0,0,R_FOOT01_114,Recipe,TRUE,YES,YES,YES,icon_item_boots_misc1,Drag,Action,Drag,Drag,,,,MAKING2,FOOT01_114,R_FOOT01_114,misc_0070,,,
44544,0,16384,0,0,0,0,0,0,0,0,0,0,0,0,0,0,0,0,0,R_LEG01_114,Recipe,TRUE,YES,YES,YES,icon_item_pants_misc1,Drag,Action,Drag,Drag,,,,MAKING2,LEG01_114,R_LEG01_114,misc_ore04,,,
45056,0,16384,0,0,0,0,0,0,0,0,0,0,0,0,0,0,0,0,0,R_TOP01_114,Recipe,TRUE,YES,YES,YES,icon_item_shirts_misc1,Drag,Action,Drag,Drag,,,,MAKING2,TOP01_114,R_TOP01_114,misc_ore04,misc_0074,,
45568,0,16384,0,0,0,0,0,0,0,0,0,0,0,0,0,0,0,0,0,R_LEG01_115,Recipe,TRUE,YES,YES,YES,icon_item_pants_misc1,Drag,Action,Drag,Drag,,,,MAKING2,LEG01_115,R_LEG01_115,misc_0047,misc_Cockatries,,
46080,0,16384,0,0,0,0,0,0,0,0,0,0,0,0,0,0,0,0,0,R_TOP01_115,Recipe,TRUE,YES,YES,YES,icon_item_shirts_misc1,Drag,Action,Drag,Drag,,,,MAKING2,TOP01_115,R_TOP01_115,misc_0047,misc_0080,,
46592,0,16384,0,0,0,0,0,0,0,0,0,0,0,0,0,0,0,0,0,R_HAND01_121,Recipe,TRUE,YES,YES,YES,icon_item_gloves_misc1,Drag,Action,Drag,Drag,,,,MAKING2,HAND01_121,R_HAND01_121,misc_Spector_Gh,misc_rublem,,
47104,0,16384,0,0,0,0,0,0,0,0,0,0,0,0,0,0,0,0,0,R_FOOT01_121,Recipe,TRUE,YES,YES,YES,icon_item_boots_misc1,Drag,Action,Drag,Drag,,,,MAKING2,FOOT01_121,R_FOOT01_121,misc_Spector_Gh,misc_0081,,
47616,0,16384,0,0,0,0,0,0,0,0,0,0,0,0,0,0,0,0,0,R_LEG01_121,Recipe,TRUE,YES,YES,YES,icon_item_pants_misc1,Drag,Action,Drag,Drag,,,,MAKING2,LEG01_121,R_LEG01_121,misc_Spector_Gh,misc_0100,,
48128,0,16384,0,0,0,0,0,0,0,0,0,0,0,0,0,0,0,0,0,R_TOP01_121,Recipe,TRUE,YES,YES,YES,icon_item_shirts_misc1,Drag,Action,Drag,Drag,,,,MAKING2,TOP01_121,R_TOP01_121,misc_minivern,,,
48640,0,16384,0,0,0,0,0,0,0,0,0,0,0,0,0,0,0,0,0,R_HAND01_122,Recipe,TRUE,YES,YES,YES,icon_item_gloves_misc1,Drag,Action,Drag,Drag,,,,MAKING2,HAND01_122,R_HAND01_122,misc_ore04,misc_0121,,
49152,0,16384,0,0,0,0,0,0,0,0,0,0,0,0,0,0,0,0,0,R_FOOT01_122,Recipe,TRUE,YES,YES,YES,icon_item_boots_misc1,Drag,Action,Drag,Drag,,,,MAKING2,FOOT01_122,R_FOOT01_122,misc_ore04,misc_chromadog,,
49664,0,16384,0,0,0,0,0,0,0,0,0,0,0,0,0,0,0,0,0,R_LEG01_122,Recipe,TRUE,YES,YES,YES,icon_item_pants_misc1,Drag,Action,Drag,Drag,,,,MAKING2,LEG01_122,R_LEG01_122,misc_ore04,misc_0088,,
50176,0,16384,0,0,0,0,0,0,0,0,0,0,0,0,0,0,0,0,0,R_TOP01_122,Recipe,TRUE,YES,YES,YES,icon_item_shirts_misc1,Drag,Action,Drag,Drag,,,,MAKING2,TOP01_122,R_TOP01_122,misc_ore04,misc_0100,,
50688,0,16384,0,0,0,0,0,0,0,0,0,0,0,0,0,0,0,0,0,R_TOP02_102,Recipe,TRUE,YES,YES,YES,icon_item_shirts_misc3,Drag,Action,Drag,Drag,,,,MAKING2,TOP02_102,R_TOP02_102,misc_0009,misc_0013,,
51200,0,16384,0,0,0,0,0,0,0,0,0,0,0,0,0,0,0,0,0,R_FOOT02_101,Recipe,TRUE,YES,YES,YES,icon_item_boots_misc3,Drag,Action,Drag,Drag,,,,MAKING2,FOOT02_101,R_FOOT02_101,misc_0016,misc_0006,,
51712,0,16384,0,0,0,0,0,0,0,0,0,0,0,0,0,0,0,0,0,R_TOP02_101,Recipe,TRUE,YES,YES,YES,icon_item_gloves_misc3,Drag,Action,Drag,Drag,,,,MAKING2,TOP02_101,R_TOP02_101,misc_humming_bud,misc_0022,misc_0018,
52224,0,16384,0,0,0,0,0,0,0,0,0,0,0,0,0,0,0,0,0,R_HAND02_101,Recipe,TRUE,YES,YES,YES,icon_item_gloves_misc3,Drag,Action,Drag,Drag,,,,MAKING2,HAND02_101,R_HAND02_101,misc_firent2,,,
52736,0,16384,0,0,0,0,0,0,0,0,0,0,0,0,0,0,0,0,0,R_LEG02_103,Recipe,TRUE,YES,YES,YES,icon_item_pants_misc3,Drag,Action,Drag,Drag,,,,MAKING2,LEG02_103,R_LEG02_103,misc_ore02,misc_0018,,
53248,0,16384,0,0,0,0,0,0,0,0,0,0,0,0,0,0,0,0,0,R_TOP02_103,Recipe,TRUE,YES,YES,YES,icon_item_shirts_misc3,Drag,Action,Drag,Drag,,,,MAKING2,TOP02_103,R_TOP02_103,misc_0026,misc_Corylus,,
53760,0,12288,0,0,0,0,0,0,0,0,0,0,0,0,0,0,0,0,0,R_HAND02_104,Recipe,TRUE,YES,YES,YES,icon_item_gloves_misc3,Drag,Action,Drag,Drag,,,,MAKING2,HAND02_104,R_HAND02_104,misc_chupacabra2,,,
54272,0,18432,0,0,0,0,0,0,0,0,0,0,0,0,0,0,0,0,0,R_FOOT02_104,Recipe,TRUE,YES,YES,YES,icon_item_boots_misc3,Drag,Action,Drag,Drag,,,,MAKING2,FOOT02_104,R_FOOT02_104,misc_Spector_Gh,,,
54784,0,4096,0,0,0,0,0,0,0,0,0,0,0,0,0,0,0,0,0,R_LEG02_104,Recipe,TRUE,YES,YES,YES,icon_item_pants_misc3,Drag,Action,Drag,Drag,,,,MAKING2,LEG02_104,R_LEG02_104,misc_Spector_Gh,misc_maize,,
55296,0,4096,0,0,0,0,0,0,0,0,0,0,0,0,0,0,0,0,0,R_TOP02_104,Recipe,TRUE,YES,YES,YES,icon_item_shirts_misc3,Drag,Action,Drag,Drag,,,,MAKING2,TOP02_104,R_TOP02_104,misc_Spector_Gh,misc_Caro,,
55808,0,16384,0,0,0,0,0,0,0,0,0,0,0,0,0,0,0,0,0,R_HAND02_105,Recipe,TRUE,YES,YES,YES,icon_item_gloves_misc3,Drag,Action,Drag,Drag,,,,MAKING2,HAND02_105,R_HAND02_105,misc_0043,misc_0037,,
56320,0,16384,0,0,0,0,0,0,0,0,0,0,0,0,0,0,0,0,0,R_TOP02_105,Recipe,TRUE,YES,YES,YES,icon_item_shirts_misc3,Drag,Action,Drag,Drag,,,,MAKING2,TOP02_105,R_TOP02_105,misc_0048,misc_0112,misc_seedmia,
56832,0,16384,0,0,0,0,0,0,0,0,0,0,0,0,0,0,0,0,0,R_HAND02_106,Recipe,TRUE,YES,YES,YES,icon_item_gloves_misc3,Drag,Action,Drag,Drag,,,,MAKING2,HAND02_106,R_HAND02_106,misc_0103,misc_ore03,,
57344,0,16384,0,0,0,0,0,0,0,0,0,0,0,0,0,0,0,0,0,R_FOOT02_106,Recipe,TRUE,YES,YES,YES,icon_item_boots_misc3,Drag,Action,Drag,Drag,,,,MAKING2,FOOT02_106,R_FOOT02_106,misc_0057,rsc_2_1,,
57856,0,16384,0,0,0,0,0,0,0,0,0,0,0,0,0,0,0,0,0,R_LEG02_106,Recipe,TRUE,YES,YES,YES,icon_item_pants_misc3,Drag,Action,Drag,Drag,,,,MAKING2,LEG02_106,R_LEG02_106,misc_0057,rsc_2_1,,
58368,0,16384,0,0,0,0,0,0,0,0,0,0,0,0,0,0,0,0,0,R_TOP02_106,Recipe,TRUE,YES,YES,YES,icon_item_shirts_misc3,Drag,Action,Drag,Drag,,,,MAKING2,TOP02_106,R_TOP02_106,misc_chupacabra_desert2,misc_Ammon,,
58880,0,16384,0,0,0,0,0,0,0,0,0,0,0,0,0,0,0,0,0,R_HAND02_107,Recipe,TRUE,YES,YES,YES,icon_item_gloves_misc3,Drag,Action,Drag,Drag,,,,MAKING2,HAND02_107,R_HAND02_107,misc_0045,rsc_2_2,,
59392,0,16384,0,0,0,0,0,0,0,0,0,0,0,0,0,0,0,0,0,R_FOOT02_107,Recipe,TRUE,YES,YES,YES,icon_item_boots_misc3,Drag,Action,Drag,Drag,,,,MAKING2,FOOT02_107,R_FOOT02_107,misc_0045,misc_ore03,,
59904,0,16384,0,0,0,0,0,0,0,0,0,0,0,0,0,0,0,0,0,R_LEG02_107,Recipe,TRUE,YES,YES,YES,icon_item_pants_misc3,Drag,Action,Drag,Drag,,,,MAKING2,LEG02_107,R_LEG02_107,misc_0056,misc_ore03,,
60416,0,16384,0,0,0,0,0,0,0,0,0,0,0,0,0,0,0,0,0,R_TOP02_107,Recipe,TRUE,YES,YES,YES,icon_item_shirts_misc3,Drag,Action,Drag,Drag,,,,MAKING2,TOP02_107,R_TOP02_107,misc_0056,rsc_2_2,,
60928,0,18432,0,0,0,0,0,0,0,0,0,0,0,0,0,0,0,0,0,R_FOOT02_108,Recipe,TRUE,YES,YES,YES,icon_item_boots_misc3,Drag,Action,Drag,Drag,,,,MAKING2,FOOT02_108,R_FOOT02_108,misc_0060,misc_0048,misc_0008,
61440,0,12288,0,0,0,0,0,0,0,0,0,0,0,0,0,0,0,0,0,R_LEG02_108,Recipe,TRUE,YES,YES,YES,icon_item_pants_misc3,Drag,Action,Drag,Drag,,,,MAKING2,LEG02_108,R_LEG02_108,misc_ellomago,misc_ellom,misc_0037,
61952,0,36864,0,0,0,0,0,0,0,0,0,0,0,0,0,0,0,0,0,R_HAND02_109,Recipe,TRUE,YES,YES,YES,icon_item_gloves_misc3,Drag,Action,Drag,Drag,,,,MAKING2,HAND02_109,R_HAND02_109,HAND01_109,rsc_2_4,,
62464,0,0,0,0,0,0,0,0,0,0,0,0,0,0,0,0,0,0,0,R_TOP02_109,Recipe,TRUE,YES,YES,YES,icon_item_shirts_misc3,Drag,Action,Drag,Drag,,,,MAKING2,TOP02_109,R_TOP02_109,TOP01_109,rsc_2_4,misc_0049,
62976,0,16384,0,0,0,0,0,0,0,0,0,0,0,0,0,0,0,0,0,R_LEG02_110,Recipe,TRUE,YES,YES,YES,icon_item_pants_misc3,Drag,Action,Drag,Drag,,,,MAKING2,LEG02_110,R_LEG02_110,LEG01_105,,,
63488,0,16384,0,0,0,0,0,0,0,0,0,0,0,0,0,0,0,0,0,R_TOP02_110,Recipe,TRUE,YES,YES,YES,icon_item_shirts_misc3,Drag,Action,Drag,Drag,,,,MAKING2,TOP02_110,R_TOP02_110,TOP01_105,,,
64000,0,16384,0,0,0,0,0,0,0,0,0,0,0,0,0,0,0,0,0,R_HAND02_111,Recipe,TRUE,YES,YES,YES,icon_item_gloves_misc3,Drag,Action,Drag,Drag,,,,MAKING2,HAND02_111,R_HAND02_111,misc_Tucen,misc_0063,,
64512,0,16384,0,0,0,0,0,0,0,0,0,0,0,0,0,0,0,0,0,R_FOOT02_111,Recipe,TRUE,YES,YES,YES,icon_item_boots_misc3,Drag,Action,Drag,Drag,,,,MAKING2,FOOT02_111,R_FOOT02_111,misc_0062,misc_0094,,
65024,0,16384,0,0,0,0,0,0,0,0,0,0,0,0,0,0,0,0,0,R_TOP02_111,Recipe,TRUE,YES,YES,YES,icon_item_shirts_misc3,Drag,Action,Drag,Drag,,,,MAKING2,TOP02_111,R_TOP02_111,misc_shtayim,misc_0093,,
0,0,0,0,0,0,0,0,0,0,0,0,0,0,0,0,0,0,0,0,R_LEG02_112,Recipe,TRUE,YES,YES,YES,icon_item_pants_misc3,Drag,Action,Drag,Drag,,,,MAKING2,LEG02_112,R_LEG02_112,misc_arburn_pokubu_blue2,rsc_3_1,,
512,0,0,0,0,0,0,0,0,0,0,0,0,0,0,0,0,0,0,0,R_TOP02_112,Recipe,TRUE,YES,YES,YES,icon_item_shirts_misc3,Drag,Action,Drag,Drag,,,,MAKING2,TOP02_112,R_TOP02_112,misc_arburn_pokubu_blue2,rsc_3_2,,
1024,0,16384,0,0,0,0,0,0,0,0,0,0,0,0,0,0,0,0,0,R_HAND02_113,Recipe,TRUE,YES,YES,YES,icon_item_gloves_misc3,Drag,Action,Drag,Drag,,,,MAKING2,HAND02_113,R_HAND02_113,misc_Fire_Dragon2,,,
1536,0,16384,0,0,0,0,0,0,0,0,0,0,0,0,0,0,0,0,0,R_FOOT02_113,Recipe,TRUE,YES,YES,YES,icon_item_boots_misc3,Drag,Action,Drag,Drag,,,,MAKING2,FOOT02_113,R_FOOT02_113,misc_Fire_Dragon2,,,
2048,0,16384,0,0,0,0,0,0,0,0,0,0,0,0,0,0,0,0,0,R_LEG02_113,Recipe,TRUE,YES,YES,YES,icon_item_pants_misc3,Drag,Action,Drag,Drag,,,,MAKING2,LEG02_113,R_LEG02_113,misc_Fire_Dragon2,rsc_2_4,,
2560,0,16384,0,0,0,0,0,0,0,0,0,0,0,0,0,0,0,0,0,R_TOP02_113,Recipe,TRUE,YES,YES,YES,icon_item_shirts_misc3,Drag,Action,Drag,Drag,,,,MAKING2,TOP02_113,R_TOP02_113,misc_Fire_Dragon2,misc_0083,,
3072,0,16384,0,0,0,0,0,0,0,0,0,0,0,0,0,0,0,0,0,R_HAND02_114,Recipe,TRUE,YES,YES,YES,icon_item_gloves_misc3,Drag,Action,Drag,Drag,,,,MAKING2,HAND02_114,R_HAND02_114,HAND01_122,misc_silverbar,,
3584,0,16384,0,0,0,0,0,0,0,0,0,0,0,0,0,0,0,0,0,R_FOOT02_114,Recipe,TRUE,YES,YES,YES,icon_item_boots_misc3,Drag,Action,Drag,Drag,,,,MAKING2,FOOT02_114,R_FOOT02_114,FOOT01_122,misc_silverbar,,
4096,0,16384,0,0,0,0,0,0,0,0,0,0,0,0,0,0,0,0,0,R_LEG02_114,Recipe,TRUE,YES,YES,YES,icon_item_pants_misc3,Drag,Action,Drag,Drag,,,,MAKING2,LEG02_114,R_LEG02_114,LEG01_122,misc_silverbar,,
4608,0,16384,0,0,0,0,0,0,0,0,0,0,0,0,0,0,0,0,0,R_TOP02_114,Recipe,TRUE,YES,YES,YES,icon_item_shirts_misc3,Drag,Action,Drag,Drag,,,,MAKING2,TOP02_114,R_TOP02_114,TOP01_122,misc_silverbar,,
5120,0,16384,0,0,0,0,0,0,0,0,0,0,0,0,0,0,0,0,0,R_HAND03_101,Recipe,TRUE,YES,YES,YES,icon_item_gloves_misc4,Drag,Action,Drag,Drag,,,,MAKING2,HAND03_101,R_HAND03_101,misc_0013,misc_bubeWarriorBlood,,
5632,0,16384,0,0,0,0,0,0,0,0,0,0,0,0,0,0,0,0,0,R_HAND03_102,Recipe,TRUE,YES,YES,YES,icon_item_gloves_misc4,Drag,Action,Drag,Drag,,,,MAKING2,HAND03_102,R_HAND03_102,misc_ore02,misc_ore03,misc_ore04,
6144,0,57344,0,0,0,0,0,0,0,0,0,0,0,0,0,0,0,0,0,R_HAND03_103,Recipe,TRUE,YES,YES,YES,icon_item_gloves_misc4,Drag,Action,Drag,Drag,,,,MAKING2,HAND03_103,R_HAND03_103,HAND01_107,leaf_hanaming,rsc_3_1,
6656,0,41984,16384,0,0,0,0,0,0,0,0,0,0,0,0,0,0,0,0,R_FOOT03_103,Recipe,TRUE,YES,YES,YES,icon_item_boots_misc4,Drag,Action,Drag,Drag,,,,MAKING2,FOOT03_103,R_FOOT03_103,FOOT01_107,misc_Sakmoli,rsc_3_1,
7168,0,49152,32768,0,0,0,0,0,0,0,0,0,0,0,0,0,0,0,0,R_LEG03_103,Recipe,TRUE,YES,YES,YES,icon_item_pants_misc4,Drag,Action,Drag,Drag,,,,MAKING2,LEG03_103,R_LEG03_103,LEG01_107,misc_Caro,rsc_3_1,
7680,0,4096,40960,0,0,0,0,0,0,0,0,0,0,0,0,0,0,0,0,R_TOP03_103,Recipe,TRUE,YES,YES,YES,icon_item_shirts_misc4,Drag,Action,Drag,Drag,,,,MAKING2,TOP03_103,R_TOP03_103,TOP01_107,misc_0004,rsc_3_1,
8192,0,16384,0,0,0,0,0,0,0,0,0,0,0,0,0,0,0,0,0,R_TOP03_104,Recipe,TRUE,YES,YES,YES,icon_item_shirts_misc4,Drag,Action,Drag,Drag,,,,MAKING2,TOP03_104,R_TOP03_104,TOP02_105,misc_jore12,misc_jore13,
8704,0,16384,0,0,0,0,0,0,0,0,0,0,0,0,0,0,0,0,0,R_HAND03_105,Recipe,TRUE,YES,YES,YES,icon_item_gloves_misc4,Drag,Action,Drag,Drag,,,,MAKING2,HAND03_105,R_HAND03_105,misc_Cockatries2,misc_jellyfish,,
9216,0,16384,0,0,0,0,0,0,0,0,0,0,0,0,0,0,0,0,0,R_FOOT03_105,Recipe,TRUE,YES,YES,YES,icon_item_boots_misc4,Drag,Action,Drag,Drag,,,,MAKING2,FOOT03_105,R_FOOT03_105,misc_Cockatries2,misc_0077,,
9728,0,16384,0,0,0,0,0,0,0,0,0,0,0,0,0,0,0,0,0,R_LEG03_105,Recipe,TRUE,YES,YES,YES,icon_item_pants_misc4,Drag,Action,Drag,Drag,,,,MAKING2,LEG03_105,R_LEG03_105,misc_Cockatries2,misc_shredded2,,
10240,0,16384,0,0,0,0,0,0,0,0,0,0,0,0,0,0,0,0,0,R_TOP03_105,Recipe,TRUE,YES,YES,YES,icon_item_shirts_misc4,Drag,Action,Drag,Drag,,,,MAKING2,TOP03_105,R_TOP03_105,misc_Cockatries2,misc_banshee3,,
10752,0,16384,0,0,0,0,0,0,0,0,0,0,0,0,0,0,0,0,0,R_HAND03_106,Recipe,TRUE,YES,YES,YES,icon_item_gloves_misc4,Drag,Action,Drag,Drag,,,,MAKING2,HAND03_106,R_HAND03_106,misc_glizardon,,,
11264,0,16384,0,0,0,0,0,0,0,0,0,0,0,0,0,0,0,0,0,R_FOOT03_106,Recipe,TRUE,YES,YES,YES,icon_item_boots_misc4,Drag,Action,Drag,Drag,,,,MAKING2,FOOT03_106,R_FOOT03_106,misc_Ultanun,,,
11776,0,16384,0,0,0,0,0,0,0,0,0,0,0,0,0,0,0,0,0,R_LEG03_106,Recipe,TRUE,YES,YES,YES,icon_item_pants_misc4,Drag,Action,Drag,Drag,,,,MAKING2,LEG03_106,R_LEG03_106,misc_shredded3,misc_arburn_pokubu_blue3,,
12288,0,16384,0,0,0,0,0,0,0,0,0,0,0,0,0,0,0,0,0,R_TOP03_106,Recipe,TRUE,YES,YES,YES,icon_item_shirts_misc4,Drag,Action,Drag,Drag,,,,MAKING2,TOP03_106,R_TOP03_106,misc_hogma_warrior2,misc_arburn_pokubu_blue3,,
12800,0,16384,0,0,0,0,0,0,0,0,0,0,0,0,0,0,0,0,0,R_HAND03_107,Recipe,TRUE,YES,YES,YES,icon_item_gloves_misc4,Drag,Action,Drag,Drag,,,,MAKING2,HAND03_107,R_HAND03_107,misc_Hallowventor,rsc_4_1,,
13312,0,16384,0,0,0,0,0,0,0,0,0,0,0,0,0,0,0,0,0,R_FOOT03_107,Recipe,TRUE,YES,YES,YES,icon_item_boots_misc4,Drag,Action,Drag,Drag,,,,MAKING2,FOOT03_107,R_FOOT03_107,misc_schlesien_darkmage3,rsc_4_1,,
13824,0,16384,0,0,0,0,0,0,0,0,0,0,0,0,0,0,0,0,0,R_LEG03_107,Recipe,TRUE,YES,YES,YES,icon_item_pants_misc4,Drag,Action,Drag,Drag,,,,MAKING2,LEG03_107,R_LEG03_107,misc_tower_of_firepuppet2,rsc_4_1,,
14336,0,16384,0,0,0,0,0,0,0,0,0,0,0,0,0,0,0,0,0,R_TOP03_107,Recipe,TRUE,YES,YES,YES,icon_item_shirts_misc4,Drag,Action,Drag,Drag,,,,MAKING2,TOP03_107,R_TOP03_107,misc_tower_of_firepuppet2,rsc_4_1,,
14848,0,16384,0,0,0,0,0,0,0,0,0,0,0,0,0,0,0,0,0,R_FOOT04_101,Recipe,TRUE,YES,YES,YES,icon_item_shirts_misc5,Drag,Action,Drag,Drag,,,,MAKING2,FOOT04_101,R_FOOT04_101,,,,
16384,0,16384,0,0,0,0,0,0,0,0,0,0,0,0,0,0,0,0,0,R_TOP04_104,Recipe,TRUE,YES,YES,YES,icon_item_shirts_misc5,Drag,Action,Drag,Drag,,,,MAKING2,TOP04_104,R_TOP04_104,card_Chapparition,hrsc_2_1,rsc_4_1,
16896,0,16384,0,0,0,0,0,0,0,0,0,0,0,0,0,0,0,0,0,R_HAND02_115,Recipe,TRUE,YES,YES,YES,icon_item_gloves_misc3,Drag,Action,Drag,Drag,,,,MAKING2,HAND02_115,R_HAND02_115,misc_0013,misc_0016,,
17920,0,16384,0,0,0,0,0,0,0,0,0,0,0,0,0,0,0,0,0,R_TOP02_118,Recipe,TRUE,YES,YES,NO,icon_item_shirts_misc3,Drag,Action,Drag,Drag,,,,MAKING2,TOP02_118,R_TOP02_118,TOP01_104,misc_0018,,
18944,0,16384,0,0,0,0,0,0,0,0,0,0,0,0,0,0,0,0,0,R_FOOT02_119,Recipe,TRUE,YES,YES,NO,icon_item_boots_misc3,Drag,Action,Drag,Drag,,,,MAKING2,FOOT02_119,R_FOOT02_119,misc_FOOT02_119_1,misc_FOOT02_119_2,,
27648,0,16384,0,0,0,0,0,0,0,0,0,0,0,0,0,0,0,0,0,R_TOP03_108,Recipe,TRUE,YES,YES,NO,icon_item_shirts_misc4,Drag,Action,Drag,Drag,,,,MAKING2,TOP03_108,R_TOP03_108,misc_0055,misc_yonazolem_Q1,misc_Denoptic,misc_Confinedion
28160,0,16384,0,0,0,0,0,0,0,0,0,0,0,0,0,0,0,0,0,R_TOP03_109,Recipe,TRUE,YES,YES,NO,icon_item_shirts_misc4,Drag,Action,Drag,Drag,,,,MAKING2,TOP03_109,R_TOP03_109,misc_ore03,misc_yonazolem_Q1,misc_Denoptic,misc_Confinedion
28672,0,16384,0,0,0,0,0,0,0,0,0,0,0,0,0,0,0,0,0,R_TOP03_110,Recipe,TRUE,YES,YES,NO,icon_item_shirts_misc4,Drag,Action,Drag,Drag,,,,MAKING2,TOP03_110,R_TOP03_110,misc_0109,misc_yonazolem_Q1,misc_Denoptic,misc_Confinedion
29696,0,16384,0,0,0,0,0,0,0,0,0,0,0,0,0,0,0,0,0,R_HAND02_122,Recipe,TRUE,YES,YES,YES,icon_item_gloves_misc3,Drag,Action,Drag,Drag,,,,MAKING2,HAND02_122,R_HAND02_122,misc_seedmia,misc_puragi,,
20480,0,0,0,0,0,0,0,0,0,0,0,0,0,0,0,0,0,0,0,R_TOP02_149,Recipe,TRUE,YES,YES,NO,icon_item_shirts_misc3,Drag,Action,Drag,Drag,,,,MAKING2,TOP02_149,R_TOP02_149,FORMINE_ARMOR_BAG01,FORMINE_ARMOR_SCAPULAR,FORMINE_ARMOR_BAG02,FORMINE_ARMOR_THORAX
20992,0,0,0,0,0,0,0,0,0,0,0,0,0,0,0,0,0,0,0,R_FOOT02_150,Recipe,TRUE,YES,YES,NO,icon_item_pants_misc3,Drag,Action,Drag,Drag,,,,MAKING2,FOOT02_150,R_FOOT02_150,misc_liena_pants_1,misc_liena_pants_2,,
21504,0,0,0,0,0,0,0,0,0,0,0,0,0,0,0,0,0,0,0,R_TOP02_150,Recipe,TRUE,YES,YES,NO,icon_item_shirts_misc3,Drag,Action,Drag,Drag,,,,MAKING2,TOP02_150,R_TOP02_150,misc_liena_top_1,misc_liena_top_2,,
22016,0,0,0,0,0,0,0,0,0,0,0,0,0,0,0,0,0,0,0,R_FOOT02_151,Recipe,TRUE,YES,YES,NO,icon_item_pants_misc3,Drag,Action,Drag,Drag,,,,MAKING2,FOOT02_151,R_FOOT02_151,misc_liena_pants_1,misc_liena_pants_2,,
22528,0,0,0,0,0,0,0,0,0,0,0,0,0,0,0,0,0,0,0,R_TOP02_151,Recipe,TRUE,YES,YES,NO,icon_item_shirts_misc3,Drag,Action,Drag,Drag,,,,MAKING2,TOP02_151,R_TOP02_151,misc_liena_top_1,misc_liena_top_2,,
23040,0,0,0,0,0,0,0,0,0,0,0,0,0,0,0,0,0,0,0,R_FOOT02_152,Recipe,TRUE,YES,YES,NO,icon_item_pants_misc3,Drag,Action,Drag,Drag,,,,MAKING2,FOOT02_152,R_FOOT02_152,misc_liena_pants_1,misc_liena_pants_2,,
23552,0,0,0,0,0,0,0,0,0,0,0,0,0,0,0,0,0,0,0,R_TOP02_152,Recipe,TRUE,YES,YES,NO,icon_item_shirts_misc3,Drag,Action,Drag,Drag,,,,MAKING2,TOP02_152,R_TOP02_149,misc_liena_top_1,misc_liena_top_2,,
12800,0,16384,0,0,0,0,0,0,0,0,0,0,0,0,0,0,0,0,0,R_SHD01_102,Recipe,TRUE,YES,YES,YES,icon_item_shirts_misc1,Drag,Action,Drag,Drag,,,,MAKING2,SHD01_102,R_SHD01_102,misc_0013,misc_Grummer,,
13824,0,16384,0,0,0,0,0,0,0,0,0,0,0,0,0,0,0,0,0,R_SHD01_103,Recipe,TRUE,YES,YES,YES,icon_item_shirts_misc1,Drag,Action,Drag,Drag,,,,MAKING2,SHD01_103,R_SHD01_103,misc_ore02,misc_Sakmoli,,
14336,0,16384,0,0,0,0,0,0,0,0,0,0,0,0,0,0,0,0,0,R_SHD01_104,Recipe,TRUE,YES,YES,YES,icon_item_shirts_misc1,Drag,Action,Drag,Drag,,,,MAKING2,SHD01_104,R_SHD01_104,misc_ore03,,,
14848,0,16384,0,0,0,0,0,0,0,0,0,0,0,0,0,0,0,0,0,R_SHD01_105,Recipe,TRUE,YES,YES,YES,icon_item_shirts_misc1,Drag,Action,Drag,Drag,,,,MAKING2,SHD01_105,R_SHD01_105,misc_0049,misc_Ammon,,
15360,0,16384,0,0,0,0,0,0,0,0,0,0,0,0,0,0,0,0,0,R_SHD01_106,Recipe,TRUE,YES,YES,YES,icon_item_shirts_misc1,Drag,Action,Drag,Drag,,,,MAKING2,SHD01_106,R_SHD01_106,misc_ore03,misc_0061,,
15872,0,16384,0,0,0,0,0,0,0,0,0,0,0,0,0,0,0,0,0,R_SHD01_107,Recipe,TRUE,YES,YES,YES,icon_item_shirts_misc1,Drag,Action,Drag,Drag,,,,MAKING2,SHD01_107,R_SHD01_107,misc_schlesien_guard,,,
16384,0,16384,0,0,0,0,0,0,0,0,0,0,0,0,0,0,0,0,0,R_SHD01_108,Recipe,TRUE,YES,YES,YES,icon_item_shirts_misc1,Drag,Action,Drag,Drag,,,,MAKING2,SHD01_108,R_SHD01_108,misc_Armory,,,
16896,0,16384,0,0,0,0,0,0,0,0,0,0,0,0,0,0,0,0,0,R_SHD02_101,Recipe,TRUE,YES,YES,YES,icon_item_shirts_misc3,Drag,Action,Drag,Drag,,,,MAKING2,SHD02_101,R_SHD02_101,misc_0002,misc_0006,,
17408,0,16384,0,0,0,0,0,0,0,0,0,0,0,0,0,0,0,0,0,R_SHD02_102,Recipe,TRUE,YES,YES,YES,icon_item_shirts_misc3,Drag,Action,Drag,Drag,,,,MAKING2,SHD02_102,R_SHD02_102,misc_Fisherman,,,
17920,0,7168,0,0,0,0,0,0,0,0,0,0,0,0,0,0,0,0,0,R_SHD02_103,Recipe,TRUE,YES,YES,YES,icon_item_shirts_misc3,Drag,Action,Drag,Drag,,,,MAKING2,SHD02_103,R_SHD02_103,misc_glizardon,misc_0018,,
18432,0,16384,0,0,0,0,0,0,0,0,0,0,0,0,0,0,0,0,0,R_SHD02_104,Recipe,TRUE,YES,YES,YES,icon_item_shirts_misc3,Drag,Action,Drag,Drag,,,,MAKING2,SHD02_104,R_SHD02_104,misc_Caro,misc_0043,misc_Mentiwood,
18944,0,16384,0,0,0,0,0,0,0,0,0,0,0,0,0,0,0,0,0,R_SHD02_105,Recipe,TRUE,YES,YES,YES,icon_item_shirts_misc3,Drag,Action,Drag,Drag,,,,MAKING2,SHD02_105,R_SHD02_105,SHD01_104,misc_ore03,,
19456,0,16384,0,0,0,0,0,0,0,0,0,0,0,0,0,0,0,0,0,R_SHD02_106,Recipe,TRUE,YES,YES,YES,icon_item_shirts_misc3,Drag,Action,Drag,Drag,,,,MAKING2,SHD02_106,R_SHD02_106,misc_warleader_hogma,misc_0105,,
19968,0,16384,0,0,0,0,0,0,0,0,0,0,0,0,0,0,0,0,0,R_SHD02_107,Recipe,TRUE,YES,YES,YES,icon_item_shirts_misc3,Drag,Action,Drag,Drag,,,,MAKING2,SHD02_107,R_SHD02_107,wood_03,misc_0076,misc_resin,
20480,0,28672,16384,0,0,0,0,0,0,0,0,0,0,0,0,0,0,0,0,R_SHD02_108,Recipe,TRUE,YES,YES,YES,icon_item_shirts_misc3,Drag,Action,Drag,Drag,,,,MAKING2,SHD02_108,R_SHD02_108,misc_ore04,misc_rublem2,,
20992,0,16384,0,0,0,0,0,0,0,0,0,0,0,0,0,0,0,0,0,R_SHD03_101,Recipe,TRUE,YES,YES,YES,icon_item_shirts_misc4,Drag,Action,Drag,Drag,,,,MAKING2,SHD03_101,R_SHD03_101,misc_ore03,misc_pantoSword,,
21504,0,16384,0,0,0,0,0,0,0,0,0,0,0,0,0,0,0,0,0,R_SHD03_102,Recipe,TRUE,YES,YES,YES,icon_item_shirts_misc4,Drag,Action,Drag,Drag,,,,MAKING2,SHD03_102,R_SHD03_102,SHD02_103,misc_ore07,,
22016,0,16384,0,0,0,0,0,0,0,0,0,0,0,0,0,0,0,0,0,R_SHD03_103,Recipe,TRUE,YES,YES,YES,icon_item_shirts_misc4,Drag,Action,Drag,Drag,,,,MAKING2,SHD03_103,R_SHD03_103,SHD02_102,misc_varv2,,
22528,0,16384,0,0,0,0,0,0,0,0,0,0,0,0,0,0,0,0,0,R_SHD04_101,Recipe,TRUE,YES,YES,YES,icon_item_shirts_misc5,Drag,Action,Drag,Drag,,,,MAKING2,SHD04_101,R_SHD04_101,misc_jore17,misc_jore08,gem_star_1,
23040,0,16384,0,0,0,0,0,0,0,0,0,0,0,0,0,0,0,0,0,R_SHD04_102,Recipe,TRUE,YES,YES,YES,icon_item_shirts_misc5,Drag,Action,Drag,Drag,,,,MAKING2,SHD04_102,R_SHD04_102,SHD02_107,SHD01_107,,
512,0,16384,0,0,0,0,0,0,0,0,0,0,0,0,0,0,0,0,0,R_DAG01_101,Recipe,TRUE,YES,YES,YES,icon_item_weapon_misc1,Drag,Action,Drag,Drag,,,,MAKING2,DAG01_101,R_DAG01_101,misc_shtayim,misc_Tontulia,,
1024,0,16384,0,0,0,0,0,0,0,0,0,0,0,0,0,0,0,0,0,R_DAG01_102,Recipe,TRUE,YES,YES,YES,icon_item_weapon_misc1,Drag,Action,Drag,Drag,,,,MAKING2,DAG01_102,R_DAG01_102,misc_ore04,misc_zigri,,
1536,0,16384,0,0,0,0,0,0,0,0,0,0,0,0,0,0,0,0,0,R_DAG01_103,Recipe,TRUE,YES,YES,YES,icon_item_weapon_misc1,Drag,Action,Drag,Drag,,,,MAKING2,DAG01_103,R_DAG01_103,misc_ore04,,,
59648,0,16384,0,0,0,0,0,0,0,0,0,0,0,0,0,0,0,0,0,R_NECK01_111,Recipe,TRUE,YES,YES,YES,icon_item_necklace_misc1,Drag,Action,Drag,Drag,,,,MAKING2,NECK01_111,R_NECK01_111,misc_0006,,,
62464,0,16384,0,0,0,0,0,0,0,0,0,0,0,0,0,0,0,0,0,R_NECK02_101,Recipe,TRUE,YES,YES,YES,icon_item_necklace_misc3,Drag,Action,Drag,Drag,,,,MAKING2,NECK02_101,R_NECK02_101,misc_0013,,,
62720,0,0,0,0,0,0,0,0,0,0,0,0,0,0,0,0,0,0,0,R_NECK02_102,Recipe,TRUE,YES,YES,YES,icon_item_necklace_misc3,Drag,Action,Drag,Drag,,,,MAKING2,NECK02_102,R_NECK02_102,misc_0018,,,
62976,0,16384,0,0,0,0,0,0,0,0,0,0,0,0,0,0,0,0,0,R_NECK02_103,Recipe,TRUE,YES,YES,YES,icon_item_necklace_misc3,Drag,Action,Drag,Drag,,,,MAKING2,NECK02_103,R_NECK02_103,misc_jore09,misc_seedmia,,
63232,0,16384,0,0,0,0,0,0,0,0,0,0,0,0,0,0,0,0,0,R_NECK02_104,Recipe,TRUE,YES,YES,YES,icon_item_necklace_misc3,Drag,Action,Drag,Drag,,,,MAKING2,NECK02_104,R_NECK02_104,misc_jore11,misc_Caro,,
63488,0,16384,0,0,0,0,0,0,0,0,0,0,0,0,0,0,0,0,0,R_NECK02_105,Recipe,TRUE,YES,YES,YES,icon_item_necklace_misc3,Drag,Action,Drag,Drag,,,,MAKING2,NECK02_105,R_NECK02_105,NECK01_115,NECK01_116,rsc_2_2,
63744,0,16384,0,0,0,0,0,0,0,0,0,0,0,0,0,0,0,0,0,R_NECK02_106,Recipe,TRUE,YES,YES,YES,icon_item_necklace_misc3,Drag,Action,Drag,Drag,,,,MAKING2,NECK02_106,R_NECK02_106,NECK01_112,misc_0048,,
65024,0,16384,0,0,0,0,0,0,0,0,0,0,0,0,0,0,0,0,0,R_NECK02_111,Recipe,TRUE,YES,YES,YES,icon_item_necklace_misc3,Drag,Action,Drag,Drag,,,,MAKING2,NECK02_111,R_NECK02_111,NECK01_114,misc_glizardon2,,
65280,0,16384,0,0,0,0,0,0,0,0,0,0,0,0,0,0,0,0,0,R_NECK02_112,Recipe,TRUE,YES,YES,YES,icon_item_necklace_misc3,Drag,Action,Drag,Drag,,,,MAKING2,NECK02_112,R_NECK02_112,NECK02_108,NECK02_109,rsc_3_1,
0,0,16384,0,0,0,0,0,0,0,0,0,0,0,0,0,0,0,0,0,R_NECK03_101,Recipe,TRUE,YES,YES,YES,icon_item_necklace_misc4,Drag,Action,Drag,Drag,,,,MAKING2,NECK03_101,R_NECK03_101,NECK02_111,NECK02_105,misc_jore06,
256,0,16384,0,0,0,0,0,0,0,0,0,0,0,0,0,0,0,0,0,R_NECK03_102,Recipe,TRUE,YES,YES,YES,icon_item_necklace_misc4,Drag,Action,Drag,Drag,,,,MAKING2,NECK03_102,R_NECK03_102,NECK02_101,misc_jore06,,
512,0,16384,0,0,0,0,0,0,0,0,0,0,0,0,0,0,0,0,0,R_NECK03_103,Recipe,TRUE,YES,YES,YES,icon_item_necklace_misc4,Drag,Action,Drag,Drag,,,,MAKING2,NECK03_103,R_NECK03_103,NECK02_103,,,
1280,0,16384,0,0,0,0,0,0,0,0,0,0,0,0,0,0,0,0,0,R_NECK04_103,Recipe,TRUE,YES,YES,YES,icon_item_necklace_misc5,Drag,Action,Drag,Drag,,,,MAKING2,NECK04_103,R_NECK04_103,NECK01_116,NECK01_121,card_Spector_m,hrsc_2_1
2304,0,16384,0,0,0,0,0,0,0,0,0,0,0,0,0,0,0,0,0,R_NECK03_104,Recipe,TRUE,YES,YES,NO,icon_item_necklace_misc4,Drag,Action,Drag,Drag,,,,MAKING2,NECK03_104,R_NECK03_104,misc_NECK03_104_1,misc_NECK03_104_2,misc_NECK03_104_3,
3584,0,16384,0,0,0,0,0,0,0,0,0,0,0,0,0,0,0,0,0,R_NECK01_125,Recipe,TRUE,NO,NO,NO,icon_item_necklace_misc1,Drag,Action,Drag,Drag,,,,MAKING2,NECK01_125,R_NECK01_125,PILGRIM50_ITEM_06,,,
53504,0,16384,0,0,0,0,0,0,0,0,0,0,0,0,0,0,0,0,0,R_BRC01_110,Recipe,TRUE,YES,YES,YES,icon_item_bracelet_misc1,Drag,Action,Drag,Drag,,,,MAKING2,BRC01_110,R_BRC01_110,misc_0009,,,
55040,0,16384,0,0,0,0,0,0,0,0,0,0,0,0,0,0,0,0,0,R_BRC01_115,Recipe,TRUE,YES,YES,YES,icon_item_bracelet_misc1,Drag,Action,Drag,Drag,,,,MAKING2,BRC01_115,R_BRC01_115,misc_ore02,,,
56320,0,16384,0,0,0,0,0,0,0,0,0,0,0,0,0,0,0,0,0,R_BRC02_101,Recipe,TRUE,YES,YES,NO,icon_item_bracelet_misc3,Drag,Action,Drag,Drag,,,,MAKING2,BRC02_101,R_BRC02_101,BRC01_105,misc_brcCrystal,,
56576,0,16384,0,0,0,0,0,0,0,0,0,0,0,0,0,0,0,0,0,R_BRC02_102,Recipe,TRUE,YES,YES,YES,icon_item_bracelet_misc3,Drag,Action,Drag,Drag,,,,MAKING2,BRC02_102,R_BRC02_102,misc_Grummer,misc_0016,,
56832,0,16384,0,0,0,0,0,0,0,0,0,0,0,0,0,0,0,0,0,R_BRC02_103,Recipe,TRUE,YES,YES,YES,icon_item_bracelet_misc3,Drag,Action,Drag,Drag,,,,MAKING2,BRC02_103,R_BRC02_103,misc_zigri,misc_ore02,,
57088,0,16384,0,0,0,0,0,0,0,0,0,0,0,0,0,0,0,0,0,R_BRC02_104,Recipe,TRUE,YES,YES,YES,icon_item_bracelet_misc3,Drag,Action,Drag,Drag,,,,MAKING2,BRC02_104,R_BRC02_104,misc_maize,misc_0112,,
57344,0,0,0,0,0,0,0,0,0,0,0,0,0,0,0,0,0,0,0,R_BRC02_105,Recipe,TRUE,YES,YES,YES,icon_item_bracelet_misc3,Drag,Action,Drag,Drag,,,,MAKING2,BRC02_105,R_BRC02_105,misc_Caro,,,
57600,0,16384,0,0,0,0,0,0,0,0,0,0,0,0,0,0,0,0,0,R_BRC02_106,Recipe,TRUE,YES,YES,YES,icon_item_bracelet_misc3,Drag,Action,Drag,Drag,,,,MAKING2,BRC02_106,R_BRC02_106,misc_0049,misc_0025,,
57856,0,16384,0,0,0,0,0,0,0,0,0,0,0,0,0,0,0,0,0,R_BRC02_107,Recipe,TRUE,YES,YES,YES,icon_item_bracelet_misc3,Drag,Action,Drag,Drag,,,,MAKING2,BRC02_107,R_BRC02_107,rsc_2_4,,,
58112,0,16384,0,0,0,0,0,0,0,0,0,0,0,0,0,0,0,0,0,R_BRC02_108,Recipe,TRUE,YES,YES,YES,icon_item_bracelet_misc3,Drag,Action,Drag,Drag,,,,MAKING2,BRC02_108,R_BRC02_108,rsc_3_2,misc_0058,,
58368,0,16384,0,0,0,0,0,0,0,0,0,0,0,0,0,0,0,0,0,R_BRC02_109,Recipe,TRUE,YES,YES,YES,icon_item_bracelet_misc3,Drag,Action,Drag,Drag,,,,MAKING2,BRC02_109,R_BRC02_109,misc_jore12,misc_jore13,,
58624,0,16384,0,0,0,0,0,0,0,0,0,0,0,0,0,0,0,0,0,R_BRC02_110,Recipe,TRUE,YES,YES,YES,icon_item_bracelet_misc3,Drag,Action,Drag,Drag,,,,MAKING2,BRC02_110,R_BRC02_110,BRC02_107,rsc_3_1,misc_Bume_Goblin,
58880,0,16384,0,0,0,0,0,0,0,0,0,0,0,0,0,0,0,0,0,R_BRC02_111,Recipe,TRUE,YES,YES,YES,icon_item_bracelet_misc3,Drag,Action,Drag,Drag,,,,MAKING2,BRC02_111,R_BRC02_111,gem_diamond_1,gem_circle_1,rsc_3_2,
59136,0,16384,0,0,0,0,0,0,0,0,0,0,0,0,0,0,0,0,0,R_BRC03_101,Recipe,TRUE,YES,YES,YES,icon_item_bracelet_misc4,Drag,Action,Drag,Drag,,,,MAKING2,BRC03_101,R_BRC03_101,BRC01_110,BRC02_103,rsc_3_1,
59392,0,16384,0,0,0,0,0,0,0,0,0,0,0,0,0,0,0,0,0,R_BRC03_102,Recipe,TRUE,YES,YES,YES,icon_item_bracelet_misc4,Drag,Action,Drag,Drag,,,,MAKING2,BRC03_102,R_BRC03_102,BRC02_105,misc_Haming2,rsc_3_2,
59648,0,16384,0,0,0,0,0,0,0,0,0,0,0,0,0,0,0,0,0,R_BRC03_103,Recipe,TRUE,YES,YES,YES,icon_item_bracelet_misc4,Drag,Action,Drag,Drag,,,,MAKING2,BRC03_103,R_BRC03_103,misc_0046,misc_Tanu,misc_bubeBlood,
59904,0,16384,0,0,0,0,0,0,0,0,0,0,0,0,0,0,0,0,0,R_BRC03_104,Recipe,TRUE,YES,YES,YES,icon_item_bracelet_misc4,Drag,Action,Drag,Drag,,,,MAKING2,BRC03_104,R_BRC03_104,BRC02_102,misc_Sauga_s3,,
60160,0,16384,0,0,0,0,0,0,0,0,0,0,0,0,0,0,0,0,0,R_BRC04_101,Recipe,TRUE,YES,YES,YES,icon_item_bracelet_misc5,Drag,Action,Drag,Drag,,,,MAKING2,BRC04_101,R_BRC04_101,BRC02_110,arrow_01,rsc_4_1,
61184,0,16384,0,0,0,0,0,0,0,0,0,0,0,0,0,0,0,0,0,R_BRC03_105,Recipe,TRUE,YES,YES,NO,icon_item_bracelet_misc4,Drag,Action,Drag,Drag,,,,MAKING2,BRC03_105,R_BRC03_105,misc_0065,misc_BRC03_105_1,misc_BRC03_105_2,
47616,0,16384,0,0,0,0,0,0,0,0,0,0,0,0,0,0,0,0,0,R_Hat_628024,Recipe,TRUE,YES,YES,NO,icon_item_helm_misc1,Drag,Action,Drag,Drag,,,,MAKING2,Hat_628024,R_Hat_628024,Hat_628023,misc_0037,,
56064,0,16384,0,0,0,0,0,0,0,0,0,0,0,0,0,0,0,0,0,R_Hat_628052,Recipe,TRUE,YES,YES,YES,icon_item_helm_misc1,Drag,Action,Drag,Drag,,,,MAKING2,Hat_628052,R_Hat_628052,misc_ore03,,,
58112,0,16384,0,0,0,0,0,0,0,0,0,0,0,0,0,0,0,0,0,R_Hat_628043,Recipe,TRUE,YES,YES,NO,icon_item_helm_misc1,Drag,Action,Drag,Drag,,,,MAKING2,Hat_628043,R_Hat_628043,misc_0018,,,
58368,0,16384,0,0,0,0,0,0,0,0,0,0,0,0,0,0,0,0,0,R_Hat_628060,Recipe,TRUE,YES,YES,YES,icon_item_helm_misc1,Drag,Action,Drag,Drag,,,,MAKING2,Hat_628060,R_Hat_628060,misc_0100,,,
59392,0,16384,0,0,0,0,0,0,0,0,0,32768,0,0,0,0,0,0,0,R_Hat_628054,Recipe,TRUE,YES,YES,YES,icon_item_helm_misc1,Drag,Action,Drag,Drag,,,,MAKING2,Hat_628054,R_Hat_628054,misc_0001,,,
59648,0,0,0,0,0,0,0,0,0,0,0,0,0,0,0,0,0,0,0,R_Hat_628063,Recipe,TRUE,YES,YES,NO,icon_item_helm_misc1,Drag,Action,Drag,Drag,,,,MAKING2,Hat_628063,R_Hat_628063,misc_Fire_Dragon2,misc_Cockatries,,
61952,0,16384,0,0,0,0,0,0,0,0,0,0,0,0,0,0,0,0,0,R_Hat_628070,Recipe,TRUE,YES,YES,YES,icon_item_helm_misc1,Drag,Action,Drag,Drag,,,,MAKING2,Hat_628070,R_Hat_628070,misc_Velwriggler,misc_0126,,
62464,0,16384,0,0,0,0,0,0,0,0,0,0,0,0,0,0,0,0,0,R_Hat_628072,Recipe,TRUE,YES,YES,YES,icon_item_helm_misc1,Drag,Action,Drag,Drag,,,,MAKING2,Hat_628072,R_Hat_628072,misc_0001,,,
64768,0,16384,0,0,0,0,0,0,0,0,0,0,0,0,0,0,0,0,0,R_Hat_628081,Recipe,TRUE,YES,YES,YES,icon_item_helm_misc1,Drag,Action,Drag,Drag,,,,MAKING2,Hat_628081,R_Hat_628081,misc_banshee3,,,
768,0,16384,0,0,0,0,0,0,0,0,0,0,0,0,0,0,0,0,0,R_Hat_628087,Recipe,TRUE,YES,YES,YES,icon_item_helm_misc1,Drag,Action,Drag,Drag,,,,MAKING2,Hat_628087,R_Hat_628087,misc_chupacabra2,,,
1024,0,16384,0,0,0,0,0,0,0,0,0,0,0,0,0,0,0,0,0,R_Hat_628088,Recipe,TRUE,YES,YES,YES,icon_item_helm_misc1,Drag,Action,Drag,Drag,,,,MAKING2,Hat_628088,R_Hat_628088,misc_chupacabra_desert2,misc_0035,,
1536,0,16384,0,0,0,0,0,0,0,0,0,0,0,0,0,0,0,0,0,R_Hat_628090,Recipe,TRUE,YES,YES,YES,icon_item_helm_misc1,Drag,Action,Drag,Drag,,,,MAKING2,Hat_628090,R_Hat_628090,misc_egnome2,,,
3072,0,16384,0,0,0,0,0,0,0,0,0,0,0,0,0,0,0,0,0,R_Hat_628096,Recipe,TRUE,YES,YES,YES,icon_item_helm_misc1,Drag,Action,Drag,Drag,,,,MAKING2,Hat_628096,R_Hat_628096,,food_014,misc_Geppetto2,
