ClassID,ClassName,UseJob,Riding,RHand,LHand,Stance1,Stance2,Stance3,Stance4,Stance5,Stance6,Stance7,Stance8,Stance9,Stance10,Stance11,Stance12,Stance13,Stance14,Stance15,Stance16,Stance17,Stance18,Stance19,Stance20
0,StnCond_101,Char1_1,FALSE,,,OneHandSwordShield,,,,,,,,,,,,,,,,,,,
0,StnCond_102,Char1_1,FALSE,Sword,,OneHandSword,,,,,,,,,,,,,,,,,,,
0,StnCond_103,Char1_1,FALSE,Sword,Artefact,OneHandSwordShield,,,,,,,,,,,,,,,,,,,
0,StnCond_104,Char1_1,FALSE,Sword,Shield,OneHandSwordShield,,,,,,,,,,,,,,,,,,,
0,StnCond_105,Char1_1,FALSE,Staff,,OneHandSword,,,,,,,,,,,,,,,,,,,
0,StnCond_106,Char1_1,FALSE,Staff,Shield,OneHandSwordShield,,,,,,,,,,,,,,,,,,,
0,StnCond_107,Char1_1,FALSE,Staff,Artefact,OneHandSwordShield,,,,,,,,,,,,,,,,,,,
0,StnCond_108,Char1_1,FALSE,Mace,,OneHandSword,,,,,,,,,,,,,,,,,,,
0,StnCond_109,Char1_1,FALSE,Mace,Shield,OneHandSwordShield,,,,,,,,,,,,,,,,,,,
0,StnCond_110,Char1_1,FALSE,Mace,Artefact,OneHandSwordShield,,,,,,,,,,,,,,,,,,,
0,StnCond_111,Char1_1,FALSE,THSword,,TwoHandSword,,,,,,,,,,,,,,,,,,,
0,StnCond_112,Char1_1,FALSE,,Shield,OneHandSwordShield,,,,,,,,,,,,,,,,,,,
0,StnCond_113,Char1_1,FALSE,,Artefact,OneHandSwordShield,,,,,,,,,,,,,,,,,,,
0,StnCond_114,Char1_1,FALSE,Spear,,OneHandSpear,,,,,,,,,,,,,,,,,,,
0,StnCond_115,Char1_1,FALSE,Spear,Shield,OneHandSpearShield,,,,,,,,,,,,,,,,,,,
0,StnCond_116,Char1_1,FALSE,Spear,Artefact,OneHandSpearShield,,,,,,,,,,,,,,,,,,,
0,StnCond_117,Char1_1,FALSE,Wand,,OneHandSword,,,,,,,,,,,,,,,,,,,
0,StnCond_118,Char1_1,FALSE,Wand,Shield,OneHandSwordShield,,,,,,,,,,,,,,,,,,,
0,StnCond_119,Char1_1,FALSE,Wand,Artefact,OneHandSwordShield,,,,,,,,,,,,,,,,,,,
0,StnCond_120,Char1_1,FALSE,THSpear,,TwoHandSpear,,,,,,,,,,,,,,,,,,,
0,StnCond_201,Char1_2,FALSE,,,OneHandSwordShield,,,,,,,,,,,,,,,,,,,
0,StnCond_202,Char1_2,FALSE,Sword,,OneHandSword,,,,,,,,,,,,,,,,,,,
0,StnCond_203,Char1_2,FALSE,Sword,Artefact,OneHandSwordShield,,,,,,,,,,,,,,,,,,,
0,StnCond_204,Char1_2,FALSE,Sword,Shield,OneHandSwordShield,,,,,,,,,,,,,,,,,,,
0,StnCond_205,Char1_2,FALSE,Staff,,OneHandSword,,,,,,,,,,,,,,,,,,,
0,StnCond_206,Char1_2,FALSE,Staff,Shield,OneHandSwordShield,,,,,,,,,,,,,,,,,,,
0,StnCond_207,Char1_2,FALSE,Staff,Artefact,OneHandSwordShield,,,,,,,,,,,,,,,,,,,
0,StnCond_208,Char1_2,FALSE,Mace,,OneHandSword,,,,,,,,,,,,,,,,,,,
0,StnCond_209,Char1_2,FALSE,Mace,Shield,OneHandSwordShield,,,,,,,,,,,,,,,,,,,
0,StnCond_210,Char1_2,FALSE,Mace,Artefact,OneHandSwordShield,,,,,,,,,,,,,,,,,,,
0,StnCond_211,Char1_2,FALSE,THSword,,TwoHandSword,,,,,,,,,,,,,,,,,,,
0,StnCond_212,Char1_2,FALSE,,Shield,OneHandSwordShield,,,,,,,,,,,,,,,,,,,
0,StnCond_213,Char1_2,FALSE,,Artefact,OneHandSwordShield,,,,,,,,,,,,,,,,,,,
0,StnCond_214,Char1_2,FALSE,Spear,,OneHandSpear,,,,,,,,,,,,,,,,,,,
0,StnCond_215,Char1_2,FALSE,Spear,Shield,OneHandSpearShield,,,,,,,,,,,,,,,,,,,
0,StnCond_216,Char1_2,FALSE,Spear,Artefact,OneHandSpearShield,,,,,,,,,,,,,,,,,,,
0,StnCond_217,Char1_2,FALSE,Wand,,OneHandSword,,,,,,,,,,,,,,,,,,,
0,StnCond_218,Char1_2,FALSE,Wand,Shield,OneHandSwordShield,,,,,,,,,,,,,,,,,,,
0,StnCond_219,Char1_2,FALSE,Wand,Artefact,OneHandSwordShield,,,,,,,,,,,,,,,,,,,
0,StnCond_220,Char1_2,FALSE,THSpear,,TwoHandSpear,,,,,,,,,,,,,,,,,,,
32768,StnCond_301,Char1_3,FALSE,,,OneHandSwordShield,,,,,,,,,,,,,,,,,,,
0,StnCond_302,Char1_3,FALSE,Sword,,OneHandSword,,,,,,,,,,,,,,,,,,,
32768,StnCond_303,Char1_3,FALSE,Sword,Artefact,OneHandSwordShield,,,,,,,,,,,,,,,,,,,
0,StnCond_304,Char1_3,FALSE,Sword,Shield,OneHandSwordShield,,,,,,,,,,,,,,,,,,,
32768,StnCond_305,Char1_3,FALSE,Staff,,OneHandSword,,,,,,,,,,,,,,,,,,,
0,StnCond_306,Char1_3,FALSE,Staff,Shield,OneHandSwordShield,,,,,,,,,,,,,,,,,,,
32768,StnCond_307,Char1_3,FALSE,Staff,Artefact,OneHandSwordShield,,,,,,,,,,,,,,,,,,,
0,StnCond_308,Char1_3,FALSE,Mace,,OneHandSword,,,,,,,,,,,,,,,,,,,
32768,StnCond_309,Char1_3,FALSE,Mace,Shield,OneHandSwordShield,,,,,,,,,,,,,,,,,,,
0,StnCond_310,Char1_3,FALSE,Mace,Artefact,OneHandSwordShield,,,,,,,,,,,,,,,,,,,
32768,StnCond_311,Char1_3,FALSE,THSword,,TwoHandSword,,,,,,,,,,,,,,,,,,,
0,StnCond_312,Char1_3,FALSE,,Shield,OneHandSwordShield,,,,,,,,,,,,,,,,,,,
32768,StnCond_313,Char1_3,FALSE,,Artefact,OneHandSwordShield,,,,,,,,,,,,,,,,,,,
0,StnCond_314,Char1_3,FALSE,Spear,,OneHandSpear,,,,,,,,,,,,,,,,,,,
32768,StnCond_315,Char1_3,FALSE,Spear,Shield,OneHandSpearShield,,,,,,,,,,,,,,,,,,,
0,StnCond_316,Char1_3,FALSE,Spear,Artefact,OneHandSpearShield,,,,,,,,,,,,,,,,,,,
32768,StnCond_317,Char1_3,FALSE,Wand,,OneHandSword,,,,,,,,,,,,,,,,,,,
0,StnCond_318,Char1_3,FALSE,Wand,Shield,OneHandSwordShield,,,,,,,,,,,,,,,,,,,
32768,StnCond_319,Char1_3,FALSE,Wand,Artefact,OneHandSwordShield,,,,,,,,,,,,,,,,,,,
0,StnCond_320,Char1_3,FALSE,THSpear,,TwoHandSpear,,,,,,,,,,,,,,,,,,,
32768,StnCond_401,Char1_4,FALSE,,,OneHandSwordShield,,,,,,,,,,,,,,,,,,,
0,StnCond_402,Char1_4,FALSE,Sword,,OneHandSword,,,,,,,,,,,,,,,,,,,
32768,StnCond_403,Char1_4,FALSE,Sword,Artefact,OneHandSwordShield,,,,,,,,,,,,,,,,,,,
0,StnCond_404,Char1_4,FALSE,Sword,Shield,OneHandSwordShield,,,,,,,,,,,,,,,,,,,
32768,StnCond_405,Char1_4,FALSE,Staff,,OneHandSword,,,,,,,,,,,,,,,,,,,
0,StnCond_406,Char1_4,FALSE,Staff,Shield,OneHandSwordShield,,,,,,,,,,,,,,,,,,,
32768,StnCond_407,Char1_4,FALSE,Staff,Artefact,OneHandSwordShield,,,,,,,,,,,,,,,,,,,
0,StnCond_408,Char1_4,FALSE,Mace,,OneHandSword,,,,,,,,,,,,,,,,,,,
32768,StnCond_409,Char1_4,FALSE,Mace,Shield,OneHandSwordShield,,,,,,,,,,,,,,,,,,,
0,StnCond_410,Char1_4,FALSE,Mace,Artefact,OneHandSwordShield,,,,,,,,,,,,,,,,,,,
32768,StnCond_411,Char1_4,FALSE,THSword,,TwoHandSword,,,,,,,,,,,,,,,,,,,
0,StnCond_412,Char1_4,FALSE,,Shield,OneHandSwordShield,,,,,,,,,,,,,,,,,,,
32768,StnCond_413,Char1_4,FALSE,,Artefact,OneHandSwordShield,,,,,,,,,,,,,,,,,,,
0,StnCond_414,Char1_4,FALSE,Spear,,OneHandSpear,,,,,,,,,,,,,,,,,,,
32768,StnCond_415,Char1_4,FALSE,Spear,Shield,OneHandSpearShield,,,,,,,,,,,,,,,,,,,
0,StnCond_416,Char1_4,FALSE,Spear,Artefact,OneHandSpearShield,,,,,,,,,,,,,,,,,,,
32768,StnCond_417,Char1_4,FALSE,Wand,,OneHandSword,,,,,,,,,,,,,,,,,,,
0,StnCond_418,Char1_4,FALSE,Wand,Shield,OneHandSwordShield,,,,,,,,,,,,,,,,,,,
32768,StnCond_419,Char1_4,FALSE,Wand,Artefact,OneHandSwordShield,,,,,,,,,,,,,,,,,,,
0,StnCond_420,Char1_4,FALSE,THSpear,,TwoHandSpear,,,,,,,,,,,,,,,,,,,
32768,StnCond_501,Char1_5,FALSE,,,OneHandSwordShield,,,,,,,,,,,,,,,,,,,
0,StnCond_502,Char1_5,FALSE,Sword,,OneHandSword,,,,,,,,,,,,,,,,,,,
32768,StnCond_503,Char1_5,FALSE,Sword,Artefact,OneHandSwordShield,,,,,,,,,,,,,,,,,,,
0,StnCond_504,Char1_5,FALSE,Sword,Shield,OneHandSwordShield,,,,,,,,,,,,,,,,,,,
32768,StnCond_505,Char1_5,FALSE,Staff,,OneHandSword,,,,,,,,,,,,,,,,,,,
0,StnCond_506,Char1_5,FALSE,Staff,Shield,OneHandSwordShield,,,,,,,,,,,,,,,,,,,
32768,StnCond_507,Char1_5,FALSE,Staff,Artefact,OneHandSwordShield,,,,,,,,,,,,,,,,,,,
0,StnCond_508,Char1_5,FALSE,Mace,,OneHandSword,,,,,,,,,,,,,,,,,,,
32768,StnCond_509,Char1_5,FALSE,Mace,Shield,OneHandSwordShield,,,,,,,,,,,,,,,,,,,
0,StnCond_510,Char1_5,FALSE,Mace,Artefact,OneHandSwordShield,,,,,,,,,,,,,,,,,,,
32768,StnCond_511,Char1_5,FALSE,THSword,,TwoHandSword,,,,,,,,,,,,,,,,,,,
0,StnCond_512,Char1_5,FALSE,,Shield,OneHandSwordShield,,,,,,,,,,,,,,,,,,,
16384,StnCond_513,Char1_5,FALSE,,Artefact,OneHandSwordShield,,,,,,,,,,,,,,,,,,,
32768,StnCond_514,Char1_5,FALSE,Spear,,OneHandSpear,,,,,,,,,,,,,,,,,,,
49152,StnCond_515,Char1_5,FALSE,Spear,Shield,OneHandSpearShield,,,,,,,,,,,,,,,,,,,
0,StnCond_516,Char1_5,FALSE,Spear,Artefact,OneHandSpearShield,,,,,,,,,,,,,,,,,,,
16384,StnCond_517,Char1_5,FALSE,Wand,,OneHandSword,,,,,,,,,,,,,,,,,,,
32768,StnCond_518,Char1_5,FALSE,Wand,Shield,OneHandSwordShield,,,,,,,,,,,,,,,,,,,
49152,StnCond_519,Char1_5,FALSE,Wand,Artefact,OneHandSwordShield,,,,,,,,,,,,,,,,,,,
0,StnCond_520,Char1_5,FALSE,THSpear,,TwoHandSpear,,,,,,,,,,,,,,,,,,,
16384,StnCond_601,Char1_6,FALSE,,,OneHandSwordShield,,,,,,,,,,,,,,,,,,,
32768,StnCond_602,Char1_6,FALSE,Sword,,OneHandSword,,,,,,,,,,,,,,,,,,,
49152,StnCond_603,Char1_6,FALSE,Sword,Artefact,OneHandSwordShield,,,,,,,,,,,,,,,,,,,
0,StnCond_604,Char1_6,FALSE,Sword,Shield,OneHandSwordShield,,,,,,,,,,,,,,,,,,,
16384,StnCond_605,Char1_6,FALSE,Staff,,OneHandSword,,,,,,,,,,,,,,,,,,,
32768,StnCond_606,Char1_6,FALSE,Staff,Shield,OneHandSwordShield,,,,,,,,,,,,,,,,,,,
49152,StnCond_607,Char1_6,FALSE,Staff,Artefact,OneHandSwordShield,,,,,,,,,,,,,,,,,,,
0,StnCond_608,Char1_6,FALSE,Mace,,OneHandSword,,,,,,,,,,,,,,,,,,,
16384,StnCond_609,Char1_6,FALSE,Mace,Shield,OneHandSwordShield,,,,,,,,,,,,,,,,,,,
32768,StnCond_610,Char1_6,FALSE,Mace,Artefact,OneHandSwordShield,,,,,,,,,,,,,,,,,,,
49152,StnCond_611,Char1_6,FALSE,THSword,,TwoHandSword,,,,,,,,,,,,,,,,,,,
0,StnCond_612,Char1_6,FALSE,,Shield,OneHandSwordShield,,,,,,,,,,,,,,,,,,,
16384,StnCond_613,Char1_6,FALSE,,Artefact,OneHandSwordShield,,,,,,,,,,,,,,,,,,,
32768,StnCond_614,Char1_6,FALSE,Spear,,OneHandSpear,,,,,,,,,,,,,,,,,,,
49152,StnCond_615,Char1_6,FALSE,Spear,Shield,OneHandSpearShield,,,,,,,,,,,,,,,,,,,
0,StnCond_616,Char1_6,FALSE,Spear,Artefact,OneHandSpearShield,,,,,,,,,,,,,,,,,,,
16384,StnCond_617,Char1_6,FALSE,Wand,,OneHandSword,,,,,,,,,,,,,,,,,,,
32768,StnCond_618,Char1_6,FALSE,Wand,Shield,OneHandSwordShield,,,,,,,,,,,,,,,,,,,
49152,StnCond_619,Char1_6,FALSE,Wand,Artefact,OneHandSwordShield,,,,,,,,,,,,,,,,,,,
0,StnCond_620,Char1_6,FALSE,THSpear,,TwoHandSpear,,,,,,,,,,,,,,,,,,,
16384,StnCond_701,Char2_1,FALSE,,,TwoHandStaff,,,,,,,,,,,,,,,,,,,
32768,StnCond_702,Char2_1,FALSE,Staff,,TwoHandStaff,,,,,,,,,,,,,,,,,,,
49152,StnCond_703,Char2_1,FALSE,Staff,Artefact,TwoHandStaff,,,,,,,,,,,,,,,,,,,
0,StnCond_704,Char2_1,FALSE,Staff,Shield,TwoHandStaff,,,,,,,,,,,,,,,,,,,
16384,StnCond_705,Char2_1,FALSE,Mace,,TwoHandStaff,,,,,,,,,,,,,,,,,,,
32768,StnCond_706,Char2_1,FALSE,Mace,Artefact,TwoHandStaff,,,,,,,,,,,,,,,,,,,
49152,StnCond_707,Char2_1,FALSE,Mace,Shield,TwoHandStaff,,,,,,,,,,,,,,,,,,,
0,StnCond_708,Char2_1,FALSE,Sword,,TwoHandStaff,,,,,,,,,,,,,,,,,,,
16384,StnCond_709,Char2_1,FALSE,Sword,Artefact,TwoHandStaff,,,,,,,,,,,,,,,,,,,
32768,StnCond_710,Char2_1,FALSE,Sword,Shield,TwoHandStaff,,,,,,,,,,,,,,,,,,,
49152,StnCond_711,Char2_1,FALSE,,Shield,TwoHandStaff,,,,,,,,,,,,,,,,,,,
0,StnCond_712,Char2_1,FALSE,,Artefact,TwoHandStaff,,,,,,,,,,,,,,,,,,,
16384,StnCond_713,Char2_1,FALSE,Spear,,TwoHandStaff,,,,,,,,,,,,,,,,,,,
32768,StnCond_714,Char2_1,FALSE,Spear,Shield,TwoHandStaff,,,,,,,,,,,,,,,,,,,
49152,StnCond_715,Char2_1,FALSE,Spear,Artefact,TwoHandStaff,,,,,,,,,,,,,,,,,,,
0,StnCond_716,Char2_1,FALSE,Wand,,TwoHandStaff,,,,,,,,,,,,,,,,,,,
16384,StnCond_717,Char2_1,FALSE,Wand,Shield,TwoHandStaff,,,,,,,,,,,,,,,,,,,
32768,StnCond_718,Char2_1,FALSE,Wand,Artefact,TwoHandStaff,,,,,,,,,,,,,,,,,,,
49152,StnCond_719,Char2_1,FALSE,THStaff,,TwoHandStick,,,,,,,,,,,,,,,,,,,
16384,StnCond_801,Char2_2,FALSE,,,TwoHandStaff,,,,,,,,,,,,,,,,,,,
32768,StnCond_802,Char2_2,FALSE,Staff,,TwoHandStaff,,,,,,,,,,,,,,,,,,,
49152,StnCond_803,Char2_2,FALSE,Staff,Artefact,TwoHandStaff,,,,,,,,,,,,,,,,,,,
0,StnCond_804,Char2_2,FALSE,Staff,Shield,TwoHandStaff,,,,,,,,,,,,,,,,,,,
16384,StnCond_805,Char2_2,FALSE,Mace,,TwoHandStaff,,,,,,,,,,,,,,,,,,,
32768,StnCond_806,Char2_2,FALSE,Mace,Artefact,TwoHandStaff,,,,,,,,,,,,,,,,,,,
49152,StnCond_807,Char2_2,FALSE,Mace,Shield,TwoHandStaff,,,,,,,,,,,,,,,,,,,
0,StnCond_808,Char2_2,FALSE,Sword,,TwoHandStaff,,,,,,,,,,,,,,,,,,,
16384,StnCond_809,Char2_2,FALSE,Sword,Artefact,TwoHandStaff,,,,,,,,,,,,,,,,,,,
32768,StnCond_810,Char2_2,FALSE,Sword,Shield,TwoHandStaff,,,,,,,,,,,,,,,,,,,
49152,StnCond_811,Char2_2,FALSE,,Shield,TwoHandStaff,,,,,,,,,,,,,,,,,,,
0,StnCond_812,Char2_2,FALSE,,Artefact,TwoHandStaff,,,,,,,,,,,,,,,,,,,
16384,StnCond_813,Char2_2,FALSE,Spear,,TwoHandStaff,,,,,,,,,,,,,,,,,,,
32768,StnCond_814,Char2_2,FALSE,Spear,Shield,TwoHandStaff,,,,,,,,,,,,,,,,,,,
49152,StnCond_815,Char2_2,FALSE,Spear,Artefact,TwoHandStaff,,,,,,,,,,,,,,,,,,,
0,StnCond_816,Char2_2,FALSE,Wand,,TwoHandStaff,,,,,,,,,,,,,,,,,,,
16384,StnCond_817,Char2_2,FALSE,Wand,Shield,TwoHandStaff,,,,,,,,,,,,,,,,,,,
32768,StnCond_818,Char2_2,FALSE,Wand,Artefact,TwoHandStaff,,,,,,,,,,,,,,,,,,,
49152,StnCond_819,Char2_2,FALSE,THStaff,,TwoHandStick,,,,,,,,,,,,,,,,,,,
16384,StnCond_901,Char2_3,FALSE,,,TwoHandStaff,,,,,,,,,,,,,,,,,,,
32768,StnCond_902,Char2_3,FALSE,Staff,,TwoHandStaff,,,,,,,,,,,,,,,,,,,
49152,StnCond_903,Char2_3,FALSE,Staff,Artefact,TwoHandStaff,,,,,,,,,,,,,,,,,,,
0,StnCond_904,Char2_3,FALSE,Staff,Shield,TwoHandStaff,,,,,,,,,,,,,,,,,,,
16384,StnCond_905,Char2_3,FALSE,Mace,,TwoHandStaff,,,,,,,,,,,,,,,,,,,
32768,StnCond_906,Char2_3,FALSE,Mace,Artefact,TwoHandStaff,,,,,,,,,,,,,,,,,,,
49152,StnCond_907,Char2_3,FALSE,Mace,Shield,TwoHandStaff,,,,,,,,,,,,,,,,,,,
0,StnCond_908,Char2_3,FALSE,Sword,,TwoHandStaff,,,,,,,,,,,,,,,,,,,
16384,StnCond_909,Char2_3,FALSE,Sword,Artefact,TwoHandStaff,,,,,,,,,,,,,,,,,,,
32768,StnCond_910,Char2_3,FALSE,Sword,Shield,TwoHandStaff,,,,,,,,,,,,,,,,,,,
49152,StnCond_911,Char2_3,FALSE,,Shield,TwoHandStaff,,,,,,,,,,,,,,,,,,,
0,StnCond_912,Char2_3,FALSE,,Artefact,TwoHandStaff,,,,,,,,,,,,,,,,,,,
16384,StnCond_913,Char2_3,FALSE,Spear,,TwoHandStaff,,,,,,,,,,,,,,,,,,,
32768,StnCond_914,Char2_3,FALSE,Spear,Shield,TwoHandStaff,,,,,,,,,,,,,,,,,,,
49152,StnCond_915,Char2_3,FALSE,Spear,Artefact,TwoHandStaff,,,,,,,,,,,,,,,,,,,
0,StnCond_916,Char2_3,FALSE,Wand,,TwoHandStaff,,,,,,,,,,,,,,,,,,,
16384,StnCond_917,Char2_3,FALSE,Wand,Shield,TwoHandStaff,,,,,,,,,,,,,,,,,,,
32768,StnCond_918,Char2_3,FALSE,Wand,Artefact,TwoHandStaff,,,,,,,,,,,,,,,,,,,
49152,StnCond_919,Char2_3,FALSE,THStaff,,TwoHandStick,,,,,,,,,,,,,,,,,,,
16384,StnCond_1001,Char2_4,FALSE,,,TwoHandStaff,,,,,,,,,,,,,,,,,,,
32768,StnCond_1002,Char2_4,FALSE,Staff,,TwoHandStaff,,,,,,,,,,,,,,,,,,,
49152,StnCond_1003,Char2_4,FALSE,Staff,Artefact,TwoHandStaff,,,,,,,,,,,,,,,,,,,
0,StnCond_1004,Char2_4,FALSE,Staff,Shield,TwoHandStaff,,,,,,,,,,,,,,,,,,,
16384,StnCond_1005,Char2_4,FALSE,Mace,,TwoHandStaff,,,,,,,,,,,,,,,,,,,
32768,StnCond_1006,Char2_4,FALSE,Mace,Artefact,TwoHandStaff,,,,,,,,,,,,,,,,,,,
49152,StnCond_1007,Char2_4,FALSE,Mace,Shield,TwoHandStaff,,,,,,,,,,,,,,,,,,,
0,StnCond_1008,Char2_4,FALSE,Sword,,TwoHandStaff,,,,,,,,,,,,,,,,,,,
16384,StnCond_1009,Char2_4,FALSE,Sword,Artefact,TwoHandStaff,,,,,,,,,,,,,,,,,,,
32768,StnCond_1010,Char2_4,FALSE,Sword,Shield,TwoHandStaff,,,,,,,,,,,,,,,,,,,
49152,StnCond_1011,Char2_4,FALSE,,Shield,TwoHandStaff,,,,,,,,,,,,,,,,,,,
0,StnCond_1012,Char2_4,FALSE,,Artefact,TwoHandStaff,,,,,,,,,,,,,,,,,,,
16384,StnCond_1013,Char2_4,FALSE,Spear,,TwoHandStaff,,,,,,,,,,,,,,,,,,,
32768,StnCond_1014,Char2_4,FALSE,Spear,Shield,TwoHandStaff,,,,,,,,,,,,,,,,,,,
49152,StnCond_1015,Char2_4,FALSE,Spear,Artefact,TwoHandStaff,,,,,,,,,,,,,,,,,,,
0,StnCond_1016,Char2_4,FALSE,Wand,,TwoHandStaff,,,,,,,,,,,,,,,,,,,
16384,StnCond_1017,Char2_4,FALSE,Wand,Shield,TwoHandStaff,,,,,,,,,,,,,,,,,,,
32768,StnCond_1018,Char2_4,FALSE,Wand,Artefact,TwoHandStaff,,,,,,,,,,,,,,,,,,,
49152,StnCond_1019,Char2_4,FALSE,THStaff,,TwoHandStick,,,,,,,,,,,,,,,,,,,
40960,StnCond_1101,Char2_5,FALSE,,,TwoHandStaff,,,,,,,,,,,,,,,,,,,
49152,StnCond_1102,Char2_5,FALSE,Staff,,TwoHandStaff,,,,,,,,,,,,,,,,,,,
57344,StnCond_1103,Char2_5,FALSE,Staff,Artefact,TwoHandStaff,,,,,,,,,,,,,,,,,,,
0,StnCond_1104,Char2_5,FALSE,Staff,Shield,TwoHandStaff,,,,,,,,,,,,,,,,,,,
8192,StnCond_1105,Char2_5,FALSE,Mace,,TwoHandStaff,,,,,,,,,,,,,,,,,,,
16384,StnCond_1106,Char2_5,FALSE,Mace,Artefact,TwoHandStaff,,,,,,,,,,,,,,,,,,,
24576,StnCond_1107,Char2_5,FALSE,Mace,Shield,TwoHandStaff,,,,,,,,,,,,,,,,,,,
32768,StnCond_1108,Char2_5,FALSE,Sword,,TwoHandStaff,,,,,,,,,,,,,,,,,,,
40960,StnCond_1109,Char2_5,FALSE,Sword,Artefact,TwoHandStaff,,,,,,,,,,,,,,,,,,,
49152,StnCond_1110,Char2_5,FALSE,Sword,Shield,TwoHandStaff,,,,,,,,,,,,,,,,,,,
57344,StnCond_1111,Char2_5,FALSE,,Shield,TwoHandStaff,,,,,,,,,,,,,,,,,,,
0,StnCond_1112,Char2_5,FALSE,,Artefact,TwoHandStaff,,,,,,,,,,,,,,,,,,,
8192,StnCond_1113,Char2_5,FALSE,Spear,,TwoHandStaff,,,,,,,,,,,,,,,,,,,
16384,StnCond_1114,Char2_5,FALSE,Spear,Shield,TwoHandStaff,,,,,,,,,,,,,,,,,,,
24576,StnCond_1115,Char2_5,FALSE,Spear,Artefact,TwoHandStaff,,,,,,,,,,,,,,,,,,,
32768,StnCond_1016_,Char2_5,FALSE,Wand,,TwoHandStaff,,,,,,,,,,,,,,,,,,,
40960,StnCond_1017_,Char2_5,FALSE,Wand,Shield,TwoHandStaff,,,,,,,,,,,,,,,,,,,
49152,StnCond_1018_,Char2_5,FALSE,Wand,Artefact,TwoHandStaff,,,,,,,,,,,,,,,,,,,
57344,StnCond_1119,Char2_5,FALSE,THStaff,,TwoHandStick,,,,,,,,,,,,,,,,,,,
8192,StnCond_1201,Char2_6,FALSE,,,TwoHandStaff,,,,,,,,,,,,,,,,,,,
16384,StnCond_1202,Char2_6,FALSE,Staff,,TwoHandStaff,,,,,,,,,,,,,,,,,,,
24576,StnCond_1203,Char2_6,FALSE,Staff,Artefact,TwoHandStaff,,,,,,,,,,,,,,,,,,,
32768,StnCond_1204,Char2_6,FALSE,Staff,Shield,TwoHandStaff,,,,,,,,,,,,,,,,,,,
40960,StnCond_1205,Char2_6,FALSE,Mace,,TwoHandStaff,,,,,,,,,,,,,,,,,,,
49152,StnCond_1206,Char2_6,FALSE,Mace,Artefact,TwoHandStaff,,,,,,,,,,,,,,,,,,,
57344,StnCond_1207,Char2_6,FALSE,Mace,Shield,TwoHandStaff,,,,,,,,,,,,,,,,,,,
0,StnCond_1208,Char2_6,FALSE,Sword,,TwoHandStaff,,,,,,,,,,,,,,,,,,,
8192,StnCond_1209,Char2_6,FALSE,Sword,Artefact,TwoHandStaff,,,,,,,,,,,,,,,,,,,
16384,StnCond_1210,Char2_6,FALSE,Sword,Shield,TwoHandStaff,,,,,,,,,,,,,,,,,,,
24576,StnCond_1211,Char2_6,FALSE,,Shield,TwoHandStaff,,,,,,,,,,,,,,,,,,,
32768,StnCond_1212,Char2_6,FALSE,,Artefact,TwoHandStaff,,,,,,,,,,,,,,,,,,,
40960,StnCond_1213,Char2_6,FALSE,Spear,,TwoHandStaff,,,,,,,,,,,,,,,,,,,
49152,StnCond_1214,Char2_6,FALSE,Spear,Shield,TwoHandStaff,,,,,,,,,,,,,,,,,,,
57344,StnCond_1215,Char2_6,FALSE,Spear,Artefact,TwoHandStaff,,,,,,,,,,,,,,,,,,,
0,StnCond_1216,Char2_6,FALSE,Wand,,TwoHandStaff,,,,,,,,,,,,,,,,,,,
8192,StnCond_1217,Char2_6,FALSE,Wand,Shield,TwoHandStaff,,,,,,,,,,,,,,,,,,,
16384,StnCond_1218,Char2_6,FALSE,Wand,Artefact,TwoHandStaff,,,,,,,,,,,,,,,,,,,
24576,StnCond_1219,Char2_6,FALSE,THStaff,,TwoHandStick,,,,,,,,,,,,,,,,,,,
40960,StnCond_1301,Char3_1,FALSE,,Bow,CrossBow,,,,,,,,,,,,,,,,,,,
49152,StnCond_1302,Char3_1,FALSE,,,NoBow,,,,,,,,,,,,,,,,,,,
57344,StnCond_1303,Char3_1,FALSE,THBow,,TwoHandBow,,,,,,,,,,,,,,,,,,,
0,StnCond_1304,Char3_1,FALSE,Bow,,BowAndShield,,,,,,,,,,,,,,,,,,,
8192,StnCond_1305,Char3_1,FALSE,Bow,Bow,BowAndBow,,,,,,,,,,,,,,,,,,,
16384,StnCond_1306,Char3_1,FALSE,Bow,Artefact,BowAndArtefact,,,,,,,,,,,,,,,,,,,
24576,StnCond_1307,Char3_1,FALSE,,Artefact,BowAndArtefact,,,,,,,,,,,,,,,,,,,
32768,StnCond_1308,Char3_1,FALSE,Bow,Shield,BowAndShield,,,,,,,,,,,,,,,,,,,
40960,StnCond_1309,Char3_1,FALSE,,Shield,BowAndShield,,,,,,,,,,,,,,,,,,,
8192,StnCond_1401,Char3_2,FALSE,,,NoBow,,,,,,,,,,,,,,,,,,,
16384,StnCond_1402,Char3_2,FALSE,THBow,,TwoHandBow,,,,,,,,,,,,,,,,,,,
24576,StnCond_1403,Char3_2,FALSE,Bow,,BowAndShield,,,,,,,,,,,,,,,,,,,
32768,StnCond_1404,Char3_2,FALSE,Bow,Bow,BowAndBow,,,,,,,,,,,,,,,,,,,
40960,StnCond_1405,Char3_2,FALSE,Bow,Artefact,BowAndArtefact,,,,,,,,,,,,,,,,,,,
49152,StnCond_1406,Char3_2,FALSE,,Artefact,BowAndArtefact,,,,,,,,,,,,,,,,,,,
57344,StnCond_1407,Char3_2,FALSE,Bow,Shield,BowAndShield,,,,,,,,,,,,,,,,,,,
0,StnCond_1408,Char3_2,FALSE,,Shield,BowAndShield,,,,,,,,,,,,,,,,,,,
8192,StnCond_1409,Char3_3,FALSE,,,NoBow,,,,,,,,,,,,,,,,,,,
40960,StnCond_1501,Char3_3,FALSE,THBow,,TwoHandBow,,,,,,,,,,,,,,,,,,,
49152,StnCond_1502,Char3_3,FALSE,Bow,,BowAndShield,,,,,,,,,,,,,,,,,,,
57344,StnCond_1503,Char3_3,FALSE,Bow,Bow,BowAndBow,,,,,,,,,,,,,,,,,,,
0,StnCond_1504,Char3_3,FALSE,Bow,Artefact,BowAndArtefact,,,,,,,,,,,,,,,,,,,
8192,StnCond_1505,Char3_3,FALSE,,Artefact,BowAndArtefact,,,,,,,,,,,,,,,,,,,
16384,StnCond_1506,Char3_3,FALSE,Bow,Shield,BowAndShield,,,,,,,,,,,,,,,,,,,
24576,StnCond_1507,Char3_3,FALSE,,Shield,BowAndShield,,,,,,,,,,,,,,,,,,,
8192,StnCond_1601,Char3_4,FALSE,,Bow,BowAndShield,,,,,,,,,,,,,,,,,,,
16384,StnCond_1602,Char3_4,FALSE,,,NoBow,,,,,,,,,,,,,,,,,,,
24576,StnCond_1603,Char3_4,FALSE,THBow,,TwoHandBow,,,,,,,,,,,,,,,,,,,
32768,StnCond_1604,Char3_4,FALSE,Bow,,BowAndShield,,,,,,,,,,,,,,,,,,,
40960,StnCond_1605,Char3_4,FALSE,Bow,Bow,BowAndBow,,,,,,,,,,,,,,,,,,,
49152,StnCond_1606,Char3_4,FALSE,Bow,Artefact,BowAndArtefact,,,,,,,,,,,,,,,,,,,
57344,StnCond_1607,Char3_4,FALSE,,Artefact,BowAndArtefact,,,,,,,,,,,,,,,,,,,
0,StnCond_1608,Char3_4,FALSE,Bow,Shield,BowAndShield,,,,,,,,,,,,,,,,,,,
8192,StnCond_1609,Char3_4,FALSE,,Shield,BowAndShield,,,,,,,,,,,,,,,,,,,
40960,StnCond_1701,Char4_1,FALSE,,,OneHandMaceOnly,,,,,,,,,,,,,,,,,,,
49152,StnCond_1702,Char4_1,FALSE,Mace,,OneHandMaceOnly,,,,,,,,,,,,,,,,,,,
57344,StnCond_1703,Char4_1,FALSE,Mace,Shield,OneHandMaceShield,,,,,,,,,,,,,,,,,,,
0,StnCond_1704,Char4_1,FALSE,,Shield,OneHandMaceShield,,,,,,,,,,,,,,,,,,,
8192,StnCond_1705,Char4_1,FALSE,Sword,,OneHandMaceOnly,,,,,,,,,,,,,,,,,,,
16384,StnCond_1706,Char4_1,FALSE,Sword,Artefact,OneHandMaceShield,,,,,,,,,,,,,,,,,,,
24576,StnCond_1707,Char4_1,FALSE,Sword,Shield,OneHandMaceShield,,,,,,,,,,,,,,,,,,,
32768,StnCond_1708,Char4_1,FALSE,Staff,,OneHandMaceOnly,,,,,,,,,,,,,,,,,,,
40960,StnCond_1709,Char4_1,FALSE,Staff,Shield,OneHandMaceShield,,,,,,,,,,,,,,,,,,,
49152,StnCond_1710,Char4_1,FALSE,Staff,Artefact,OneHandMaceShield,,,,,,,,,,,,,,,,,,,
57344,StnCond_1711,Char4_1,FALSE,Spear,,OneHandMaceOnly,,,,,,,,,,,,,,,,,,,
0,StnCond_1712,Char4_1,FALSE,Spear,Shield,OneHandMaceShield,,,,,,,,,,,,,,,,,,,
8192,StnCond_1713,Char4_1,FALSE,Spear,Artefact,OneHandMaceShield,,,,,,,,,,,,,,,,,,,
16384,StnCond_1714,Char4_1,FALSE,Wand,,OneHandMaceOnly,,,,,,,,,,,,,,,,,,,
24576,StnCond_1715,Char4_1,FALSE,Wand,Shield,OneHandMaceShield,,,,,,,,,,,,,,,,,,,
32768,StnCond_1716,Char4_1,FALSE,Wand,Artefact,OneHandMaceShield,,,,,,,,,,,,,,,,,,,
40960,StnCond_1717,Char4_1,FALSE,Mace,Artefact,OneHandMaceShield,,,,,,,,,,,,,,,,,,,
8192,StnCond_1801,Char4_3,FALSE,,,OneHandMaceOnly,,,,,,,,,,,,,,,,,,,
16384,StnCond_1802,Char4_3,FALSE,Mace,,OneHandMaceOnly,,,,,,,,,,,,,,,,,,,
24576,StnCond_1803,Char4_3,FALSE,Mace,Shield,OneHandMaceShield,,,,,,,,,,,,,,,,,,,
32768,StnCond_1804,Char4_3,FALSE,,Shield,OneHandMaceShield,,,,,,,,,,,,,,,,,,,
40960,StnCond_1805,Char4_3,FALSE,Sword,,OneHandMaceOnly,,,,,,,,,,,,,,,,,,,
49152,StnCond_1806,Char4_3,FALSE,Sword,Artefact,OneHandMaceShield,,,,,,,,,,,,,,,,,,,
57344,StnCond_1807,Char4_3,FALSE,Sword,Shield,OneHandMaceShield,,,,,,,,,,,,,,,,,,,
0,StnCond_1808,Char4_3,FALSE,Staff,,OneHandMaceOnly,,,,,,,,,,,,,,,,,,,
8192,StnCond_1809,Char4_3,FALSE,Staff,Shield,OneHandMaceShield,,,,,,,,,,,,,,,,,,,
16384,StnCond_1810,Char4_3,FALSE,Staff,Artefact,OneHandMaceShield,,,,,,,,,,,,,,,,,,,
24576,StnCond_1811,Char4_3,FALSE,Spear,,OneHandMaceOnly,,,,,,,,,,,,,,,,,,,
32768,StnCond_1812,Char4_3,FALSE,Spear,Shield,OneHandMaceShield,,,,,,,,,,,,,,,,,,,
40960,StnCond_1813,Char4_3,FALSE,Spear,Artefact,OneHandMaceShield,,,,,,,,,,,,,,,,,,,
49152,StnCond_1814,Char4_3,FALSE,Wand,,OneHandMaceOnly,,,,,,,,,,,,,,,,,,,
57344,StnCond_1815,Char4_3,FALSE,Wand,Shield,OneHandMaceShield,,,,,,,,,,,,,,,,,,,
0,StnCond_1816,Char4_3,FALSE,Wand,Artefact,OneHandMaceShield,,,,,,,,,,,,,,,,,,,
8192,StnCond_1817,Char4_3,FALSE,Mace,Artefact,OneHandMaceShield,,,,,,,,,,,,,,,,,,,
40960,StnCond_1901,Char4_2,FALSE,,,OneHandMaceOnly,,,,,,,,,,,,,,,,,,,
49152,StnCond_1902,Char4_2,FALSE,Mace,,OneHandMaceOnly,,,,,,,,,,,,,,,,,,,
57344,StnCond_1903,Char4_2,FALSE,Mace,Shield,OneHandMaceShield,,,,,,,,,,,,,,,,,,,
0,StnCond_1904,Char4_2,FALSE,,Shield,OneHandMaceShield,,,,,,,,,,,,,,,,,,,
8192,StnCond_1905,Char4_2,FALSE,Sword,,OneHandMaceOnly,,,,,,,,,,,,,,,,,,,
16384,StnCond_1906,Char4_2,FALSE,Sword,Artefact,OneHandMaceShield,,,,,,,,,,,,,,,,,,,
24576,StnCond_1907,Char4_2,FALSE,Sword,Shield,OneHandMaceShield,,,,,,,,,,,,,,,,,,,
32768,StnCond_1908,Char4_2,FALSE,Staff,,OneHandMaceOnly,,,,,,,,,,,,,,,,,,,
40960,StnCond_1909,Char4_2,FALSE,Staff,Shield,OneHandMaceShield,,,,,,,,,,,,,,,,,,,
49152,StnCond_1910,Char4_2,FALSE,Staff,Artefact,OneHandMaceShield,,,,,,,,,,,,,,,,,,,
57344,StnCond_1911,Char4_2,FALSE,Spear,,OneHandMaceOnly,,,,,,,,,,,,,,,,,,,
0,StnCond_1912,Char4_2,FALSE,Spear,Shield,OneHandMaceShield,,,,,,,,,,,,,,,,,,,
8192,StnCond_1913,Char4_2,FALSE,Spear,Artefact,OneHandMaceShield,,,,,,,,,,,,,,,,,,,
16384,StnCond_1914,Char4_2,FALSE,Wand,,OneHandMaceOnly,,,,,,,,,,,,,,,,,,,
24576,StnCond_1915,Char4_2,FALSE,Wand,Shield,OneHandMaceShield,,,,,,,,,,,,,,,,,,,
32768,StnCond_1916,Char4_2,FALSE,Wand,Artefact,OneHandMaceShield,,,,,,,,,,,,,,,,,,,
40960,StnCond_1917,Char4_2,FALSE,Mace,Artefact,OneHandMaceShield,,,,,,,,,,,,,,,,,,,
8192,StnCond_2001,Char3_5,FALSE,,Bow,BowAndShield,,,,,,,,,,,,,,,,,,,
16384,StnCond_2002,Char3_5,FALSE,,,NoBow,,,,,,,,,,,,,,,,,,,
24576,StnCond_2003,Char3_5,FALSE,THBow,,TwoHandBow,,,,,,,,,,,,,,,,,,,
32768,StnCond_2004,Char3_5,FALSE,Bow,,BowAndShield,,,,,,,,,,,,,,,,,,,
40960,StnCond_2005,Char3_5,FALSE,Bow,Bow,BowAndBow,,,,,,,,,,,,,,,,,,,
49152,StnCond_2006,Char3_5,FALSE,Bow,Artefact,BowAndArtefact,,,,,,,,,,,,,,,,,,,
57344,StnCond_2007,Char3_5,FALSE,,Artefact,BowAndArtefact,,,,,,,,,,,,,,,,,,,
0,StnCond_2008,Char3_5,FALSE,Bow,Shield,BowAndShield,,,,,,,,,,,,,,,,,,,
8192,StnCond_2009,Char3_5,FALSE,,Shield,BowAndShield,,,,,,,,,,,,,,,,,,,
20480,StnCond_2101,Char3_6,FALSE,,Bow,BowAndShield,,,,,,,,,,,,,,,,,,,
24576,StnCond_2102,Char3_6,FALSE,,,NoBow,,,,,,,,,,,,,,,,,,,
28672,StnCond_2103,Char3_6,FALSE,THBow,,TwoHandBow,,,,,,,,,,,,,,,,,,,
32768,StnCond_2104,Char3_6,FALSE,Bow,,BowAndShield,,,,,,,,,,,,,,,,,,,
36864,StnCond_2105,Char3_6,FALSE,Bow,Bow,BowAndBow,,,,,,,,,,,,,,,,,,,
40960,StnCond_2106,Char3_6,FALSE,Bow,Artefact,BowAndArtefact,,,,,,,,,,,,,,,,,,,
45056,StnCond_2107,Char3_6,FALSE,,Artefact,BowAndArtefact,,,,,,,,,,,,,,,,,,,
49152,StnCond_2108,Char3_6,FALSE,Bow,Shield,BowAndShield,,,,,,,,,,,,,,,,,,,
53248,StnCond_2109,Char3_6,FALSE,,Shield,BowAndShield,,,,,,,,,,,,,,,,,,,
36864,StnCond_2201,Char4_4,FALSE,,,OneHandMaceOnly,,,,,,,,,,,,,,,,,,,
40960,StnCond_2202,Char4_4,FALSE,Mace,,OneHandMaceOnly,,,,,,,,,,,,,,,,,,,
45056,StnCond_2203,Char4_4,FALSE,Mace,Shield,OneHandMaceShield,,,,,,,,,,,,,,,,,,,
49152,StnCond_2204,Char4_4,FALSE,,Shield,OneHandMaceShield,,,,,,,,,,,,,,,,,,,
53248,StnCond_2205,Char4_4,FALSE,Sword,,OneHandMaceOnly,,,,,,,,,,,,,,,,,,,
57344,StnCond_2206,Char4_4,FALSE,Sword,Artefact,OneHandMaceShield,,,,,,,,,,,,,,,,,,,
61440,StnCond_2207,Char4_4,FALSE,Sword,Shield,OneHandMaceShield,,,,,,,,,,,,,,,,,,,
0,StnCond_2208,Char4_4,FALSE,Staff,,OneHandMaceOnly,,,,,,,,,,,,,,,,,,,
4096,StnCond_2209,Char4_4,FALSE,Staff,Shield,OneHandMaceShield,,,,,,,,,,,,,,,,,,,
8192,StnCond_2210,Char4_4,FALSE,Staff,Artefact,OneHandMaceShield,,,,,,,,,,,,,,,,,,,
12288,StnCond_2211,Char4_4,FALSE,Spear,,OneHandMaceOnly,,,,,,,,,,,,,,,,,,,
16384,StnCond_2212,Char4_4,FALSE,Spear,Shield,OneHandMaceShield,,,,,,,,,,,,,,,,,,,
20480,StnCond_2213,Char4_4,FALSE,Spear,Artefact,OneHandMaceShield,,,,,,,,,,,,,,,,,,,
24576,StnCond_2214,Char4_4,FALSE,Wand,,OneHandMaceOnly,,,,,,,,,,,,,,,,,,,
28672,StnCond_2215,Char4_4,FALSE,Wand,Shield,OneHandMaceShield,,,,,,,,,,,,,,,,,,,
32768,StnCond_2216,Char4_4,FALSE,Wand,Artefact,OneHandMaceShield,,,,,,,,,,,,,,,,,,,
36864,StnCond_2217,Char4_4,FALSE,Mace,Artefact,OneHandMaceShield,,,,,,,,,,,,,,,,,,,
53248,StnCond_2301,Char4_5,FALSE,,,OneHandMaceOnly,,,,,,,,,,,,,,,,,,,
57344,StnCond_2302,Char4_5,FALSE,Mace,,OneHandMaceOnly,,,,,,,,,,,,,,,,,,,
61440,StnCond_2303,Char4_5,FALSE,Mace,Shield,OneHandMaceShield,,,,,,,,,,,,,,,,,,,
0,StnCond_2304,Char4_5,FALSE,,Shield,OneHandMaceShield,,,,,,,,,,,,,,,,,,,
4096,StnCond_2305,Char4_5,FALSE,Sword,,OneHandMaceOnly,,,,,,,,,,,,,,,,,,,
8192,StnCond_2306,Char4_5,FALSE,Sword,Artefact,OneHandMaceShield,,,,,,,,,,,,,,,,,,,
12288,StnCond_2307,Char4_5,FALSE,Sword,Shield,OneHandMaceShield,,,,,,,,,,,,,,,,,,,
16384,StnCond_2308,Char4_5,FALSE,Staff,,OneHandMaceOnly,,,,,,,,,,,,,,,,,,,
20480,StnCond_2309,Char4_5,FALSE,Staff,Shield,OneHandMaceShield,,,,,,,,,,,,,,,,,,,
24576,StnCond_2310,Char4_5,FALSE,Staff,Artefact,OneHandMaceShield,,,,,,,,,,,,,,,,,,,
28672,StnCond_2311,Char4_5,FALSE,Spear,,OneHandMaceOnly,,,,,,,,,,,,,,,,,,,
32768,StnCond_2312,Char4_5,FALSE,Spear,Shield,OneHandMaceShield,,,,,,,,,,,,,,,,,,,
36864,StnCond_2313,Char4_5,FALSE,Spear,Artefact,OneHandMaceShield,,,,,,,,,,,,,,,,,,,
40960,StnCond_2314,Char4_5,FALSE,Wand,,OneHandMaceOnly,,,,,,,,,,,,,,,,,,,
45056,StnCond_2315,Char4_5,FALSE,Wand,Shield,OneHandMaceShield,,,,,,,,,,,,,,,,,,,
49152,StnCond_2316,Char4_5,FALSE,Wand,Artefact,OneHandMaceShield,,,,,,,,,,,,,,,,,,,
53248,StnCond_2317,Char4_5,FALSE,Mace,Artefact,OneHandMaceShield,,,,,,,,,,,,,,,,,,,
4096,StnCond_2401,Char2_7,FALSE,,,TwoHandStaff,,,,,,,,,,,,,,,,,,,
8192,StnCond_2402,Char2_7,FALSE,Staff,,TwoHandStaff,,,,,,,,,,,,,,,,,,,
12288,StnCond_2403,Char2_7,FALSE,Staff,Artefact,TwoHandStaff,,,,,,,,,,,,,,,,,,,
16384,StnCond_2404,Char2_7,FALSE,Staff,Shield,TwoHandStaff,,,,,,,,,,,,,,,,,,,
20480,StnCond_2405,Char2_7,FALSE,Mace,,TwoHandStaff,,,,,,,,,,,,,,,,,,,
24576,StnCond_2406,Char2_7,FALSE,Mace,Artefact,TwoHandStaff,,,,,,,,,,,,,,,,,,,
28672,StnCond_2407,Char2_7,FALSE,Mace,Shield,TwoHandStaff,,,,,,,,,,,,,,,,,,,
32768,StnCond_2408,Char2_7,FALSE,Sword,,TwoHandStaff,,,,,,,,,,,,,,,,,,,
36864,StnCond_2409,Char2_7,FALSE,Sword,Artefact,TwoHandStaff,,,,,,,,,,,,,,,,,,,
40960,StnCond_2410,Char2_7,FALSE,Sword,Shield,TwoHandStaff,,,,,,,,,,,,,,,,,,,
45056,StnCond_2411,Char2_7,FALSE,,Shield,TwoHandStaff,,,,,,,,,,,,,,,,,,,
49152,StnCond_2412,Char2_7,FALSE,,Artefact,TwoHandStaff,,,,,,,,,,,,,,,,,,,
53248,StnCond_2413,Char2_7,FALSE,Spear,,TwoHandStaff,,,,,,,,,,,,,,,,,,,
57344,StnCond_2414,Char2_7,FALSE,Spear,Shield,TwoHandStaff,,,,,,,,,,,,,,,,,,,
61440,StnCond_2415,Char2_7,FALSE,Spear,Artefact,TwoHandStaff,,,,,,,,,,,,,,,,,,,
0,StnCond_2416,Char2_7,FALSE,Wand,,TwoHandStaff,,,,,,,,,,,,,,,,,,,
4096,StnCond_2417,Char2_7,FALSE,Wand,Shield,TwoHandStaff,,,,,,,,,,,,,,,,,,,
8192,StnCond_2418,Char2_7,FALSE,Wand,Artefact,TwoHandStaff,,,,,,,,,,,,,,,,,,,
12288,StnCond_2419,Char2_7,FALSE,THStaff,,TwoHandStick,,,,,,,,,,,,,,,,,,,
20480,StnCond_2501,Char1_7,FALSE,,,OneHandSwordShield,,,,,,,,,,,,,,,,,,,
24576,StnCond_2502,Char1_7,FALSE,Sword,,OneHandSword,,,,,,,,,,,,,,,,,,,
28672,StnCond_2503,Char1_7,FALSE,Sword,Artefact,OneHandSwordShield,,,,,,,,,,,,,,,,,,,
32768,StnCond_2504,Char1_7,FALSE,Sword,Shield,OneHandSwordShield,,,,,,,,,,,,,,,,,,,
36864,StnCond_2505,Char1_7,FALSE,Staff,,OneHandSword,,,,,,,,,,,,,,,,,,,
40960,StnCond_2506,Char1_7,FALSE,Staff,Shield,OneHandSwordShield,,,,,,,,,,,,,,,,,,,
45056,StnCond_2507,Char1_7,FALSE,Staff,Artefact,OneHandSwordShield,,,,,,,,,,,,,,,,,,,
49152,StnCond_2508,Char1_7,FALSE,Mace,,OneHandSword,,,,,,,,,,,,,,,,,,,
53248,StnCond_2509,Char1_7,FALSE,Mace,Shield,OneHandSwordShield,,,,,,,,,,,,,,,,,,,
57344,StnCond_2510,Char1_7,FALSE,Mace,Artefact,OneHandSwordShield,,,,,,,,,,,,,,,,,,,
61440,StnCond_2511,Char1_7,FALSE,THSword,,TwoHandSword,,,,,,,,,,,,,,,,,,,
0,StnCond_2512,Char1_7,FALSE,,Shield,OneHandSwordShield,,,,,,,,,,,,,,,,,,,
4096,StnCond_2513,Char1_7,FALSE,,Artefact,OneHandSwordShield,,,,,,,,,,,,,,,,,,,
8192,StnCond_2514,Char1_7,FALSE,Spear,,OneHandSpear,,,,,,,,,,,,,,,,,,,
12288,StnCond_2515,Char1_7,FALSE,Spear,Shield,OneHandSpearShield,,,,,,,,,,,,,,,,,,,
16384,StnCond_2516,Char1_7,FALSE,Spear,Artefact,OneHandSpearShield,,,,,,,,,,,,,,,,,,,
20480,StnCond_2517,Char1_7,FALSE,Wand,,OneHandSword,,,,,,,,,,,,,,,,,,,
24576,StnCond_2518,Char1_7,FALSE,Wand,Shield,OneHandSwordShield,,,,,,,,,,,,,,,,,,,
28672,StnCond_2519,Char1_7,FALSE,Wand,Artefact,OneHandSwordShield,,,,,,,,,,,,,,,,,,,
32768,StnCond_2520,Char1_7,FALSE,THSpear,,TwoHandSpear,,,,,,,,,,,,,,,,,,,
36864,StnCond_2601,Char3_7,FALSE,,Bow,BowAndShield,,,,,,,,,,,,,,,,,,,
40960,StnCond_2602,Char3_7,FALSE,,,NoBow,,,,,,,,,,,,,,,,,,,
45056,StnCond_2603,Char3_7,FALSE,THBow,,TwoHandBow,,,,,,,,,,,,,,,,,,,
49152,StnCond_2604,Char3_7,FALSE,Bow,,BowAndShield,,,,,,,,,,,,,,,,,,,
53248,StnCond_2605,Char3_7,FALSE,Bow,Bow,BowAndBow,,,,,,,,,,,,,,,,,,,
57344,StnCond_2606,Char3_7,FALSE,Bow,Artefact,BowAndArtefact,,,,,,,,,,,,,,,,,,,
61440,StnCond_2607,Char3_7,FALSE,,Artefact,BowAndArtefact,,,,,,,,,,,,,,,,,,,
0,StnCond_2608,Char3_7,FALSE,Bow,Shield,BowAndShield,,,,,,,,,,,,,,,,,,,
4096,StnCond_2609,Char3_7,FALSE,,Shield,BowAndShield,,,,,,,,,,,,,,,,,,,
53248,StnCond_2701,Char4_6,FALSE,,,OneHandMaceOnly,,,,,,,,,,,,,,,,,,,
57344,StnCond_2702,Char4_6,FALSE,Mace,,OneHandMaceOnly,,,,,,,,,,,,,,,,,,,
61440,StnCond_2703,Char4_6,FALSE,Mace,Shield,OneHandMaceShield,,,,,,,,,,,,,,,,,,,
0,StnCond_2704,Char4_6,FALSE,,Shield,OneHandMaceShield,,,,,,,,,,,,,,,,,,,
4096,StnCond_2705,Char4_6,FALSE,Sword,,OneHandMaceOnly,,,,,,,,,,,,,,,,,,,
8192,StnCond_2706,Char4_6,FALSE,Sword,Artefact,OneHandMaceShield,,,,,,,,,,,,,,,,,,,
12288,StnCond_2707,Char4_6,FALSE,Sword,Shield,OneHandMaceShield,,,,,,,,,,,,,,,,,,,
16384,StnCond_2708,Char4_6,FALSE,Staff,,OneHandMaceOnly,,,,,,,,,,,,,,,,,,,
20480,StnCond_2709,Char4_6,FALSE,Staff,Shield,OneHandMaceShield,,,,,,,,,,,,,,,,,,,
24576,StnCond_2710,Char4_6,FALSE,Staff,Artefact,OneHandMaceShield,,,,,,,,,,,,,,,,,,,
28672,StnCond_2711,Char4_6,FALSE,Spear,,OneHandMaceOnly,,,,,,,,,,,,,,,,,,,
32768,StnCond_2712,Char4_6,FALSE,Spear,Shield,OneHandMaceShield,,,,,,,,,,,,,,,,,,,
36864,StnCond_2713,Char4_6,FALSE,Spear,Artefact,OneHandMaceShield,,,,,,,,,,,,,,,,,,,
40960,StnCond_2714,Char4_6,FALSE,Wand,,OneHandMaceOnly,,,,,,,,,,,,,,,,,,,
45056,StnCond_2715,Char4_6,FALSE,Wand,Shield,OneHandMaceShield,,,,,,,,,,,,,,,,,,,
49152,StnCond_2716,Char4_6,FALSE,Wand,Artefact,OneHandMaceShield,,,,,,,,,,,,,,,,,,,
53248,StnCond_2717,Char4_6,FALSE,Mace,Artefact,OneHandMaceShield,,,,,,,,,,,,,,,,,,,
4096,StnCond_2801,Char4_7,FALSE,,,OneHandMaceOnly,,,,,,,,,,,,,,,,,,,
8192,StnCond_2802,Char4_7,FALSE,Mace,,OneHandMaceOnly,,,,,,,,,,,,,,,,,,,
12288,StnCond_2803,Char4_7,FALSE,Mace,Shield,OneHandMaceShield,,,,,,,,,,,,,,,,,,,
16384,StnCond_2804,Char4_7,FALSE,,Shield,OneHandMaceShield,,,,,,,,,,,,,,,,,,,
20480,StnCond_2805,Char4_7,FALSE,Sword,,OneHandMaceOnly,,,,,,,,,,,,,,,,,,,
24576,StnCond_2806,Char4_7,FALSE,Sword,Artefact,OneHandMaceShield,,,,,,,,,,,,,,,,,,,
28672,StnCond_2807,Char4_7,FALSE,Sword,Shield,OneHandMaceShield,,,,,,,,,,,,,,,,,,,
32768,StnCond_2808,Char4_7,FALSE,Staff,,OneHandMaceOnly,,,,,,,,,,,,,,,,,,,
36864,StnCond_2809,Char4_7,FALSE,Staff,Shield,OneHandMaceShield,,,,,,,,,,,,,,,,,,,
40960,StnCond_2810,Char4_7,FALSE,Staff,Artefact,OneHandMaceShield,,,,,,,,,,,,,,,,,,,
45056,StnCond_2811,Char4_7,FALSE,Spear,,OneHandMaceOnly,,,,,,,,,,,,,,,,,,,
49152,StnCond_2812,Char4_7,FALSE,Spear,Shield,OneHandMaceShield,,,,,,,,,,,,,,,,,,,
53248,StnCond_2813,Char4_7,FALSE,Spear,Artefact,OneHandMaceShield,,,,,,,,,,,,,,,,,,,
57344,StnCond_2814,Char4_7,FALSE,Wand,,OneHandMaceOnly,,,,,,,,,,,,,,,,,,,
61440,StnCond_2815,Char4_7,FALSE,Wand,Shield,OneHandMaceShield,,,,,,,,,,,,,,,,,,,
0,StnCond_2816,Char4_7,FALSE,Wand,Artefact,OneHandMaceShield,,,,,,,,,,,,,,,,,,,
4096,StnCond_2817,Char4_7,FALSE,Mace,Artefact,OneHandMaceShield,,,,,,,,,,,,,,,,,,,
20480,StnCond_2901,Char2_8,FALSE,,,TwoHandStaff,,,,,,,,,,,,,,,,,,,
24576,StnCond_2902,Char2_8,FALSE,Staff,,TwoHandStaff,,,,,,,,,,,,,,,,,,,
28672,StnCond_2903,Char2_8,FALSE,Staff,Artefact,TwoHandStaff,,,,,,,,,,,,,,,,,,,
32768,StnCond_2904,Char2_8,FALSE,Staff,Shield,TwoHandStaff,,,,,,,,,,,,,,,,,,,
36864,StnCond_2905,Char2_8,FALSE,Mace,,TwoHandStaff,,,,,,,,,,,,,,,,,,,
40960,StnCond_2906,Char2_8,FALSE,Mace,Artefact,TwoHandStaff,,,,,,,,,,,,,,,,,,,
45056,StnCond_2907,Char2_8,FALSE,Mace,Shield,TwoHandStaff,,,,,,,,,,,,,,,,,,,
49152,StnCond_2908,Char2_8,FALSE,Sword,,TwoHandStaff,,,,,,,,,,,,,,,,,,,
53248,StnCond_2909,Char2_8,FALSE,Sword,Artefact,TwoHandStaff,,,,,,,,,,,,,,,,,,,
57344,StnCond_2910,Char2_8,FALSE,Sword,Shield,TwoHandStaff,,,,,,,,,,,,,,,,,,,
61440,StnCond_2911,Char2_8,FALSE,,Shield,TwoHandStaff,,,,,,,,,,,,,,,,,,,
0,StnCond_2912,Char2_8,FALSE,,Artefact,TwoHandStaff,,,,,,,,,,,,,,,,,,,
4096,StnCond_2913,Char2_8,FALSE,Spear,,TwoHandStaff,,,,,,,,,,,,,,,,,,,
8192,StnCond_2914,Char2_8,FALSE,Spear,Shield,TwoHandStaff,,,,,,,,,,,,,,,,,,,
12288,StnCond_2915,Char2_8,FALSE,Spear,Artefact,TwoHandStaff,,,,,,,,,,,,,,,,,,,
16384,StnCond_2916,Char2_8,FALSE,Wand,,TwoHandStaff,,,,,,,,,,,,,,,,,,,
20480,StnCond_2917,Char2_8,FALSE,Wand,Shield,TwoHandStaff,,,,,,,,,,,,,,,,,,,
24576,StnCond_2918,Char2_8,FALSE,Wand,Artefact,TwoHandStaff,,,,,,,,,,,,,,,,,,,
28672,StnCond_2919,Char2_8,FALSE,THStaff,,TwoHandStick,,,,,,,,,,,,,,,,,,,
36864,StnCond_3001,Char2_9,FALSE,,,TwoHandStaff,,,,,,,,,,,,,,,,,,,
40960,StnCond_3002,Char2_9,FALSE,Staff,,TwoHandStaff,,,,,,,,,,,,,,,,,,,
45056,StnCond_3003,Char2_9,FALSE,Staff,Artefact,TwoHandStaff,,,,,,,,,,,,,,,,,,,
49152,StnCond_3004,Char2_9,FALSE,Staff,Shield,TwoHandStaff,,,,,,,,,,,,,,,,,,,
53248,StnCond_3005,Char2_9,FALSE,Mace,,TwoHandStaff,,,,,,,,,,,,,,,,,,,
57344,StnCond_3006,Char2_9,FALSE,Mace,Artefact,TwoHandStaff,,,,,,,,,,,,,,,,,,,
61440,StnCond_3007,Char2_9,FALSE,Mace,Shield,TwoHandStaff,,,,,,,,,,,,,,,,,,,
0,StnCond_3008,Char2_9,FALSE,Sword,,TwoHandStaff,,,,,,,,,,,,,,,,,,,
4096,StnCond_3009,Char2_9,FALSE,Sword,Artefact,TwoHandStaff,,,,,,,,,,,,,,,,,,,
8192,StnCond_3010,Char2_9,FALSE,Sword,Shield,TwoHandStaff,,,,,,,,,,,,,,,,,,,
12288,StnCond_3011,Char2_9,FALSE,,Shield,TwoHandStaff,,,,,,,,,,,,,,,,,,,
16384,StnCond_3012,Char2_9,FALSE,,Artefact,TwoHandStaff,,,,,,,,,,,,,,,,,,,
20480,StnCond_3013,Char2_9,FALSE,Spear,,TwoHandStaff,,,,,,,,,,,,,,,,,,,
24576,StnCond_3014,Char2_9,FALSE,Spear,Shield,TwoHandStaff,,,,,,,,,,,,,,,,,,,
28672,StnCond_3015,Char2_9,FALSE,Spear,Artefact,TwoHandStaff,,,,,,,,,,,,,,,,,,,
32768,StnCond_3016,Char2_9,FALSE,Wand,,TwoHandStaff,,,,,,,,,,,,,,,,,,,
36864,StnCond_3017,Char2_9,FALSE,Wand,Shield,TwoHandStaff,,,,,,,,,,,,,,,,,,,
40960,StnCond_3018,Char2_9,FALSE,Wand,Artefact,TwoHandStaff,,,,,,,,,,,,,,,,,,,
45056,StnCond_3019,Char2_9,FALSE,THStaff,,TwoHandStick,,,,,,,,,,,,,,,,,,,
53248,StnCond_3101,Char1_8,FALSE,,,OneHandSwordShield,,,,,,,,,,,,,,,,,,,
57344,StnCond_3102,Char1_8,FALSE,Sword,,OneHandSword,,,,,,,,,,,,,,,,,,,
61440,StnCond_3103,Char1_8,FALSE,Sword,Artefact,OneHandSwordShield,,,,,,,,,,,,,,,,,,,
0,StnCond_3104,Char1_8,FALSE,Sword,Shield,OneHandSwordShield,,,,,,,,,,,,,,,,,,,
4096,StnCond_3105,Char1_8,FALSE,Staff,,OneHandSword,,,,,,,,,,,,,,,,,,,
8192,StnCond_3106,Char1_8,FALSE,Staff,Shield,OneHandSwordShield,,,,,,,,,,,,,,,,,,,
12288,StnCond_3107,Char1_8,FALSE,Staff,Artefact,OneHandSwordShield,,,,,,,,,,,,,,,,,,,
16384,StnCond_3108,Char1_8,FALSE,Mace,,OneHandSword,,,,,,,,,,,,,,,,,,,
20480,StnCond_3109,Char1_8,FALSE,Mace,Shield,OneHandSwordShield,,,,,,,,,,,,,,,,,,,
24576,StnCond_3110,Char1_8,FALSE,Mace,Artefact,OneHandSwordShield,,,,,,,,,,,,,,,,,,,
28672,StnCond_3111,Char1_8,FALSE,THSword,,TwoHandSword,,,,,,,,,,,,,,,,,,,
32768,StnCond_3112,Char1_8,FALSE,,Shield,OneHandSwordShield,,,,,,,,,,,,,,,,,,,
36864,StnCond_3113,Char1_8,FALSE,,Artefact,OneHandSwordShield,,,,,,,,,,,,,,,,,,,
40960,StnCond_3114,Char1_8,FALSE,Spear,,OneHandSpear,,,,,,,,,,,,,,,,,,,
45056,StnCond_3115,Char1_8,FALSE,Spear,Shield,OneHandSpearShield,,,,,,,,,,,,,,,,,,,
49152,StnCond_3116,Char1_8,FALSE,Spear,Artefact,OneHandSpearShield,,,,,,,,,,,,,,,,,,,
53248,StnCond_3117,Char1_8,FALSE,Wand,,OneHandSword,,,,,,,,,,,,,,,,,,,
57344,StnCond_3118,Char1_8,FALSE,Wand,Shield,OneHandSwordShield,,,,,,,,,,,,,,,,,,,
61440,StnCond_3119,Char1_8,FALSE,Wand,Artefact,OneHandSwordShield,,,,,,,,,,,,,,,,,,,
0,StnCond_3120,Char1_8,FALSE,THSpear,,TwoHandSpear,,,,,,,,,,,,,,,,,,,
4096,StnCond_3201,Char3_8,FALSE,,Bow,BowAndShield,,,,,,,,,,,,,,,,,,,
8192,StnCond_3202,Char3_8,FALSE,,,NoBow,,,,,,,,,,,,,,,,,,,
12288,StnCond_3203,Char3_8,FALSE,THBow,,TwoHandBow,,,,,,,,,,,,,,,,,,,
16384,StnCond_3204,Char3_8,FALSE,Bow,,BowAndShield,,,,,,,,,,,,,,,,,,,
20480,StnCond_3205,Char3_8,FALSE,Bow,Bow,BowAndBow,,,,,,,,,,,,,,,,,,,
24576,StnCond_3206,Char3_8,FALSE,Bow,Artefact,BowAndArtefact,,,,,,,,,,,,,,,,,,,
28672,StnCond_3207,Char3_8,FALSE,,Artefact,BowAndArtefact,,,,,,,,,,,,,,,,,,,
32768,StnCond_3208,Char3_8,FALSE,Bow,Shield,BowAndShield,,,,,,,,,,,,,,,,,,,
36864,StnCond_3209,Char3_8,FALSE,,Shield,BowAndShield,,,,,,,,,,,,,,,,,,,
20480,StnCond_3301,Char3_9,FALSE,,Bow,BowAndShield,,,,,,,,,,,,,,,,,,,
24576,StnCond_3302,Char3_9,FALSE,,,NoBow,,,,,,,,,,,,,,,,,,,
28672,StnCond_3303,Char3_9,FALSE,THBow,,TwoHandBow,,,,,,,,,,,,,,,,,,,
32768,StnCond_3304,Char3_9,FALSE,Bow,,BowAndShield,,,,,,,,,,,,,,,,,,,
36864,StnCond_3305,Char3_9,FALSE,Bow,Bow,BowAndBow,,,,,,,,,,,,,,,,,,,
40960,StnCond_3306,Char3_9,FALSE,Bow,Artefact,BowAndArtefact,,,,,,,,,,,,,,,,,,,
45056,StnCond_3307,Char3_9,FALSE,,Artefact,BowAndArtefact,,,,,,,,,,,,,,,,,,,
49152,StnCond_3308,Char3_9,FALSE,Bow,Shield,BowAndShield,,,,,,,,,,,,,,,,,,,
53248,StnCond_3309,Char3_9,FALSE,,Shield,BowAndShield,,,,,,,,,,,,,,,,,,,
36864,StnCond_3401,Char1_9,FALSE,,,OneHandSwordShield,,,,,,,,,,,,,,,,,,,
40960,StnCond_3402,Char1_9,FALSE,Sword,,OneHandSword,,,,,,,,,,,,,,,,,,,
45056,StnCond_3403,Char1_9,FALSE,Sword,Artefact,OneHandSwordShield,,,,,,,,,,,,,,,,,,,
49152,StnCond_3404,Char1_9,FALSE,Sword,Shield,OneHandSwordShield,,,,,,,,,,,,,,,,,,,
53248,StnCond_3405,Char1_9,FALSE,Staff,,OneHandSword,,,,,,,,,,,,,,,,,,,
57344,StnCond_3406,Char1_9,FALSE,Staff,Shield,OneHandSwordShield,,,,,,,,,,,,,,,,,,,
61440,StnCond_3407,Char1_9,FALSE,Staff,Artefact,OneHandSwordShield,,,,,,,,,,,,,,,,,,,
0,StnCond_3408,Char1_9,FALSE,Mace,,OneHandSword,,,,,,,,,,,,,,,,,,,
4096,StnCond_3409,Char1_9,FALSE,Mace,Shield,OneHandSwordShield,,,,,,,,,,,,,,,,,,,
8192,StnCond_3410,Char1_9,FALSE,Mace,Artefact,OneHandSwordShield,,,,,,,,,,,,,,,,,,,
12288,StnCond_3411,Char1_9,FALSE,THSword,,TwoHandSword,,,,,,,,,,,,,,,,,,,
16384,StnCond_3412,Char1_9,FALSE,,Shield,OneHandSwordShield,,,,,,,,,,,,,,,,,,,
20480,StnCond_3413,Char1_9,FALSE,,Artefact,OneHandSwordShield,,,,,,,,,,,,,,,,,,,
24576,StnCond_3414,Char1_9,FALSE,Spear,,OneHandSpear,,,,,,,,,,,,,,,,,,,
28672,StnCond_3415,Char1_9,FALSE,Spear,Shield,OneHandSpearShield,,,,,,,,,,,,,,,,,,,
32768,StnCond_3416,Char1_9,FALSE,Spear,Artefact,OneHandSpearShield,,,,,,,,,,,,,,,,,,,
36864,StnCond_3417,Char1_9,FALSE,Wand,,OneHandSword,,,,,,,,,,,,,,,,,,,
40960,StnCond_3418,Char1_9,FALSE,Wand,Shield,OneHandSwordShield,,,,,,,,,,,,,,,,,,,
45056,StnCond_3419,Char1_9,FALSE,Wand,Artefact,OneHandSwordShield,,,,,,,,,,,,,,,,,,,
49152,StnCond_3420,Char1_9,FALSE,THSpear,,TwoHandSpear,,,,,,,,,,,,,,,,,,,
53248,StnCond_3501,Char4_8,FALSE,,,OneHandMaceOnly,,,,,,,,,,,,,,,,,,,
57344,StnCond_3502,Char4_8,FALSE,Mace,,OneHandMaceOnly,,,,,,,,,,,,,,,,,,,
61440,StnCond_3503,Char4_8,FALSE,Mace,Shield,OneHandMaceShield,,,,,,,,,,,,,,,,,,,
0,StnCond_3504,Char4_8,FALSE,,Shield,OneHandMaceShield,,,,,,,,,,,,,,,,,,,
4096,StnCond_3505,Char4_8,FALSE,Sword,,OneHandMaceOnly,,,,,,,,,,,,,,,,,,,
8192,StnCond_3506,Char4_8,FALSE,Sword,Artefact,OneHandMaceShield,,,,,,,,,,,,,,,,,,,
12288,StnCond_3507,Char4_8,FALSE,Sword,Shield,OneHandMaceShield,,,,,,,,,,,,,,,,,,,
16384,StnCond_3508,Char4_8,FALSE,Staff,,OneHandMaceOnly,,,,,,,,,,,,,,,,,,,
20480,StnCond_3509,Char4_8,FALSE,Staff,Shield,OneHandMaceShield,,,,,,,,,,,,,,,,,,,
24576,StnCond_3510,Char4_8,FALSE,Staff,Artefact,OneHandMaceShield,,,,,,,,,,,,,,,,,,,
28672,StnCond_3511,Char4_8,FALSE,Spear,,OneHandMaceOnly,,,,,,,,,,,,,,,,,,,
32768,StnCond_3512,Char4_8,FALSE,Spear,Shield,OneHandMaceShield,,,,,,,,,,,,,,,,,,,
36864,StnCond_3513,Char4_8,FALSE,Spear,Artefact,OneHandMaceShield,,,,,,,,,,,,,,,,,,,
40960,StnCond_3514,Char4_8,FALSE,Wand,,OneHandMaceOnly,,,,,,,,,,,,,,,,,,,
45056,StnCond_3515,Char4_8,FALSE,Wand,Shield,OneHandMaceShield,,,,,,,,,,,,,,,,,,,
49152,StnCond_3516,Char4_8,FALSE,Wand,Artefact,OneHandMaceShield,,,,,,,,,,,,,,,,,,,
53248,StnCond_3517,Char4_8,FALSE,Mace,Artefact,OneHandMaceShield,,,,,,,,,,,,,,,,,,,
4096,StnCond_3601,Char2_10,FALSE,,,TwoHandStaff,,,,,,,,,,,,,,,,,,,
8192,StnCond_3602,Char2_10,FALSE,Staff,,TwoHandStaff,,,,,,,,,,,,,,,,,,,
12288,StnCond_3603,Char2_10,FALSE,Staff,Artefact,TwoHandStaff,,,,,,,,,,,,,,,,,,,
16384,StnCond_3604,Char2_10,FALSE,Staff,Shield,TwoHandStaff,,,,,,,,,,,,,,,,,,,
20480,StnCond_3605,Char2_10,FALSE,Mace,,TwoHandStaff,,,,,,,,,,,,,,,,,,,
24576,StnCond_3606,Char2_10,FALSE,Mace,Artefact,TwoHandStaff,,,,,,,,,,,,,,,,,,,
28672,StnCond_3607,Char2_10,FALSE,Mace,Shield,TwoHandStaff,,,,,,,,,,,,,,,,,,,
32768,StnCond_3608,Char2_10,FALSE,Sword,,TwoHandStaff,,,,,,,,,,,,,,,,,,,
36864,StnCond_3609,Char2_10,FALSE,Sword,Artefact,TwoHandStaff,,,,,,,,,,,,,,,,,,,
40960,StnCond_3610,Char2_10,FALSE,Sword,Shield,TwoHandStaff,,,,,,,,,,,,,,,,,,,
45056,StnCond_3611,Char2_10,FALSE,,Shield,TwoHandStaff,,,,,,,,,,,,,,,,,,,
49152,StnCond_3612,Char2_10,FALSE,,Artefact,TwoHandStaff,,,,,,,,,,,,,,,,,,,
53248,StnCond_3613,Char2_10,FALSE,Spear,,TwoHandStaff,,,,,,,,,,,,,,,,,,,
57344,StnCond_3614,Char2_10,FALSE,Spear,Shield,TwoHandStaff,,,,,,,,,,,,,,,,,,,
61440,StnCond_3615,Char2_10,FALSE,Spear,Artefact,TwoHandStaff,,,,,,,,,,,,,,,,,,,
0,StnCond_3616,Char2_10,FALSE,Wand,,TwoHandStaff,,,,,,,,,,,,,,,,,,,
4096,StnCond_3617,Char2_10,FALSE,Wand,Shield,TwoHandStaff,,,,,,,,,,,,,,,,,,,
8192,StnCond_3618,Char2_10,FALSE,Wand,Artefact,TwoHandStaff,,,,,,,,,,,,,,,,,,,
12288,StnCond_3619,Char2_10,FALSE,THStaff,,TwoHandStick,,,,,,,,,,,,,,,,,,,
20480,StnCond_3701,Char1_10,FALSE,,,OneHandSwordShield,,,,,,,,,,,,,,,,,,,
24576,StnCond_3702,Char1_10,FALSE,Sword,,OneHandSword,,,,,,,,,,,,,,,,,,,
28672,StnCond_3703,Char1_10,FALSE,Sword,Artefact,OneHandSwordShield,,,,,,,,,,,,,,,,,,,
32768,StnCond_3704,Char1_10,FALSE,Sword,Shield,OneHandSwordShield,,,,,,,,,,,,,,,,,,,
36864,StnCond_3705,Char1_10,FALSE,Staff,,OneHandSword,,,,,,,,,,,,,,,,,,,
40960,StnCond_3706,Char1_10,FALSE,Staff,Shield,OneHandSwordShield,,,,,,,,,,,,,,,,,,,
45056,StnCond_3707,Char1_10,FALSE,Staff,Artefact,OneHandSwordShield,,,,,,,,,,,,,,,,,,,
49152,StnCond_3708,Char1_10,FALSE,Mace,,OneHandSword,,,,,,,,,,,,,,,,,,,
53248,StnCond_3709,Char1_10,FALSE,Mace,Shield,OneHandSwordShield,,,,,,,,,,,,,,,,,,,
57344,StnCond_3710,Char1_10,FALSE,Mace,Artefact,OneHandSwordShield,,,,,,,,,,,,,,,,,,,
61440,StnCond_3711,Char1_10,FALSE,THSword,,TwoHandSword,,,,,,,,,,,,,,,,,,,
0,StnCond_3712,Char1_10,FALSE,,Shield,OneHandSwordShield,,,,,,,,,,,,,,,,,,,
4096,StnCond_3713,Char1_10,FALSE,,Artefact,OneHandSwordShield,,,,,,,,,,,,,,,,,,,
8192,StnCond_3714,Char1_10,FALSE,Spear,,OneHandSpear,,,,,,,,,,,,,,,,,,,
12288,StnCond_3715,Char1_10,FALSE,Spear,Shield,OneHandSpearShield,,,,,,,,,,,,,,,,,,,
16384,StnCond_3716,Char1_10,FALSE,Spear,Artefact,OneHandSpearShield,,,,,,,,,,,,,,,,,,,
20480,StnCond_3717,Char1_10,FALSE,Wand,,OneHandSword,,,,,,,,,,,,,,,,,,,
24576,StnCond_3718,Char1_10,FALSE,Wand,Shield,OneHandSwordShield,,,,,,,,,,,,,,,,,,,
28672,StnCond_3719,Char1_10,FALSE,Wand,Artefact,OneHandSwordShield,,,,,,,,,,,,,,,,,,,
32768,StnCond_3720,Char1_10,FALSE,THSpear,,TwoHandSpear,,,,,,,,,,,,,,,,,,,
36864,StnCond_3801,Char1_11,FALSE,,,OneHandSwordShield,,,,,,,,,,,,,,,,,,,
40960,StnCond_3802,Char1_11,FALSE,Sword,,OneHandSword,,,,,,,,,,,,,,,,,,,
45056,StnCond_3803,Char1_11,FALSE,Sword,Artefact,OneHandSwordShield,,,,,,,,,,,,,,,,,,,
49152,StnCond_3804,Char1_11,FALSE,Sword,Shield,OneHandSwordShield,,,,,,,,,,,,,,,,,,,
53248,StnCond_3805,Char1_11,FALSE,Staff,,OneHandSword,,,,,,,,,,,,,,,,,,,
57344,StnCond_3806,Char1_11,FALSE,Staff,Shield,OneHandSwordShield,,,,,,,,,,,,,,,,,,,
61440,StnCond_3807,Char1_11,FALSE,Staff,Artefact,OneHandSwordShield,,,,,,,,,,,,,,,,,,,
0,StnCond_3808,Char1_11,FALSE,Mace,,OneHandSword,,,,,,,,,,,,,,,,,,,
4096,StnCond_3809,Char1_11,FALSE,Mace,Shield,OneHandSwordShield,,,,,,,,,,,,,,,,,,,
8192,StnCond_3810,Char1_11,FALSE,Mace,Artefact,OneHandSwordShield,,,,,,,,,,,,,,,,,,,
12288,StnCond_3811,Char1_11,FALSE,THSword,,TwoHandSword,,,,,,,,,,,,,,,,,,,
16384,StnCond_3812,Char1_11,FALSE,,Shield,OneHandSwordShield,,,,,,,,,,,,,,,,,,,
20480,StnCond_3813,Char1_11,FALSE,,Artefact,OneHandSwordShield,,,,,,,,,,,,,,,,,,,
24576,StnCond_3814,Char1_11,FALSE,Spear,,OneHandSpear,,,,,,,,,,,,,,,,,,,
28672,StnCond_3815,Char1_11,FALSE,Spear,Shield,OneHandSpearShield,,,,,,,,,,,,,,,,,,,
32768,StnCond_3816,Char1_11,FALSE,Spear,Artefact,OneHandSpearShield,,,,,,,,,,,,,,,,,,,
36864,StnCond_3817,Char1_11,FALSE,Wand,,OneHandSword,,,,,,,,,,,,,,,,,,,
40960,StnCond_3818,Char1_11,FALSE,Wand,Shield,OneHandSwordShield,,,,,,,,,,,,,,,,,,,
45056,StnCond_3819,Char1_11,FALSE,Wand,Artefact,OneHandSwordShield,,,,,,,,,,,,,,,,,,,
49152,StnCond_3820,Char1_11,FALSE,THSpear,,TwoHandSpear,,,,,,,,,,,,,,,,,,,
53248,StnCond_3901,Char2_11,FALSE,,,TwoHandStaff,,,,,,,,,,,,,,,,,,,
57344,StnCond_3902,Char2_11,FALSE,Staff,,TwoHandStaff,,,,,,,,,,,,,,,,,,,
61440,StnCond_3903,Char2_11,FALSE,Staff,Artefact,TwoHandStaff,,,,,,,,,,,,,,,,,,,
0,StnCond_3904,Char2_11,FALSE,Staff,Shield,TwoHandStaff,,,,,,,,,,,,,,,,,,,
4096,StnCond_3905,Char2_11,FALSE,Mace,,TwoHandStaff,,,,,,,,,,,,,,,,,,,
8192,StnCond_3906,Char2_11,FALSE,Mace,Artefact,TwoHandStaff,,,,,,,,,,,,,,,,,,,
12288,StnCond_3907,Char2_11,FALSE,Mace,Shield,TwoHandStaff,,,,,,,,,,,,,,,,,,,
16384,StnCond_3908,Char2_11,FALSE,Sword,,TwoHandStaff,,,,,,,,,,,,,,,,,,,
20480,StnCond_3909,Char2_11,FALSE,Sword,Artefact,TwoHandStaff,,,,,,,,,,,,,,,,,,,
24576,StnCond_3910,Char2_11,FALSE,Sword,Shield,TwoHandStaff,,,,,,,,,,,,,,,,,,,
28672,StnCond_3911,Char2_11,FALSE,,Shield,TwoHandStaff,,,,,,,,,,,,,,,,,,,
32768,StnCond_3912,Char2_11,FALSE,,Artefact,TwoHandStaff,,,,,,,,,,,,,,,,,,,
36864,StnCond_3913,Char2_11,FALSE,Spear,,TwoHandStaff,,,,,,,,,,,,,,,,,,,
40960,StnCond_3914,Char2_11,FALSE,Spear,Shield,TwoHandStaff,,,,,,,,,,,,,,,,,,,
45056,StnCond_3915,Char2_11,FALSE,Spear,Artefact,TwoHandStaff,,,,,,,,,,,,,,,,,,,
49152,StnCond_3916,Char2_11,FALSE,Wand,,TwoHandStaff,,,,,,,,,,,,,,,,,,,
53248,StnCond_3917,Char2_11,FALSE,Wand,Shield,TwoHandStaff,,,,,,,,,,,,,,,,,,,
57344,StnCond_3918,Char2_11,FALSE,Wand,Artefact,TwoHandStaff,,,,,,,,,,,,,,,,,,,
61440,StnCond_3919,Char2_11,FALSE,THStaff,,TwoHandStick,,,,,,,,,,,,,,,,,,,
4096,StnCond_4001,Char3_10,FALSE,,Bow,BowAndShield,,,,,,,,,,,,,,,,,,,
8192,StnCond_4002,Char3_10,FALSE,,,NoBow,,,,,,,,,,,,,,,,,,,
12288,StnCond_4003,Char3_10,FALSE,THBow,,TwoHandBow,,,,,,,,,,,,,,,,,,,
16384,StnCond_4004,Char3_10,FALSE,Bow,,BowAndShield,,,,,,,,,,,,,,,,,,,
20480,StnCond_4005,Char3_10,FALSE,Bow,Bow,BowAndBow,,,,,,,,,,,,,,,,,,,
24576,StnCond_4006,Char3_10,FALSE,Bow,Artefact,BowAndArtefact,,,,,,,,,,,,,,,,,,,
28672,StnCond_4007,Char3_10,FALSE,,Artefact,BowAndArtefact,,,,,,,,,,,,,,,,,,,
32768,StnCond_4008,Char3_10,FALSE,Bow,Shield,BowAndShield,,,,,,,,,,,,,,,,,,,
36864,StnCond_4009,Char3_10,FALSE,,Shield,BowAndShield,,,,,,,,,,,,,,,,,,,
10240,StnCond_4101,Char3_11,FALSE,,Bow,BowAndShield,,,,,,,,,,,,,,,,,,,
12288,StnCond_4102,Char3_11,FALSE,,,NoBow,,,,,,,,,,,,,,,,,,,
14336,StnCond_4103,Char3_11,FALSE,THBow,,TwoHandBow,,,,,,,,,,,,,,,,,,,
16384,StnCond_4104,Char3_11,FALSE,Bow,,BowAndShield,,,,,,,,,,,,,,,,,,,
18432,StnCond_4105,Char3_11,FALSE,Bow,Bow,BowAndBow,,,,,,,,,,,,,,,,,,,
20480,StnCond_4106,Char3_11,FALSE,Bow,Artefact,BowAndArtefact,,,,,,,,,,,,,,,,,,,
22528,StnCond_4107,Char3_11,FALSE,,Artefact,BowAndArtefact,,,,,,,,,,,,,,,,,,,
24576,StnCond_4108,Char3_11,FALSE,Bow,Shield,BowAndShield,,,,,,,,,,,,,,,,,,,
26624,StnCond_4109,Char3_11,FALSE,,Shield,BowAndShield,,,,,,,,,,,,,,,,,,,
18432,StnCond_4201,Char4_9,FALSE,,,OneHandMaceOnly,,,,,,,,,,,,,,,,,,,
20480,StnCond_4202,Char4_9,FALSE,Mace,,OneHandMaceOnly,,,,,,,,,,,,,,,,,,,
22528,StnCond_4203,Char4_9,FALSE,Mace,Shield,OneHandMaceShield,,,,,,,,,,,,,,,,,,,
24576,StnCond_4204,Char4_9,FALSE,,Shield,OneHandMaceShield,,,,,,,,,,,,,,,,,,,
26624,StnCond_4205,Char4_9,FALSE,Sword,,OneHandMaceOnly,,,,,,,,,,,,,,,,,,,
28672,StnCond_4206,Char4_9,FALSE,Sword,Artefact,OneHandMaceShield,,,,,,,,,,,,,,,,,,,
30720,StnCond_4207,Char4_9,FALSE,Sword,Shield,OneHandMaceShield,,,,,,,,,,,,,,,,,,,
32768,StnCond_4208,Char4_9,FALSE,Staff,,OneHandMaceOnly,,,,,,,,,,,,,,,,,,,
34816,StnCond_4209,Char4_9,FALSE,Staff,Shield,OneHandMaceShield,,,,,,,,,,,,,,,,,,,
36864,StnCond_4210,Char4_9,FALSE,Staff,Artefact,OneHandMaceShield,,,,,,,,,,,,,,,,,,,
38912,StnCond_4211,Char4_9,FALSE,Spear,,OneHandMaceOnly,,,,,,,,,,,,,,,,,,,
40960,StnCond_4212,Char4_9,FALSE,Spear,Shield,OneHandMaceShield,,,,,,,,,,,,,,,,,,,
43008,StnCond_4213,Char4_9,FALSE,Spear,Artefact,OneHandMaceShield,,,,,,,,,,,,,,,,,,,
45056,StnCond_4214,Char4_9,FALSE,Wand,,OneHandMaceOnly,,,,,,,,,,,,,,,,,,,
47104,StnCond_4215,Char4_9,FALSE,Wand,Shield,OneHandMaceShield,,,,,,,,,,,,,,,,,,,
49152,StnCond_4216,Char4_9,FALSE,Wand,Artefact,OneHandMaceShield,,,,,,,,,,,,,,,,,,,
51200,StnCond_4217,Char4_9,FALSE,Mace,Artefact,OneHandMaceShield,,,,,,,,,,,,,,,,,,,
26624,StnCond_4301,Char4_10,FALSE,,,OneHandMaceOnly,,,,,,,,,,,,,,,,,,,
28672,StnCond_4302,Char4_10,FALSE,Mace,,OneHandMaceOnly,,,,,,,,,,,,,,,,,,,
30720,StnCond_4303,Char4_10,FALSE,Mace,Shield,OneHandMaceShield,,,,,,,,,,,,,,,,,,,
32768,StnCond_4304,Char4_10,FALSE,,Shield,OneHandMaceShield,,,,,,,,,,,,,,,,,,,
34816,StnCond_4305,Char4_10,FALSE,Sword,,OneHandMaceOnly,,,,,,,,,,,,,,,,,,,
36864,StnCond_4306,Char4_10,FALSE,Sword,Artefact,OneHandMaceShield,,,,,,,,,,,,,,,,,,,
38912,StnCond_4307,Char4_10,FALSE,Sword,Shield,OneHandMaceShield,,,,,,,,,,,,,,,,,,,
40960,StnCond_4308,Char4_10,FALSE,Staff,,OneHandMaceOnly,,,,,,,,,,,,,,,,,,,
43008,StnCond_4309,Char4_10,FALSE,Staff,Shield,OneHandMaceShield,,,,,,,,,,,,,,,,,,,
45056,StnCond_4310,Char4_10,FALSE,Staff,Artefact,OneHandMaceShield,,,,,,,,,,,,,,,,,,,
47104,StnCond_4311,Char4_10,FALSE,Spear,,OneHandMaceOnly,,,,,,,,,,,,,,,,,,,
49152,StnCond_4312,Char4_10,FALSE,Spear,Shield,OneHandMaceShield,,,,,,,,,,,,,,,,,,,
51200,StnCond_4313,Char4_10,FALSE,Spear,Artefact,OneHandMaceShield,,,,,,,,,,,,,,,,,,,
53248,StnCond_4314,Char4_10,FALSE,Wand,,OneHandMaceOnly,,,,,,,,,,,,,,,,,,,
55296,StnCond_4315,Char4_10,FALSE,Wand,Shield,OneHandMaceShield,,,,,,,,,,,,,,,,,,,
57344,StnCond_4316,Char4_10,FALSE,Wand,Artefact,OneHandMaceShield,,,,,,,,,,,,,,,,,,,
59392,StnCond_4317,Char4_10,FALSE,Mace,Artefact,OneHandMaceShield,,,,,,,,,,,,,,,,,,,
34816,StnCond_4401,Char4_11,FALSE,,,OneHandMaceOnly,,,,,,,,,,,,,,,,,,,
36864,StnCond_4402,Char4_11,FALSE,Mace,,OneHandMaceOnly,,,,,,,,,,,,,,,,,,,
38912,StnCond_4403,Char4_11,FALSE,Mace,Shield,OneHandMaceShield,,,,,,,,,,,,,,,,,,,
40960,StnCond_4404,Char4_11,FALSE,,Shield,OneHandMaceShield,,,,,,,,,,,,,,,,,,,
43008,StnCond_4405,Char4_11,FALSE,Sword,,OneHandMaceOnly,,,,,,,,,,,,,,,,,,,
45056,StnCond_4406,Char4_11,FALSE,Sword,Artefact,OneHandMaceShield,,,,,,,,,,,,,,,,,,,
47104,StnCond_4407,Char4_11,FALSE,Sword,Shield,OneHandMaceShield,,,,,,,,,,,,,,,,,,,
49152,StnCond_4408,Char4_11,FALSE,Staff,,OneHandMaceOnly,,,,,,,,,,,,,,,,,,,
51200,StnCond_4409,Char4_11,FALSE,Staff,Shield,OneHandMaceShield,,,,,,,,,,,,,,,,,,,
53248,StnCond_4410,Char4_11,FALSE,Staff,Artefact,OneHandMaceShield,,,,,,,,,,,,,,,,,,,
55296,StnCond_4411,Char4_11,FALSE,Spear,,OneHandMaceOnly,,,,,,,,,,,,,,,,,,,
57344,StnCond_4412,Char4_11,FALSE,Spear,Shield,OneHandMaceShield,,,,,,,,,,,,,,,,,,,
59392,StnCond_4413,Char4_11,FALSE,Spear,Artefact,OneHandMaceShield,,,,,,,,,,,,,,,,,,,
61440,StnCond_4414,Char4_11,FALSE,Wand,,OneHandMaceOnly,,,,,,,,,,,,,,,,,,,
63488,StnCond_4415,Char4_11,FALSE,Wand,Shield,OneHandMaceShield,,,,,,,,,,,,,,,,,,,
0,StnCond_4416,Char4_11,FALSE,Wand,Artefact,OneHandMaceShield,,,,,,,,,,,,,,,,,,,
2048,StnCond_4417,Char4_11,FALSE,Mace,Artefact,OneHandMaceShield,,,,,,,,,,,,,,,,,,,
43008,StnCond_4501,Char1_12,FALSE,,,OneHandSwordShield,,,,,,,,,,,,,,,,,,,
45056,StnCond_4502,Char1_12,FALSE,Sword,,OneHandSword,,,,,,,,,,,,,,,,,,,
47104,StnCond_4503,Char1_12,FALSE,Sword,Artefact,OneHandSwordShield,,,,,,,,,,,,,,,,,,,
49152,StnCond_4504,Char1_12,FALSE,Sword,Shield,OneHandSwordShield,,,,,,,,,,,,,,,,,,,
51200,StnCond_4505,Char1_12,FALSE,Staff,,OneHandSword,,,,,,,,,,,,,,,,,,,
53248,StnCond_4506,Char1_12,FALSE,Staff,Shield,OneHandSwordShield,,,,,,,,,,,,,,,,,,,
55296,StnCond_4507,Char1_12,FALSE,Staff,Artefact,OneHandSwordShield,,,,,,,,,,,,,,,,,,,
57344,StnCond_4508,Char1_12,FALSE,Mace,,OneHandSword,,,,,,,,,,,,,,,,,,,
59392,StnCond_4509,Char1_12,FALSE,Mace,Shield,OneHandSwordShield,,,,,,,,,,,,,,,,,,,
61440,StnCond_4510,Char1_12,FALSE,Mace,Artefact,OneHandSwordShield,,,,,,,,,,,,,,,,,,,
63488,StnCond_4511,Char1_12,FALSE,THSword,,TwoHandSword,,,,,,,,,,,,,,,,,,,
0,StnCond_4512,Char1_12,FALSE,,Shield,OneHandSwordShield,,,,,,,,,,,,,,,,,,,
2048,StnCond_4513,Char1_12,FALSE,,Artefact,OneHandSwordShield,,,,,,,,,,,,,,,,,,,
4096,StnCond_4514,Char1_12,FALSE,Spear,,OneHandSpear,,,,,,,,,,,,,,,,,,,
6144,StnCond_4515,Char1_12,FALSE,Spear,Shield,OneHandSpearShield,,,,,,,,,,,,,,,,,,,
8192,StnCond_4516,Char1_12,FALSE,Spear,Artefact,OneHandSpearShield,,,,,,,,,,,,,,,,,,,
10240,StnCond_4517,Char1_12,FALSE,Wand,,OneHandSword,,,,,,,,,,,,,,,,,,,
12288,StnCond_4518,Char1_12,FALSE,Wand,Shield,OneHandSwordShield,,,,,,,,,,,,,,,,,,,
14336,StnCond_4519,Char1_12,FALSE,Wand,Artefact,OneHandSwordShield,,,,,,,,,,,,,,,,,,,
16384,StnCond_4520,Char1_12,FALSE,THSpear,,TwoHandSpear,,,,,,,,,,,,,,,,,,,
51200,StnCond_4601,Char1_13,FALSE,,,OneHandSwordShield,,,,,,,,,,,,,,,,,,,
53248,StnCond_4602,Char1_13,FALSE,Sword,,OneHandSword,,,,,,,,,,,,,,,,,,,
55296,StnCond_4603,Char1_13,FALSE,Sword,Artefact,OneHandSwordShield,,,,,,,,,,,,,,,,,,,
57344,StnCond_4604,Char1_13,FALSE,Sword,Shield,OneHandSwordShield,,,,,,,,,,,,,,,,,,,
59392,StnCond_4605,Char1_13,FALSE,Staff,,OneHandSword,,,,,,,,,,,,,,,,,,,
61440,StnCond_4606,Char1_13,FALSE,Staff,Shield,OneHandSwordShield,,,,,,,,,,,,,,,,,,,
63488,StnCond_4607,Char1_13,FALSE,Staff,Artefact,OneHandSwordShield,,,,,,,,,,,,,,,,,,,
0,StnCond_4608,Char1_13,FALSE,Mace,,OneHandSword,,,,,,,,,,,,,,,,,,,
2048,StnCond_4609,Char1_13,FALSE,Mace,Shield,OneHandSwordShield,,,,,,,,,,,,,,,,,,,
4096,StnCond_4610,Char1_13,FALSE,Mace,Artefact,OneHandSwordShield,,,,,,,,,,,,,,,,,,,
6144,StnCond_4611,Char1_13,FALSE,THSword,,TwoHandSword,,,,,,,,,,,,,,,,,,,
8192,StnCond_4612,Char1_13,FALSE,,Shield,OneHandSwordShield,,,,,,,,,,,,,,,,,,,
10240,StnCond_4613,Char1_13,FALSE,,Artefact,OneHandSwordShield,,,,,,,,,,,,,,,,,,,
12288,StnCond_4614,Char1_13,FALSE,Spear,,OneHandSpear,,,,,,,,,,,,,,,,,,,
14336,StnCond_4615,Char1_13,FALSE,Spear,Shield,OneHandSpearShield,,,,,,,,,,,,,,,,,,,
16384,StnCond_4616,Char1_13,FALSE,Spear,Artefact,OneHandSpearShield,,,,,,,,,,,,,,,,,,,
18432,StnCond_4617,Char1_13,FALSE,Wand,,OneHandSword,,,,,,,,,,,,,,,,,,,
20480,StnCond_4618,Char1_13,FALSE,Wand,Shield,OneHandSwordShield,,,,,,,,,,,,,,,,,,,
22528,StnCond_4619,Char1_13,FALSE,Wand,Artefact,OneHandSwordShield,,,,,,,,,,,,,,,,,,,
24576,StnCond_4620,Char1_13,FALSE,THSpear,,TwoHandSpear,,,,,,,,,,,,,,,,,,,
59392,StnCond_4701,Char3_12,FALSE,,Bow,BowAndShield,,,,,,,,,,,,,,,,,,,
61440,StnCond_4702,Char3_12,FALSE,,,NoBow,,,,,,,,,,,,,,,,,,,
63488,StnCond_4703,Char3_12,FALSE,THBow,,TwoHandBow,,,,,,,,,,,,,,,,,,,
0,StnCond_4704,Char3_12,FALSE,Bow,,BowAndShield,,,,,,,,,,,,,,,,,,,
2048,StnCond_4705,Char3_12,FALSE,Bow,Bow,BowAndBow,,,,,,,,,,,,,,,,,,,
4096,StnCond_4706,Char3_12,FALSE,Bow,Artefact,BowAndArtefact,,,,,,,,,,,,,,,,,,,
6144,StnCond_4707,Char3_12,FALSE,,Artefact,BowAndArtefact,,,,,,,,,,,,,,,,,,,
8192,StnCond_4708,Char3_12,FALSE,Bow,Shield,BowAndShield,,,,,,,,,,,,,,,,,,,
10240,StnCond_4709,Char3_12,FALSE,,Shield,BowAndShield,,,,,,,,,,,,,,,,,,,
2048,StnCond_4801,Char3_13,FALSE,,Bow,BowAndShield,,,,,,,,,,,,,,,,,,,
4096,StnCond_4802,Char3_13,FALSE,,,NoBow,,,,,,,,,,,,,,,,,,,
6144,StnCond_4803,Char3_13,FALSE,THBow,,TwoHandBow,,,,,,,,,,,,,,,,,,,
8192,StnCond_4804,Char3_13,FALSE,Bow,,BowAndShield,,,,,,,,,,,,,,,,,,,
10240,StnCond_4805,Char3_13,FALSE,Bow,Bow,BowAndBow,,,,,,,,,,,,,,,,,,,
12288,StnCond_4806,Char3_13,FALSE,Bow,Artefact,BowAndArtefact,,,,,,,,,,,,,,,,,,,
14336,StnCond_4807,Char3_13,FALSE,,Artefact,BowAndArtefact,,,,,,,,,,,,,,,,,,,
16384,StnCond_4808,Char3_13,FALSE,Bow,Shield,BowAndShield,,,,,,,,,,,,,,,,,,,
18432,StnCond_4809,Char3_13,FALSE,,Shield,BowAndShield,,,,,,,,,,,,,,,,,,,
10240,StnCond_4901,Char2_12,FALSE,,,TwoHandStaff,,,,,,,,,,,,,,,,,,,
12288,StnCond_4902,Char2_12,FALSE,Staff,,TwoHandStaff,,,,,,,,,,,,,,,,,,,
14336,StnCond_4903,Char2_12,FALSE,Staff,Artefact,TwoHandStaff,,,,,,,,,,,,,,,,,,,
16384,StnCond_4904,Char2_12,FALSE,Staff,Shield,TwoHandStaff,,,,,,,,,,,,,,,,,,,
18432,StnCond_4905,Char2_12,FALSE,Mace,,TwoHandStaff,,,,,,,,,,,,,,,,,,,
20480,StnCond_4906,Char2_12,FALSE,Mace,Artefact,TwoHandStaff,,,,,,,,,,,,,,,,,,,
22528,StnCond_4907,Char2_12,FALSE,Mace,Shield,TwoHandStaff,,,,,,,,,,,,,,,,,,,
24576,StnCond_4908,Char2_12,FALSE,Sword,,TwoHandStaff,,,,,,,,,,,,,,,,,,,
26624,StnCond_4909,Char2_12,FALSE,Sword,Artefact,TwoHandStaff,,,,,,,,,,,,,,,,,,,
28672,StnCond_4910,Char2_12,FALSE,Sword,Shield,TwoHandStaff,,,,,,,,,,,,,,,,,,,
30720,StnCond_4911,Char2_12,FALSE,,Shield,TwoHandStaff,,,,,,,,,,,,,,,,,,,
32768,StnCond_4912,Char2_12,FALSE,,Artefact,TwoHandStaff,,,,,,,,,,,,,,,,,,,
34816,StnCond_4913,Char2_12,FALSE,Spear,,TwoHandStaff,,,,,,,,,,,,,,,,,,,
36864,StnCond_4914,Char2_12,FALSE,Spear,Shield,TwoHandStaff,,,,,,,,,,,,,,,,,,,
38912,StnCond_4915,Char2_12,FALSE,Spear,Artefact,TwoHandStaff,,,,,,,,,,,,,,,,,,,
40960,StnCond_4916,Char2_12,FALSE,Wand,,TwoHandStaff,,,,,,,,,,,,,,,,,,,
43008,StnCond_4917,Char2_12,FALSE,Wand,Shield,TwoHandStaff,,,,,,,,,,,,,,,,,,,
45056,StnCond_4918,Char2_12,FALSE,Wand,Artefact,TwoHandStaff,,,,,,,,,,,,,,,,,,,
47104,StnCond_4919,Char2_12,FALSE,THStaff,,TwoHandStick,,,,,,,,,,,,,,,,,,,
18432,StnCond_5001,Char2_13,FALSE,,,TwoHandStaff,,,,,,,,,,,,,,,,,,,
20480,StnCond_5002,Char2_13,FALSE,Staff,,TwoHandStaff,,,,,,,,,,,,,,,,,,,
22528,StnCond_5003,Char2_13,FALSE,Staff,Artefact,TwoHandStaff,,,,,,,,,,,,,,,,,,,
24576,StnCond_5004,Char2_13,FALSE,Staff,Shield,TwoHandStaff,,,,,,,,,,,,,,,,,,,
26624,StnCond_5005,Char2_13,FALSE,Mace,,TwoHandStaff,,,,,,,,,,,,,,,,,,,
28672,StnCond_5006,Char2_13,FALSE,Mace,Artefact,TwoHandStaff,,,,,,,,,,,,,,,,,,,
30720,StnCond_5007,Char2_13,FALSE,Mace,Shield,TwoHandStaff,,,,,,,,,,,,,,,,,,,
32768,StnCond_5008,Char2_13,FALSE,Sword,,TwoHandStaff,,,,,,,,,,,,,,,,,,,
34816,StnCond_5009,Char2_13,FALSE,Sword,Artefact,TwoHandStaff,,,,,,,,,,,,,,,,,,,
36864,StnCond_5010,Char2_13,FALSE,Sword,Shield,TwoHandStaff,,,,,,,,,,,,,,,,,,,
38912,StnCond_5011,Char2_13,FALSE,,Shield,TwoHandStaff,,,,,,,,,,,,,,,,,,,
40960,StnCond_5012,Char2_13,FALSE,,Artefact,TwoHandStaff,,,,,,,,,,,,,,,,,,,
43008,StnCond_5013,Char2_13,FALSE,Spear,,TwoHandStaff,,,,,,,,,,,,,,,,,,,
45056,StnCond_5014,Char2_13,FALSE,Spear,Shield,TwoHandStaff,,,,,,,,,,,,,,,,,,,
47104,StnCond_5015,Char2_13,FALSE,Spear,Artefact,TwoHandStaff,,,,,,,,,,,,,,,,,,,
49152,StnCond_5016,Char2_13,FALSE,Wand,,TwoHandStaff,,,,,,,,,,,,,,,,,,,
51200,StnCond_5017,Char2_13,FALSE,Wand,Shield,TwoHandStaff,,,,,,,,,,,,,,,,,,,
53248,StnCond_5018,Char2_13,FALSE,Wand,Artefact,TwoHandStaff,,,,,,,,,,,,,,,,,,,
55296,StnCond_5019,Char2_13,FALSE,THStaff,,TwoHandStick,,,,,,,,,,,,,,,,,,,
26624,StnCond_5101,Char4_12,FALSE,,,OneHandMaceOnly,,,,,,,,,,,,,,,,,,,
28672,StnCond_5102,Char4_12,FALSE,Mace,,OneHandMaceOnly,,,,,,,,,,,,,,,,,,,
30720,StnCond_5103,Char4_12,FALSE,Mace,Shield,OneHandMaceShield,,,,,,,,,,,,,,,,,,,
32768,StnCond_5104,Char4_12,FALSE,,Shield,OneHandMaceShield,,,,,,,,,,,,,,,,,,,
34816,StnCond_5105,Char4_12,FALSE,Sword,,OneHandMaceOnly,,,,,,,,,,,,,,,,,,,
36864,StnCond_5106,Char4_12,FALSE,Sword,Artefact,OneHandMaceShield,,,,,,,,,,,,,,,,,,,
38912,StnCond_5107,Char4_12,FALSE,Sword,Shield,OneHandMaceShield,,,,,,,,,,,,,,,,,,,
40960,StnCond_5108,Char4_12,FALSE,Staff,,OneHandMaceOnly,,,,,,,,,,,,,,,,,,,
43008,StnCond_5109,Char4_12,FALSE,Staff,Shield,OneHandMaceShield,,,,,,,,,,,,,,,,,,,
45056,StnCond_5110,Char4_12,FALSE,Staff,Artefact,OneHandMaceShield,,,,,,,,,,,,,,,,,,,
47104,StnCond_5111,Char4_12,FALSE,Spear,,OneHandMaceOnly,,,,,,,,,,,,,,,,,,,
49152,StnCond_5112,Char4_12,FALSE,Spear,Shield,OneHandMaceShield,,,,,,,,,,,,,,,,,,,
51200,StnCond_5113,Char4_12,FALSE,Spear,Artefact,OneHandMaceShield,,,,,,,,,,,,,,,,,,,
53248,StnCond_5114,Char4_12,FALSE,Wand,,OneHandMaceOnly,,,,,,,,,,,,,,,,,,,
55296,StnCond_5115,Char4_12,FALSE,Wand,Shield,OneHandMaceShield,,,,,,,,,,,,,,,,,,,
57344,StnCond_5116,Char4_12,FALSE,Wand,Artefact,OneHandMaceShield,,,,,,,,,,,,,,,,,,,
59392,StnCond_5117,Char4_12,FALSE,Mace,Artefact,OneHandMaceShield,,,,,,,,,,,,,,,,,,,
34816,StnCond_5201,Char4_13,FALSE,,,OneHandMaceOnly,,,,,,,,,,,,,,,,,,,
36864,StnCond_5202,Char4_13,FALSE,Mace,,OneHandMaceOnly,,,,,,,,,,,,,,,,,,,
38912,StnCond_5203,Char4_13,FALSE,Mace,Shield,OneHandMaceShield,,,,,,,,,,,,,,,,,,,
40960,StnCond_5204,Char4_13,FALSE,,Shield,OneHandMaceShield,,,,,,,,,,,,,,,,,,,
43008,StnCond_5205,Char4_13,FALSE,Sword,,OneHandMaceOnly,,,,,,,,,,,,,,,,,,,
45056,StnCond_5206,Char4_13,FALSE,Sword,Artefact,OneHandMaceShield,,,,,,,,,,,,,,,,,,,
47104,StnCond_5207,Char4_13,FALSE,Sword,Shield,OneHandMaceShield,,,,,,,,,,,,,,,,,,,
49152,StnCond_5208,Char4_13,FALSE,Staff,,OneHandMaceOnly,,,,,,,,,,,,,,,,,,,
51200,StnCond_5209,Char4_13,FALSE,Staff,Shield,OneHandMaceShield,,,,,,,,,,,,,,,,,,,
53248,StnCond_5210,Char4_13,FALSE,Staff,Artefact,OneHandMaceShield,,,,,,,,,,,,,,,,,,,
55296,StnCond_5211,Char4_13,FALSE,Spear,,OneHandMaceOnly,,,,,,,,,,,,,,,,,,,
57344,StnCond_5212,Char4_13,FALSE,Spear,Shield,OneHandMaceShield,,,,,,,,,,,,,,,,,,,
59392,StnCond_5213,Char4_13,FALSE,Spear,Artefact,OneHandMaceShield,,,,,,,,,,,,,,,,,,,
61440,StnCond_5214,Char4_13,FALSE,Wand,,OneHandMaceOnly,,,,,,,,,,,,,,,,,,,
63488,StnCond_5215,Char4_13,FALSE,Wand,Shield,OneHandMaceShield,,,,,,,,,,,,,,,,,,,
0,StnCond_5216,Char4_13,FALSE,Wand,Artefact,OneHandMaceShield,,,,,,,,,,,,,,,,,,,
2048,StnCond_5217,Char4_13,FALSE,Mace,Artefact,OneHandMaceShield,,,,,,,,,,,,,,,,,,,
