ClassID,WikiPoint,TeachPoint,AutoGet,ClassName,TargetClassName,TargetMapName,Illust,Name,Category,TagHead,TagEnd,Scp,Desc
16384,0,0,0,R_timber_01,R_timber_01,,icon_item_Scroll,제작서-떡갈나무 목재,Recipe,{#5090ff}{ol},{/}{/}{/},WIKIPAGE_ITEM,조각상 재료로 쓰이는 목재를 만들 수 있는 제작서
32768,0,0,0,R_timber_02,R_timber_02,,icon_item_Scroll,제작서-물푸레나무 목재,Recipe,{#5090ff}{ol},{/}{/}{/},WIKIPAGE_ITEM,조각상 재료로 쓰이는 목재를 만들 수 있는 제작서
49152,0,0,0,R_timber_03,R_timber_03,,icon_item_Scroll,제작서-소나무 목재,Recipe,{#5090ff}{ol},{/}{/}{/},WIKIPAGE_ITEM,조각상 재료로 쓰이는 목재를 만들 수 있는 제작서
0,0,0,0,R_timber_04,R_timber_04,,icon_item_Scroll,제작서-삼나무 목재,Recipe,{#5090ff}{ol},{/}{/}{/},WIKIPAGE_ITEM,조각상 재료로 쓰이는 목재를 만들 수 있는 제작서
32768,0,0,0,R_drakeResc,R_drakeResc,,icon_item_Scroll,제작서-드레이크 견장,Recipe,{#5090ff}{ol},{/}{/}{/},WIKIPAGE_ITEM,재료를 만들 수 있는 제작서
8192,0,0,0,R_rsc_2_1,R_rsc_2_1,,icon_item_Scroll,제작서-하얀 점액,Recipe,{#5090ff}{ol},{/}{/}{/},WIKIPAGE_ITEM,재료를 만들 수 있는 제작서
16384,0,0,0,R_rsc_2_2,R_rsc_2_2,,icon_item_Scroll,제작서-플로르,Recipe,{#5090ff}{ol},{/}{/}{/},WIKIPAGE_ITEM,재료를 만들 수 있는 제작서
24576,0,0,0,R_rsc_2_3,R_rsc_2_3,,icon_item_Scroll,제작서-거친 뼛가루,Recipe,{#5090ff}{ol},{/}{/}{/},WIKIPAGE_ITEM,재료를 만들 수 있는 제작서
32768,0,0,0,R_rsc_2_4,R_rsc_2_4,,icon_item_Scroll,제작서-힘줄,Recipe,{#5090ff}{ol},{/}{/}{/},WIKIPAGE_ITEM,재료를 만들 수 있는 제작서
40960,0,0,0,R_hrsc_2_1,R_hrsc_2_1,,icon_item_Scroll,제작서-마력 저장기,Recipe,{#5090ff}{ol},{/}{/}{/},WIKIPAGE_ITEM,재료를 만들 수 있는 제작서
49152,0,0,0,R_misc_jore12,R_misc_jore12,,icon_item_Scroll,제작서-파이로스톤,Recipe,{#5090ff}{ol},{/}{/}{/},WIKIPAGE_ITEM,재료를 만들 수 있는 제작서
57344,0,0,0,R_misc_jore13,R_misc_jore13,,icon_item_Scroll,제작서-크리오스톤,Recipe,{#5090ff}{ol},{/}{/}{/},WIKIPAGE_ITEM,재료를 만들 수 있는 제작서
0,0,0,0,R_rsc_3_1,R_rsc_3_1,,icon_item_Scroll,제작서-경화제,Recipe,{#5090ff}{ol},{/}{/}{/},WIKIPAGE_ITEM,재료를 만들 수 있는 제작서
8192,0,0,0,R_rsc_3_2,R_rsc_3_2,,icon_item_Scroll,제작서-질긴 힘줄,Recipe,{#5090ff}{ol},{/}{/}{/},WIKIPAGE_ITEM,재료를 만들 수 있는 제작서
16384,0,0,0,R_rsc_4_1,R_rsc_4_1,,icon_item_Scroll,제작서-레지네이트,Recipe,{#5090ff}{ol},{/}{/}{/},WIKIPAGE_ITEM,재료를 만들 수 있는 제작서
41984,0,0,0,R_Bocors_doll,R_Bocors_doll,,icon_item_Scroll,제작서-보코르 인형,Recipe,{#5090ff}{ol},{/}{/}{/},WIKIPAGE_ITEM,보코르 인형을 만들 수 있는 제작서
44032,0,0,0,R_TEST2,R_TEST2,,icon_item_weapon_misc1,제작서-글라디우스,Recipe,{#5090ff}{ol},{/}{/}{/},WIKIPAGE_ITEM,장비를 제작할 수 있는 제작서
17408,0,0,0,R_SWD01_104,R_SWD01_104,,icon_item_weapon_misc1,제작서-카스카라,Recipe,{#5090ff}{ol},{/}{/}{/},WIKIPAGE_ITEM,장비를 제작할 수 있는 제작서
18432,0,0,0,R_SWD01_105,R_SWD01_105,,icon_item_weapon_misc1,제작서-친퀘데아,Recipe,{#5090ff}{ol},{/}{/}{/},WIKIPAGE_ITEM,장비를 제작할 수 있는 제작서
19456,0,0,0,R_SWD01_106,R_SWD01_106,,icon_item_weapon_misc1,제작서-사브르,Recipe,{#5090ff}{ol},{/}{/}{/},WIKIPAGE_ITEM,장비를 제작할 수 있는 제작서
20480,0,0,0,R_SWD01_107,R_SWD01_107,,icon_item_weapon_misc1,제작서-샴시르,Recipe,{#5090ff}{ol},{/}{/}{/},WIKIPAGE_ITEM,장비를 제작할 수 있는 제작서
21504,0,0,0,R_SWD01_108,R_SWD01_108,,icon_item_weapon_misc1,제작서-시미터,Recipe,{#5090ff}{ol},{/}{/}{/},WIKIPAGE_ITEM,장비를 제작할 수 있는 제작서
22528,0,0,0,R_SWD01_109,R_SWD01_109,,icon_item_weapon_misc1,제작서-크리스,Recipe,{#5090ff}{ol},{/}{/}{/},WIKIPAGE_ITEM,장비를 제작할 수 있는 제작서
23552,0,0,0,R_SWD01_110,R_SWD01_110,,icon_item_weapon_misc1,제작서-스니커스니,Recipe,{#5090ff}{ol},{/}{/}{/},WIKIPAGE_ITEM,장비를 제작할 수 있는 제작서
24576,0,0,0,R_SWD01_116,R_SWD01_116,,icon_item_weapon_misc1,제작서-모플라,Recipe,{#5090ff}{ol},{/}{/}{/},WIKIPAGE_ITEM,장비를 제작할 수 있는 제작서
25600,0,0,0,R_SWD02_114,R_SWD02_114,,icon_item_weapon_misc3,제작서-스파타,Recipe,{#5090ff}{ol},{/}{/}{/},WIKIPAGE_ITEM,장비를 제작할 수 있는 제작서
26624,0,0,0,R_SWD02_101,R_SWD02_101,,icon_item_weapon_misc3,제작서-판토 소드,Recipe,{#5090ff}{ol},{/}{/}{/},WIKIPAGE_ITEM,장비를 제작할 수 있는 제작서
27648,0,0,0,R_SWD02_105,R_SWD02_105,,icon_item_weapon_misc3,제작서-스틸 폴쳔,Recipe,{#5090ff}{ol},{/}{/}{/},WIKIPAGE_ITEM,장비를 제작할 수 있는 제작서
28672,0,0,0,R_SWD02_106,R_SWD02_106,,icon_item_weapon_misc3,제작서-실버 폴쳔,Recipe,{#5090ff}{ol},{/}{/}{/},WIKIPAGE_ITEM,장비를 제작할 수 있는 제작서
29696,0,0,0,R_SWD02_104,R_SWD02_104,,icon_item_weapon_misc3,제작서-골든 폴쳔,Recipe,{#5090ff}{ol},{/}{/}{/},WIKIPAGE_ITEM,장비를 제작할 수 있는 제작서
30720,0,0,0,R_SWD02_107,R_SWD02_107,,icon_item_weapon_misc3,제작서-만드라픽,Recipe,{#5090ff}{ol},{/}{/}{/},WIKIPAGE_ITEM,장비를 제작할 수 있는 제작서
31744,0,0,0,R_SWD02_102,R_SWD02_102,,icon_item_weapon_misc3,제작서-플로나스 사브르,Recipe,{#5090ff}{ol},{/}{/}{/},WIKIPAGE_ITEM,장비를 제작할 수 있는 제작서
32768,0,0,0,R_SWD02_108,R_SWD02_108,,icon_item_weapon_misc3,제작서-위저드 블레이드,Recipe,{#5090ff}{ol},{/}{/}{/},WIKIPAGE_ITEM,장비를 제작할 수 있는 제작서
35840,0,0,0,R_SWD02_111,R_SWD02_111,,icon_item_weapon_misc3,제작서-미스카스 사브르,Recipe,{#5090ff}{ol},{/}{/}{/},WIKIPAGE_ITEM,장비를 제작할 수 있는 제작서
38912,0,0,0,R_SWD03_101,R_SWD03_101,,icon_item_weapon_misc4,제작서-트리니티 소드,Recipe,{#5090ff}{ol},{/}{/}{/},WIKIPAGE_ITEM,장비를 제작할 수 있는 제작서
40960,0,0,0,R_SWD03_103,R_SWD03_103,,icon_item_weapon_misc4,제작서-벨니웁,Recipe,{#5090ff}{ol},{/}{/}{/},WIKIPAGE_ITEM,장비를 제작할 수 있는 제작서
41984,0,0,0,R_SWD03_104,R_SWD03_104,,icon_item_weapon_misc4,제작서-포르티스,Recipe,{#5090ff}{ol},{/}{/}{/},WIKIPAGE_ITEM,장비를 제작할 수 있는 제작서
44032,0,0,0,R_SWD04_101,R_SWD04_101,,icon_item_weapon_misc5,제작서-벤드라스 소드,Recipe,{#5090ff}{ol},{/}{/}{/},WIKIPAGE_ITEM,장비를 제작할 수 있는 제작서
45056,0,0,0,R_SWD04_102,R_SWD04_102,,icon_item_weapon_misc5,제작서-일리지아,Recipe,{#5090ff}{ol},{/}{/}{/},WIKIPAGE_ITEM,장비를 제작할 수 있는 제작서
46080,0,0,0,R_SWD02_115,R_SWD02_115,,icon_item_weapon_misc3,제작서-하이 폴쳔,Recipe,{#5090ff}{ol},{/}{/}{/},WIKIPAGE_ITEM,장비를 제작할 수 있는 제작서
58368,0,0,0,R_SWD02_116,R_SWD02_116,,icon_item_weapon_misc3,제작서-스미스 소드,Recipe,{#5090ff}{ol},{/}{/}{/},WIKIPAGE_ITEM,장비를 제작할 수 있는 제작서
59392,0,0,0,R_SWD02_117,R_SWD02_117,,icon_item_weapon_misc3,제작서-클라비스 소드,Recipe,{#5090ff}{ol},{/}{/}{/},WIKIPAGE_ITEM,장비를 제작할 수 있는 제작서
58368,0,0,0,R_TSW01_102,R_TSW01_102,,icon_item_weapon_misc1,제작서-로우 바스타드 소드,Recipe,{#5090ff}{ol},{/}{/}{/},WIKIPAGE_ITEM,장비를 제작할 수 있는 제작서
59392,0,0,0,R_TSW01_103,R_TSW01_103,,icon_item_weapon_misc1,제작서-플랑베르쥬,Recipe,{#5090ff}{ol},{/}{/}{/},WIKIPAGE_ITEM,장비를 제작할 수 있는 제작서
60416,0,0,0,R_TSW01_104,R_TSW01_104,,icon_item_weapon_misc1,제작서-노다치,Recipe,{#5090ff}{ol},{/}{/}{/},WIKIPAGE_ITEM,장비를 제작할 수 있는 제작서
61440,0,0,0,R_TSW01_105,R_TSW01_105,,icon_item_weapon_misc1,제작서-클레이모어,Recipe,{#5090ff}{ol},{/}{/}{/},WIKIPAGE_ITEM,장비를 제작할 수 있는 제작서
62464,0,0,0,R_TSW01_106,R_TSW01_106,,icon_item_weapon_misc1,제작서-콜로서스,Recipe,{#5090ff}{ol},{/}{/}{/},WIKIPAGE_ITEM,장비를 제작할 수 있는 제작서
63488,0,0,0,R_TSW01_107,R_TSW01_107,,icon_item_weapon_misc1,제작서-칼리번,Recipe,{#5090ff}{ol},{/}{/}{/},WIKIPAGE_ITEM,장비를 제작할 수 있는 제작서
64512,0,0,0,R_TSW01_108,R_TSW01_108,,icon_item_weapon_misc1,제작서-콰다라,Recipe,{#5090ff}{ol},{/}{/}{/},WIKIPAGE_ITEM,장비를 제작할 수 있는 제작서
0,0,0,0,R_TSW01_111,R_TSW01_111,,icon_item_weapon_misc1,제작서-일룬,Recipe,{#5090ff}{ol},{/}{/}{/},WIKIPAGE_ITEM,장비를 제작할 수 있는 제작서
1024,0,0,0,R_TSW02_102,R_TSW02_102,,icon_item_weapon_misc3,제작서-템서스 플랑베르쥬,Recipe,{#5090ff}{ol},{/}{/}{/},WIKIPAGE_ITEM,장비를 제작할 수 있는 제작서
2048,0,0,0,R_TSW02_101,R_TSW02_101,,icon_item_weapon_misc3,제작서-포텐티아,Recipe,{#5090ff}{ol},{/}{/}{/},WIKIPAGE_ITEM,장비를 제작할 수 있는 제작서
3072,0,0,0,R_TSW02_103,R_TSW02_103,,icon_item_weapon_misc3,제작서-디델 콜로서스,Recipe,{#5090ff}{ol},{/}{/}{/},WIKIPAGE_ITEM,장비를 제작할 수 있는 제작서
5120,0,0,0,R_TSW02_105,R_TSW02_105,,icon_item_weapon_misc3,제작서-호그마 그레이트 소드,Recipe,{#5090ff}{ol},{/}{/}{/},WIKIPAGE_ITEM,장비를 제작할 수 있는 제작서
7168,0,0,0,R_TSW02_107,R_TSW02_107,,icon_item_weapon_misc3,제작서-프리마루체,Recipe,{#5090ff}{ol},{/}{/}{/},WIKIPAGE_ITEM,장비를 제작할 수 있는 제작서
10240,0,0,0,R_TSW02_110,R_TSW02_110,,icon_item_weapon_misc3,제작서-프리에블란다,Recipe,{#5090ff}{ol},{/}{/}{/},WIKIPAGE_ITEM,장비를 제작할 수 있는 제작서
11264,0,0,0,R_TSW02_111,R_TSW02_111,,icon_item_weapon_misc3,제작서-라피스 카츠발게르,Recipe,{#5090ff}{ol},{/}{/}{/},WIKIPAGE_ITEM,장비를 제작할 수 있는 제작서
12288,0,0,0,R_TSW03_101,R_TSW03_101,,icon_item_weapon_misc4,제작서-플라미니,Recipe,{#5090ff}{ol},{/}{/}{/},WIKIPAGE_ITEM,장비를 제작할 수 있는 제작서
13312,0,0,0,R_TSW03_102,R_TSW03_102,,icon_item_weapon_misc4,제작서-위저드 슬레이어,Recipe,{#5090ff}{ol},{/}{/}{/},WIKIPAGE_ITEM,장비를 제작할 수 있는 제작서
15360,0,0,0,R_TSW03_104,R_TSW03_104,,icon_item_weapon_misc4,제작서-루시두스,Recipe,{#5090ff}{ol},{/}{/}{/},WIKIPAGE_ITEM,장비를 제작할 수 있는 제작서
16384,0,0,0,R_TSW03_105,R_TSW03_105,,icon_item_weapon_misc4,제작서-헬 엔드 헤븐,Recipe,{#5090ff}{ol},{/}{/}{/},WIKIPAGE_ITEM,장비를 제작할 수 있는 제작서
17408,0,0,0,R_TSW04_101,R_TSW04_101,,icon_item_weapon_misc5,제작서-눌리스,Recipe,{#5090ff}{ol},{/}{/}{/},WIKIPAGE_ITEM,장비를 제작할 수 있는 제작서
25600,0,0,0,R_TSW02_112,R_TSW02_112,,icon_item_weapon_misc3,제작서-스미스 투 핸드 소드,Recipe,{#5090ff}{ol},{/}{/}{/},WIKIPAGE_ITEM,장비를 제작할 수 있는 제작서
26624,0,0,0,R_TSW02_113,R_TSW02_113,,icon_item_weapon_misc3,제작서-클라비스 투 핸드 소드,Recipe,{#5090ff}{ol},{/}{/}{/},WIKIPAGE_ITEM,장비를 제작할 수 있는 제작서
34816,0,0,0,R_STF01_104,R_STF01_104,,icon_item_weapon_misc1,제작서-케인 로버,Recipe,{#5090ff}{ol},{/}{/}{/},WIKIPAGE_ITEM,장비를 제작할 수 있는 제작서
35840,0,0,0,R_STF01_105,R_STF01_105,,icon_item_weapon_misc1,제작서-케인,Recipe,{#5090ff}{ol},{/}{/}{/},WIKIPAGE_ITEM,장비를 제작할 수 있는 제작서
36864,0,0,0,R_STF01_106,R_STF01_106,,icon_item_weapon_misc1,제작서-크룩,Recipe,{#5090ff}{ol},{/}{/}{/},WIKIPAGE_ITEM,장비를 제작할 수 있는 제작서
37888,0,0,0,R_STF01_107,R_STF01_107,,icon_item_weapon_misc1,제작서-퓨터 로드,Recipe,{#5090ff}{ol},{/}{/}{/},WIKIPAGE_ITEM,장비를 제작할 수 있는 제작서
38912,0,0,0,R_STF01_108,R_STF01_108,,icon_item_weapon_misc1,제작서-아울 로드,Recipe,{#5090ff}{ol},{/}{/}{/},WIKIPAGE_ITEM,장비를 제작할 수 있는 제작서
39936,0,0,0,R_STF01_109,R_STF01_109,,icon_item_weapon_misc1,제작서-룬 로드,Recipe,{#5090ff}{ol},{/}{/}{/},WIKIPAGE_ITEM,장비를 제작할 수 있는 제작서
40960,0,0,0,R_STF01_110,R_STF01_110,,icon_item_weapon_misc1,제작서-크리스탈 로드,Recipe,{#5090ff}{ol},{/}{/}{/},WIKIPAGE_ITEM,장비를 제작할 수 있는 제작서
41984,0,0,0,R_STF01_116,R_STF01_116,,icon_item_weapon_misc1,제작서-배틀 로드,Recipe,{#5090ff}{ol},{/}{/}{/},WIKIPAGE_ITEM,장비를 제작할 수 있는 제작서
44032,0,0,0,R_STF02_102,R_STF02_102,,icon_item_weapon_misc3,제작서-아이스 로드,Recipe,{#5090ff}{ol},{/}{/}{/},WIKIPAGE_ITEM,장비를 제작할 수 있는 제작서
45056,0,0,0,R_STF02_103,R_STF02_103,,icon_item_weapon_misc3,제작서-파이어 로드,Recipe,{#5090ff}{ol},{/}{/}{/},WIKIPAGE_ITEM,장비를 제작할 수 있는 제작서
46080,0,0,0,R_STF02_104,R_STF02_104,,icon_item_weapon_misc3,제작서-바시아 로드,Recipe,{#5090ff}{ol},{/}{/}{/},WIKIPAGE_ITEM,장비를 제작할 수 있는 제작서
47104,0,0,0,R_STF02_105,R_STF02_105,,icon_item_weapon_misc3,제작서-매직 로드,Recipe,{#5090ff}{ol},{/}{/}{/},WIKIPAGE_ITEM,장비를 제작할 수 있는 제작서
50176,0,0,0,R_STF02_108,R_STF02_108,,icon_item_weapon_misc3,제작서-아크 로드,Recipe,{#5090ff}{ol},{/}{/}{/},WIKIPAGE_ITEM,장비를 제작할 수 있는 제작서
53248,0,0,0,R_STF03_102,R_STF03_102,,icon_item_weapon_misc4,제작서-이그니션,Recipe,{#5090ff}{ol},{/}{/}{/},WIKIPAGE_ITEM,장비를 제작할 수 있는 제작서
54272,0,0,0,R_STF03_103,R_STF03_103,,icon_item_weapon_misc4,제작서-세크레툼,Recipe,{#5090ff}{ol},{/}{/}{/},WIKIPAGE_ITEM,장비를 제작할 수 있는 제작서
55296,0,0,0,R_STF04_101,R_STF04_101,,icon_item_weapon_misc5,제작서-자이마,Recipe,{#5090ff}{ol},{/}{/}{/},WIKIPAGE_ITEM,장비를 제작할 수 있는 제작서
57344,0,0,0,R_STF02_110,R_STF02_110,,icon_item_weapon_misc3,제작서-하이 롱 로드,Recipe,{#5090ff}{ol},{/}{/}{/},WIKIPAGE_ITEM,장비를 제작할 수 있는 제작서
4096,0,0,0,R_STF02_111,R_STF02_111,,icon_item_weapon_misc3,제작서-스미스 로드,Recipe,{#5090ff}{ol},{/}{/}{/},WIKIPAGE_ITEM,장비를 제작할 수 있는 제작서
5120,0,0,0,R_STF02_112,R_STF02_112,,icon_item_weapon_misc3,제작서-클라비스 로드,Recipe,{#5090ff}{ol},{/}{/}{/},WIKIPAGE_ITEM,장비를 제작할 수 있는 제작서
10240,0,0,0,R_TSF01_102,R_TSF01_102,,icon_item_weapon_misc1,제작서-오크 스태프,Recipe,{#5090ff}{ol},{/}{/}{/},WIKIPAGE_ITEM,장비를 제작할 수 있는 제작서
11264,0,0,0,R_TSF01_103,R_TSF01_103,,icon_item_weapon_misc1,제작서-스태프,Recipe,{#5090ff}{ol},{/}{/}{/},WIKIPAGE_ITEM,장비를 제작할 수 있는 제작서
12288,0,0,0,R_TSF01_104,R_TSF01_104,,icon_item_weapon_misc1,제작서-쥬 스태프,Recipe,{#5090ff}{ol},{/}{/}{/},WIKIPAGE_ITEM,장비를 제작할 수 있는 제작서
13312,0,0,0,R_TSF01_105,R_TSF01_105,,icon_item_weapon_misc1,제작서-우보코 스태프,Recipe,{#5090ff}{ol},{/}{/}{/},WIKIPAGE_ITEM,장비를 제작할 수 있는 제작서
14336,0,0,0,R_TSF01_106,R_TSF01_106,,icon_item_weapon_misc1,제작서-스태그 스태프,Recipe,{#5090ff}{ol},{/}{/}{/},WIKIPAGE_ITEM,장비를 제작할 수 있는 제작서
15360,0,0,0,R_TSF01_107,R_TSF01_107,,icon_item_weapon_misc1,제작서-지오매트리 스태프,Recipe,{#5090ff}{ol},{/}{/}{/},WIKIPAGE_ITEM,장비를 제작할 수 있는 제작서
16384,0,0,0,R_TSF01_108,R_TSF01_108,,icon_item_weapon_misc1,제작서-데몬 스태프,Recipe,{#5090ff}{ol},{/}{/}{/},WIKIPAGE_ITEM,장비를 제작할 수 있는 제작서
17408,0,0,0,R_TSF01_109,R_TSF01_109,,icon_item_weapon_misc3,제작서-스톰 스태프,Recipe,{#5090ff}{ol},{/}{/}{/},WIKIPAGE_ITEM,장비를 제작할 수 있는 제작서
18432,0,0,0,R_TSF02_110,R_TSF02_110,,icon_item_weapon_misc3,제작서-매직 우든 스태프,Recipe,{#5090ff}{ol},{/}{/}{/},WIKIPAGE_ITEM,장비를 제작할 수 있는 제작서
19456,0,0,0,R_TSF02_101,R_TSF02_101,,icon_item_weapon_misc3,제작서-멜리나스 스태프,Recipe,{#5090ff}{ol},{/}{/}{/},WIKIPAGE_ITEM,장비를 제작할 수 있는 제작서
20480,0,0,0,R_TSF02_102,R_TSF02_102,,icon_item_weapon_misc3,제작서-마기 스태프,Recipe,{#5090ff}{ol},{/}{/}{/},WIKIPAGE_ITEM,장비를 제작할 수 있는 제작서
21504,0,0,0,R_TSF02_103,R_TSF02_103,,icon_item_weapon_misc3,제작서-루다스 스태프,Recipe,{#5090ff}{ol},{/}{/}{/},WIKIPAGE_ITEM,장비를 제작할 수 있는 제작서
22528,0,0,0,R_TSF02_104,R_TSF02_104,,icon_item_weapon_misc3,제작서-살타스 스태프,Recipe,{#5090ff}{ol},{/}{/}{/},WIKIPAGE_ITEM,장비를 제작할 수 있는 제작서
24576,0,0,0,R_TSF02_106,R_TSF02_106,,icon_item_weapon_misc3,제작서-카르스토 스태프,Recipe,{#5090ff}{ol},{/}{/}{/},WIKIPAGE_ITEM,장비를 제작할 수 있는 제작서
25600,0,0,0,R_TSF02_107,R_TSF02_107,,icon_item_weapon_misc3,제작서-엑스펙타 스태프,Recipe,{#5090ff}{ol},{/}{/}{/},WIKIPAGE_ITEM,장비를 제작할 수 있는 제작서
27648,0,0,0,R_TSF02_109,R_TSF02_109,,icon_item_weapon_misc4,제작서-웰시 스태프,Recipe,{#5090ff}{ol},{/}{/}{/},WIKIPAGE_ITEM,장비를 제작할 수 있는 제작서
28672,0,0,0,R_TSF03_101,R_TSF03_101,,icon_item_weapon_misc4,제작서-캔들 스태프,Recipe,{#5090ff}{ol},{/}{/}{/},WIKIPAGE_ITEM,장비를 제작할 수 있는 제작서
29696,0,0,0,R_TSF03_102,R_TSF03_102,,icon_item_weapon_misc4,제작서-아우드라,Recipe,{#5090ff}{ol},{/}{/}{/},WIKIPAGE_ITEM,장비를 제작할 수 있는 제작서
30720,0,0,0,R_TSF03_103,R_TSF03_103,,icon_item_weapon_misc4,제작서-선플라워,Recipe,{#5090ff}{ol},{/}{/}{/},WIKIPAGE_ITEM,장비를 제작할 수 있는 제작서
32768,0,0,0,R_TSF03_105,R_TSF03_105,,icon_item_weapon_misc5,제작서-말레둠,Recipe,{#5090ff}{ol},{/}{/}{/},WIKIPAGE_ITEM,장비를 제작할 수 있는 제작서
33792,0,0,0,R_TSF04_101,R_TSF04_101,,icon_item_weapon_misc5,제작서-아르카 스태프,Recipe,{#5090ff}{ol},{/}{/}{/},WIKIPAGE_ITEM,장비를 제작할 수 있는 제작서
34816,0,0,0,R_TSF04_102,R_TSF04_102,,icon_item_weapon_misc5,제작서-라가노스 혼,Recipe,{#5090ff}{ol},{/}{/}{/},WIKIPAGE_ITEM,장비를 제작할 수 있는 제작서
43008,0,0,0,R_TSF02_111,R_TSF02_111,,icon_item_weapon_misc3,제작서-스미스 스태프,Recipe,{#5090ff}{ol},{/}{/}{/},WIKIPAGE_ITEM,장비를 제작할 수 있는 제작서
44032,0,0,0,R_TSF02_112,R_TSF02_112,,icon_item_weapon_misc3,제작서-클라비스 스태프,Recipe,{#5090ff}{ol},{/}{/}{/},WIKIPAGE_ITEM,장비를 제작할 수 있는 제작서
50176,0,0,0,R_TBW01_104,R_TBW01_104,,icon_item_weapon_misc1,제작서-롱 보우,Recipe,{#5090ff}{ol},{/}{/}{/},WIKIPAGE_ITEM,장비를 제작할 수 있는 제작서
51200,0,0,0,R_TBW01_105,R_TBW01_105,,icon_item_weapon_misc1,제작서-컴포지트 보우,Recipe,{#5090ff}{ol},{/}{/}{/},WIKIPAGE_ITEM,장비를 제작할 수 있는 제작서
52224,0,0,0,R_TBW01_106,R_TBW01_106,,icon_item_weapon_misc1,제작서-셀프 보우,Recipe,{#5090ff}{ol},{/}{/}{/},WIKIPAGE_ITEM,장비를 제작할 수 있는 제작서
53248,0,0,0,R_TBW01_107,R_TBW01_107,,icon_item_weapon_misc1,제작서-로카스 보우,Recipe,{#5090ff}{ol},{/}{/}{/},WIKIPAGE_ITEM,장비를 제작할 수 있는 제작서
54272,0,0,0,R_TBW01_108,R_TBW01_108,,icon_item_weapon_misc1,제작서-고리토스,Recipe,{#5090ff}{ol},{/}{/}{/},WIKIPAGE_ITEM,장비를 제작할 수 있는 제작서
55296,0,0,0,R_TBW01_109,R_TBW01_109,,icon_item_weapon_misc1,제작서-굴라일,Recipe,{#5090ff}{ol},{/}{/}{/},WIKIPAGE_ITEM,장비를 제작할 수 있는 제작서
56320,0,0,0,R_TBW01_110,R_TBW01_110,,icon_item_weapon_misc1,제작서-카만,Recipe,{#5090ff}{ol},{/}{/}{/},WIKIPAGE_ITEM,장비를 제작할 수 있는 제작서
57344,0,0,0,R_TBW01_116,R_TBW01_116,,icon_item_weapon_misc1,제작서-겐다와,Recipe,{#5090ff}{ol},{/}{/}{/},WIKIPAGE_ITEM,장비를 제작할 수 있는 제작서
58368,0,0,0,R_TBW02_111,R_TBW02_111,,icon_item_weapon_misc3,제작서-스트롱 보우,Recipe,{#5090ff}{ol},{/}{/}{/},WIKIPAGE_ITEM,장비를 제작할 수 있는 제작서
60416,0,0,0,R_TBW02_102,R_TBW02_102,,icon_item_weapon_misc3,제작서-아이언 보우,Recipe,{#5090ff}{ol},{/}{/}{/},WIKIPAGE_ITEM,장비를 제작할 수 있는 제작서
61440,0,0,0,R_TBW02_103,R_TBW02_103,,icon_item_weapon_misc3,제작서-호크 보우,Recipe,{#5090ff}{ol},{/}{/}{/},WIKIPAGE_ITEM,장비를 제작할 수 있는 제작서
63488,0,0,0,R_TBW02_105,R_TBW02_105,,icon_item_weapon_misc3,제작서-헌팅 보우,Recipe,{#5090ff}{ol},{/}{/}{/},WIKIPAGE_ITEM,장비를 제작할 수 있는 제작서
0,0,0,0,R_TBW02_107,R_TBW02_107,,icon_item_weapon_misc3,제작서-새비지 보우,Recipe,{#5090ff}{ol},{/}{/}{/},WIKIPAGE_ITEM,장비를 제작할 수 있는 제작서
1024,0,0,0,R_TBW02_108,R_TBW02_108,,icon_item_weapon_misc3,제작서-스네이크 보우,Recipe,{#5090ff}{ol},{/}{/}{/},WIKIPAGE_ITEM,장비를 제작할 수 있는 제작서
3072,0,0,0,R_TBW02_110,R_TBW02_110,,icon_item_weapon_misc3,제작서-레테나 보우,Recipe,{#5090ff}{ol},{/}{/}{/},WIKIPAGE_ITEM,장비를 제작할 수 있는 제작서
4096,0,0,0,R_TBW03_101,R_TBW03_101,,icon_item_weapon_misc4,제작서-와이들링 베인,Recipe,{#5090ff}{ol},{/}{/}{/},WIKIPAGE_ITEM,장비를 제작할 수 있는 제작서
5120,0,0,0,R_TBW03_102,R_TBW03_102,,icon_item_weapon_misc4,제작서-이퀄라이저,Recipe,{#5090ff}{ol},{/}{/}{/},WIKIPAGE_ITEM,장비를 제작할 수 있는 제작서
6144,0,0,0,R_TBW03_103,R_TBW03_103,,icon_item_weapon_misc4,제작서-하트 시커,Recipe,{#5090ff}{ol},{/}{/}{/},WIKIPAGE_ITEM,장비를 제작할 수 있는 제작서
7168,0,0,0,R_TBW03_104,R_TBW03_104,,icon_item_weapon_misc4,제작서-바이퍼,Recipe,{#5090ff}{ol},{/}{/}{/},WIKIPAGE_ITEM,장비를 제작할 수 있는 제작서
8192,0,0,0,R_TBW04_101,R_TBW04_101,,icon_item_weapon_misc5,제작서-블러드 게인,Recipe,{#5090ff}{ol},{/}{/}{/},WIKIPAGE_ITEM,장비를 제작할 수 있는 제작서
9216,0,0,0,R_TBW04_102,R_TBW04_102,,icon_item_weapon_misc5,제작서-템페스트 슈터,Recipe,{#5090ff}{ol},{/}{/}{/},WIKIPAGE_ITEM,장비를 제작할 수 있는 제작서
10240,0,0,0,R_TBW02_112,R_TBW02_112,,icon_item_weapon_misc3,제작서-하이 숏 보우,Recipe,{#5090ff}{ol},{/}{/}{/},WIKIPAGE_ITEM,장비를 제작할 수 있는 제작서
11264,0,0,0,R_TBW02_113,R_TBW02_113,,icon_item_weapon_misc3,제작서-퓰리 보우,Recipe,{#5090ff}{ol},{/}{/}{/},WIKIPAGE_ITEM,장비를 제작할 수 있는 제작서
23552,0,0,0,R_TBW02_114,R_TBW02_114,,icon_item_weapon_misc3,제작서-스미스 보우,Recipe,{#5090ff}{ol},{/}{/}{/},WIKIPAGE_ITEM,장비를 제작할 수 있는 제작서
24576,0,0,0,R_TBW02_115,R_TBW02_115,,icon_item_weapon_misc3,제작서-클라비스 보우,Recipe,{#5090ff}{ol},{/}{/}{/},WIKIPAGE_ITEM,장비를 제작할 수 있는 제작서
27648,0,0,0,R_BOW01_102,R_BOW01_102,,icon_item_weapon_misc1,제작서-크로스보우,Recipe,{#5090ff}{ol},{/}{/}{/},WIKIPAGE_ITEM,장비를 제작할 수 있는 제작서
28672,0,0,0,R_BOW01_103,R_BOW01_103,,icon_item_weapon_misc1,제작서-도큐,Recipe,{#5090ff}{ol},{/}{/}{/},WIKIPAGE_ITEM,장비를 제작할 수 있는 제작서
29696,0,0,0,R_BOW01_104,R_BOW01_104,,icon_item_weapon_misc1,제작서-쿼렐보우,Recipe,{#5090ff}{ol},{/}{/}{/},WIKIPAGE_ITEM,장비를 제작할 수 있는 제작서
30720,0,0,0,R_BOW01_105,R_BOW01_105,,icon_item_weapon_misc1,제작서-오크 크로스보우,Recipe,{#5090ff}{ol},{/}{/}{/},WIKIPAGE_ITEM,장비를 제작할 수 있는 제작서
31744,0,0,0,R_BOW01_106,R_BOW01_106,,icon_item_weapon_misc1,제작서-씰 크로스보우,Recipe,{#5090ff}{ol},{/}{/}{/},WIKIPAGE_ITEM,장비를 제작할 수 있는 제작서
32768,0,0,0,R_BOW01_107,R_BOW01_107,,icon_item_weapon_misc1,제작서-캐타펄트,Recipe,{#5090ff}{ol},{/}{/}{/},WIKIPAGE_ITEM,장비를 제작할 수 있는 제작서
33792,0,0,0,R_BOW01_108,R_BOW01_108,,icon_item_weapon_misc1,제작서-크래인퀸,Recipe,{#5090ff}{ol},{/}{/}{/},WIKIPAGE_ITEM,장비를 제작할 수 있는 제작서
34816,0,0,0,R_BOW01_111,R_BOW01_111,,icon_item_weapon_misc1,제작서-스나이퍼 크로스보우,Recipe,{#5090ff}{ol},{/}{/}{/},WIKIPAGE_ITEM,장비를 제작할 수 있는 제작서
35840,0,0,0,R_BOW02_101,R_BOW02_101,,icon_item_weapon_misc3,제작서-헤비 크로스보우,Recipe,{#5090ff}{ol},{/}{/}{/},WIKIPAGE_ITEM,장비를 제작할 수 있는 제작서
36864,0,0,0,R_BOW02_102,R_BOW02_102,,icon_item_weapon_misc3,제작서-와이드 크로스보우,Recipe,{#5090ff}{ol},{/}{/}{/},WIKIPAGE_ITEM,장비를 제작할 수 있는 제작서
37888,0,0,0,R_BOW02_103,R_BOW02_103,,icon_item_weapon_misc3,제작서-그랜드 크로스,Recipe,{#5090ff}{ol},{/}{/}{/},WIKIPAGE_ITEM,장비를 제작할 수 있는 제작서
39936,0,0,0,R_BOW02_105,R_BOW02_105,,icon_item_weapon_misc3,제작서-메디나 크로스보우,Recipe,{#5090ff}{ol},{/}{/}{/},WIKIPAGE_ITEM,장비를 제작할 수 있는 제작서
44032,0,0,0,R_BOW02_109,R_BOW02_109,,icon_item_weapon_misc3,제작서-그레이브 크로스보우,Recipe,{#5090ff}{ol},{/}{/}{/},WIKIPAGE_ITEM,장비를 제작할 수 있는 제작서
45056,0,0,0,R_BOW03_101,R_BOW03_101,,icon_item_weapon_misc4,제작서-슈팅스타,Recipe,{#5090ff}{ol},{/}{/}{/},WIKIPAGE_ITEM,장비를 제작할 수 있는 제작서
46080,0,0,0,R_BOW03_102,R_BOW03_102,,icon_item_weapon_misc4,제작서-카틴 블라스터,Recipe,{#5090ff}{ol},{/}{/}{/},WIKIPAGE_ITEM,장비를 제작할 수 있는 제작서
47104,0,0,0,R_BOW03_103,R_BOW03_103,,icon_item_weapon_misc4,제작서-그라주스,Recipe,{#5090ff}{ol},{/}{/}{/},WIKIPAGE_ITEM,장비를 제작할 수 있는 제작서
48128,0,0,0,R_BOW04_101,R_BOW04_101,,icon_item_weapon_misc5,제작서-이스발리티,Recipe,{#5090ff}{ol},{/}{/}{/},WIKIPAGE_ITEM,장비를 제작할 수 있는 제작서
49152,0,0,0,R_BOW04_102,R_BOW04_102,,icon_item_weapon_misc5,제작서-모르토,Recipe,{#5090ff}{ol},{/}{/}{/},WIKIPAGE_ITEM,장비를 제작할 수 있는 제작서
60416,0,0,0,R_BOW02_110,R_BOW02_110,,icon_item_weapon_misc3,제작서-스미스 크로스보우,Recipe,{#5090ff}{ol},{/}{/}{/},WIKIPAGE_ITEM,장비를 제작할 수 있는 제작서
61440,0,0,0,R_BOW02_111,R_BOW02_111,,icon_item_weapon_misc3,제작서-클라비스 크로스보우,Recipe,{#5090ff}{ol},{/}{/}{/},WIKIPAGE_ITEM,장비를 제작할 수 있는 제작서
1024,0,0,0,R_MAC01_104,R_MAC01_104,,icon_item_weapon_misc1,제작서-메이스,Recipe,{#5090ff}{ol},{/}{/}{/},WIKIPAGE_ITEM,장비를 제작할 수 있는 제작서
2048,0,0,0,R_MAC01_105,R_MAC01_105,,icon_item_weapon_misc1,제작서-모닝스타,Recipe,{#5090ff}{ol},{/}{/}{/},WIKIPAGE_ITEM,장비를 제작할 수 있는 제작서
3072,0,0,0,R_MAC01_106,R_MAC01_106,,icon_item_weapon_misc1,제작서-버지건,Recipe,{#5090ff}{ol},{/}{/}{/},WIKIPAGE_ITEM,장비를 제작할 수 있는 제작서
4096,0,0,0,R_MAC01_107,R_MAC01_107,,icon_item_weapon_misc1,제작서-고덴닥,Recipe,{#5090ff}{ol},{/}{/}{/},WIKIPAGE_ITEM,장비를 제작할 수 있는 제작서
5120,0,0,0,R_MAC01_108,R_MAC01_108,,icon_item_weapon_misc1,제작서-워픽,Recipe,{#5090ff}{ol},{/}{/}{/},WIKIPAGE_ITEM,장비를 제작할 수 있는 제작서
6144,0,0,0,R_MAC01_109,R_MAC01_109,,icon_item_weapon_misc1,제작서-고르즈,Recipe,{#5090ff}{ol},{/}{/}{/},WIKIPAGE_ITEM,장비를 제작할 수 있는 제작서
7168,0,0,0,R_MAC01_110,R_MAC01_110,,icon_item_weapon_misc1,제작서-부라와,Recipe,{#5090ff}{ol},{/}{/}{/},WIKIPAGE_ITEM,장비를 제작할 수 있는 제작서
8192,0,0,0,R_MAC01_116,R_MAC01_116,,icon_item_weapon_misc1,제작서-마울,Recipe,{#5090ff}{ol},{/}{/}{/},WIKIPAGE_ITEM,장비를 제작할 수 있는 제작서
9216,0,0,0,R_MAC02_110,R_MAC02_110,,icon_item_weapon_misc3,제작서-마이너 해머,Recipe,{#5090ff}{ol},{/}{/}{/},WIKIPAGE_ITEM,장비를 제작할 수 있는 제작서
10240,0,0,0,R_MAC02_101,R_MAC02_101,,icon_item_weapon_misc3,제작서-파이브 해머,Recipe,{#5090ff}{ol},{/}{/}{/},WIKIPAGE_ITEM,장비를 제작할 수 있는 제작서
11264,0,0,0,R_MAC02_102,R_MAC02_102,,icon_item_weapon_misc3,제작서-스파이크 메이스,Recipe,{#5090ff}{ol},{/}{/}{/},WIKIPAGE_ITEM,장비를 제작할 수 있는 제작서
12288,0,0,0,R_MAC02_103,R_MAC02_103,,icon_item_weapon_misc3,제작서-실드 브레이커,Recipe,{#5090ff}{ol},{/}{/}{/},WIKIPAGE_ITEM,장비를 제작할 수 있는 제작서
13312,0,0,0,R_MAC02_104,R_MAC02_104,,icon_item_weapon_misc3,제작서-스컬 크래셔,Recipe,{#5090ff}{ol},{/}{/}{/},WIKIPAGE_ITEM,장비를 제작할 수 있는 제작서
16384,0,0,0,R_MAC02_107,R_MAC02_107,,icon_item_weapon_misc3,제작서-발타스 모닝스타,Recipe,{#5090ff}{ol},{/}{/}{/},WIKIPAGE_ITEM,장비를 제작할 수 있는 제작서
18432,0,0,0,R_MAC02_109,R_MAC02_109,,icon_item_weapon_misc3,제작서-선쿠스 마울,Recipe,{#5090ff}{ol},{/}{/}{/},WIKIPAGE_ITEM,장비를 제작할 수 있는 제작서
19456,0,0,0,R_MAC03_101,R_MAC03_101,,icon_item_weapon_misc4,제작서-홀리 스매셔,Recipe,{#5090ff}{ol},{/}{/}{/},WIKIPAGE_ITEM,장비를 제작할 수 있는 제작서
20480,0,0,0,R_MAC03_102,R_MAC03_102,,icon_item_weapon_misc4,제작서-칼루 해머,Recipe,{#5090ff}{ol},{/}{/}{/},WIKIPAGE_ITEM,장비를 제작할 수 있는 제작서
21504,0,0,0,R_MAC03_103,R_MAC03_103,,icon_item_weapon_misc4,제작서-드레이크 테일,Recipe,{#5090ff}{ol},{/}{/}{/},WIKIPAGE_ITEM,장비를 제작할 수 있는 제작서
22528,0,0,0,R_MAC03_104,R_MAC03_104,,icon_item_weapon_misc4,제작서-로얄 메이스,Recipe,{#5090ff}{ol},{/}{/}{/},WIKIPAGE_ITEM,장비를 제작할 수 있는 제작서
23552,0,0,0,R_MAC04_101,R_MAC04_101,,icon_item_weapon_misc5,제작서-스터너,Recipe,{#5090ff}{ol},{/}{/}{/},WIKIPAGE_ITEM,장비를 제작할 수 있는 제작서
24576,0,0,0,R_MAC04_102,R_MAC04_102,,icon_item_weapon_misc5,제작서-발리아,Recipe,{#5090ff}{ol},{/}{/}{/},WIKIPAGE_ITEM,장비를 제작할 수 있는 제작서
25600,0,0,0,R_MAC02_111,R_MAC02_111,,icon_item_weapon_misc3,제작서-하이 아이언 클럽,Recipe,{#5090ff}{ol},{/}{/}{/},WIKIPAGE_ITEM,장비를 제작할 수 있는 제작서
38912,0,0,0,R_MAC02_112,R_MAC02_112,,icon_item_weapon_misc3,제작서-스미스 메이스,Recipe,{#5090ff}{ol},{/}{/}{/},WIKIPAGE_ITEM,장비를 제작할 수 있는 제작서
39936,0,0,0,R_MAC02_113,R_MAC02_113,,icon_item_weapon_misc3,제작서-클라비스 메이스,Recipe,{#5090ff}{ol},{/}{/}{/},WIKIPAGE_ITEM,장비를 제작할 수 있는 제작서
53760,0,0,0,R_SPR01_101,R_SPR01_101,,icon_item_weapon_misc1,제작서-숏 스피어,Recipe,{#5090ff}{ol},{/}{/}{/},WIKIPAGE_ITEM,장비를 제작할 수 있는 제작서
54272,0,0,0,R_SPR01_102,R_SPR01_102,,icon_item_weapon_misc1,제작서-에스폰툰,Recipe,{#5090ff}{ol},{/}{/}{/},WIKIPAGE_ITEM,장비를 제작할 수 있는 제작서
54784,0,0,0,R_SPR01_103,R_SPR01_103,,icon_item_weapon_misc1,제작서-윙드 에스폰툰,Recipe,{#5090ff}{ol},{/}{/}{/},WIKIPAGE_ITEM,장비를 제작할 수 있는 제작서
55296,0,0,0,R_SPR01_104,R_SPR01_104,,icon_item_weapon_misc1,제작서-스폰툰,Recipe,{#5090ff}{ol},{/}{/}{/},WIKIPAGE_ITEM,장비를 제작할 수 있는 제작서
55808,0,0,0,R_SPR01_105,R_SPR01_105,,icon_item_weapon_misc1,제작서-아스타,Recipe,{#5090ff}{ol},{/}{/}{/},WIKIPAGE_ITEM,장비를 제작할 수 있는 제작서
56320,0,0,0,R_SPR01_106,R_SPR01_106,,icon_item_weapon_misc1,제작서-롱 아스타,Recipe,{#5090ff}{ol},{/}{/}{/},WIKIPAGE_ITEM,장비를 제작할 수 있는 제작서
56832,0,0,0,R_SPR02_101,R_SPR02_101,,icon_item_weapon_misc3,제작서-사우로터,Recipe,{#5090ff}{ol},{/}{/}{/},WIKIPAGE_ITEM,장비를 제작할 수 있는 제작서
57344,0,0,0,R_SPR02_102,R_SPR02_102,,icon_item_weapon_misc3,제작서-도리,Recipe,{#5090ff}{ol},{/}{/}{/},WIKIPAGE_ITEM,장비를 제작할 수 있는 제작서
58880,0,0,0,R_SPR02_105,R_SPR02_105,,icon_item_weapon_misc3,제작서-그랑 스폰툰,Recipe,{#5090ff}{ol},{/}{/}{/},WIKIPAGE_ITEM,장비를 제작할 수 있는 제작서
59392,0,0,0,R_SPR02_106,R_SPR02_106,,icon_item_weapon_misc3,제작서-제가 스피어,Recipe,{#5090ff}{ol},{/}{/}{/},WIKIPAGE_ITEM,장비를 제작할 수 있는 제작서
59904,0,0,0,R_SPR02_107,R_SPR02_107,,icon_item_weapon_misc3,제작서-할 스피어,Recipe,{#5090ff}{ol},{/}{/}{/},WIKIPAGE_ITEM,장비를 제작할 수 있는 제작서
61440,0,0,0,R_SPR02_110,R_SPR02_110,,icon_item_weapon_misc3,제작서-페디미안 스피어,Recipe,{#5090ff}{ol},{/}{/}{/},WIKIPAGE_ITEM,장비를 제작할 수 있는 제작서
61952,0,0,0,R_SPR03_101,R_SPR03_101,,icon_item_weapon_misc4,제작서-실버 스피어,Recipe,{#5090ff}{ol},{/}{/}{/},WIKIPAGE_ITEM,장비를 제작할 수 있는 제작서
62464,0,0,0,R_SPR03_102,R_SPR03_102,,icon_item_weapon_misc4,제작서-게라스 스피어,Recipe,{#5090ff}{ol},{/}{/}{/},WIKIPAGE_ITEM,장비를 제작할 수 있는 제작서
62976,0,0,0,R_SPR03_103,R_SPR03_103,,icon_item_weapon_misc4,제작서-둠 스피어,Recipe,{#5090ff}{ol},{/}{/}{/},WIKIPAGE_ITEM,장비를 제작할 수 있는 제작서
63488,0,0,0,R_SPR03_104,R_SPR03_104,,icon_item_weapon_misc4,제작서-피르나스,Recipe,{#5090ff}{ol},{/}{/}{/},WIKIPAGE_ITEM,장비를 제작할 수 있는 제작서
64000,0,0,0,R_SPR04_101,R_SPR04_101,,icon_item_weapon_misc5,제작서-아다타그,Recipe,{#5090ff}{ol},{/}{/}{/},WIKIPAGE_ITEM,장비를 제작할 수 있는 제작서
65024,0,0,0,R_SPR04_103,R_SPR04_103,,icon_item_weapon_misc5,제작서-브란디시,Recipe,{#5090ff}{ol},{/}{/}{/},WIKIPAGE_ITEM,장비를 제작할 수 있는 제작서
41472,0,0,0,R_TSP01_101,R_TSP01_101,,icon_item_weapon_misc1,제작서-파이크,Recipe,{#5090ff}{ol},{/}{/}{/},WIKIPAGE_ITEM,장비를 제작할 수 있는 제작서
41984,0,0,0,R_TSP01_102,R_TSP01_102,,icon_item_weapon_misc1,제작서-파르티잔,Recipe,{#5090ff}{ol},{/}{/}{/},WIKIPAGE_ITEM,장비를 제작할 수 있는 제작서
42496,0,0,0,R_TSP01_103,R_TSP01_103,,icon_item_weapon_misc1,제작서-트라이던트,Recipe,{#5090ff}{ol},{/}{/}{/},WIKIPAGE_ITEM,장비를 제작할 수 있는 제작서
43008,0,0,0,R_TSP01_104,R_TSP01_104,,icon_item_weapon_misc1,제작서-로얄 파르티잔,Recipe,{#5090ff}{ol},{/}{/}{/},WIKIPAGE_ITEM,장비를 제작할 수 있는 제작서
43520,0,0,0,R_TSP01_105,R_TSP01_105,,icon_item_weapon_misc1,제작서-콘 파이크,Recipe,{#5090ff}{ol},{/}{/}{/},WIKIPAGE_ITEM,장비를 제작할 수 있는 제작서
44032,0,0,0,R_TSP01_106,R_TSP01_106,,icon_item_weapon_misc1,제작서-페디미안 파이크,Recipe,{#5090ff}{ol},{/}{/}{/},WIKIPAGE_ITEM,장비를 제작할 수 있는 제작서
44544,0,0,0,R_TSP02_101,R_TSP02_101,,icon_item_weapon_misc3,제작서-메디나 파이크,Recipe,{#5090ff}{ol},{/}{/}{/},WIKIPAGE_ITEM,장비를 제작할 수 있는 제작서
45056,0,0,0,R_TSP02_102,R_TSP02_102,,icon_item_weapon_misc3,제작서-프리 파르티잔,Recipe,{#5090ff}{ol},{/}{/}{/},WIKIPAGE_ITEM,장비를 제작할 수 있는 제작서
46080,0,0,0,R_TSP02_104,R_TSP02_104,,icon_item_weapon_misc3,제작서-앤트라 파르티잔,Recipe,{#5090ff}{ol},{/}{/}{/},WIKIPAGE_ITEM,장비를 제작할 수 있는 제작서
46592,0,0,0,R_TSP02_105,R_TSP02_105,,icon_item_weapon_misc3,제작서-갈린 트라이던트,Recipe,{#5090ff}{ol},{/}{/}{/},WIKIPAGE_ITEM,장비를 제작할 수 있는 제작서
47616,0,0,0,R_TSP02_107,R_TSP02_107,,icon_item_weapon_misc3,제작서-파인 콘 파이크,Recipe,{#5090ff}{ol},{/}{/}{/},WIKIPAGE_ITEM,장비를 제작할 수 있는 제작서
48640,0,0,0,R_TSP03_101,R_TSP03_101,,icon_item_weapon_misc4,제작서-트렉시아,Recipe,{#5090ff}{ol},{/}{/}{/},WIKIPAGE_ITEM,장비를 제작할 수 있는 제작서
49664,0,0,0,R_TSP03_103,R_TSP03_103,,icon_item_weapon_misc4,제작서-라이데카,Recipe,{#5090ff}{ol},{/}{/}{/},WIKIPAGE_ITEM,장비를 제작할 수 있는 제작서
50176,0,0,0,R_TSP04_101,R_TSP04_101,,icon_item_weapon_misc5,제작서-플레임 파이크,Recipe,{#5090ff}{ol},{/}{/}{/},WIKIPAGE_ITEM,장비를 제작할 수 있는 제작서
29184,0,0,0,R_WND01_101,R_WND01_101,,icon_item_weapon_misc1,제작서-우든 완드,Recipe,{#5090ff}{ol},{/}{/}{/},WIKIPAGE_ITEM,장비를 제작할 수 있는 제작서
29696,0,0,0,R_WND01_102,R_WND01_102,,icon_item_weapon_misc1,제작서-오크 완드,Recipe,{#5090ff}{ol},{/}{/}{/},WIKIPAGE_ITEM,장비를 제작할 수 있는 제작서
30208,0,0,0,R_WND01_103,R_WND01_103,,icon_item_weapon_misc1,제작서-로카스 완드,Recipe,{#5090ff}{ol},{/}{/}{/},WIKIPAGE_ITEM,장비를 제작할 수 있는 제작서
30720,0,0,0,R_WND01_104,R_WND01_104,,icon_item_weapon_misc1,제작서-본 완드,Recipe,{#5090ff}{ol},{/}{/}{/},WIKIPAGE_ITEM,장비를 제작할 수 있는 제작서
31232,0,0,0,R_WND01_105,R_WND01_105,,icon_item_weapon_misc1,제작서-샤먼 완드,Recipe,{#5090ff}{ol},{/}{/}{/},WIKIPAGE_ITEM,장비를 제작할 수 있는 제작서
31744,0,0,0,R_WND01_106,R_WND01_106,,icon_item_weapon_misc1,제작서-알타리아 완드,Recipe,{#5090ff}{ol},{/}{/}{/},WIKIPAGE_ITEM,장비를 제작할 수 있는 제작서
32256,0,0,0,R_WND02_101,R_WND02_101,,icon_item_weapon_misc3,제작서-안티크 완드,Recipe,{#5090ff}{ol},{/}{/}{/},WIKIPAGE_ITEM,장비를 제작할 수 있는 제작서
33280,0,0,0,R_WND02_103,R_WND02_103,,icon_item_weapon_misc3,제작서-다크 완드,Recipe,{#5090ff}{ol},{/}{/}{/},WIKIPAGE_ITEM,장비를 제작할 수 있는 제작서
34304,0,0,0,R_WND02_105,R_WND02_105,,icon_item_weapon_misc3,제작서-그림 완드,Recipe,{#5090ff}{ol},{/}{/}{/},WIKIPAGE_ITEM,장비를 제작할 수 있는 제작서
34816,0,0,0,R_WND02_106,R_WND02_106,,icon_item_weapon_misc3,제작서-스컬 완드,Recipe,{#5090ff}{ol},{/}{/}{/},WIKIPAGE_ITEM,장비를 제작할 수 있는 제작서
35328,0,0,0,R_WND02_107,R_WND02_107,,icon_item_weapon_misc3,제작서-디델 샤먼 완드,Recipe,{#5090ff}{ol},{/}{/}{/},WIKIPAGE_ITEM,장비를 제작할 수 있는 제작서
36352,0,0,0,R_WND02_109,R_WND02_109,,icon_item_weapon_misc3,제작서-파티망 완드,Recipe,{#5090ff}{ol},{/}{/}{/},WIKIPAGE_ITEM,장비를 제작할 수 있는 제작서
36864,0,0,0,R_WND03_101,R_WND03_101,,icon_item_weapon_misc4,제작서-램파 완드,Recipe,{#5090ff}{ol},{/}{/}{/},WIKIPAGE_ITEM,장비를 제작할 수 있는 제작서
37376,0,0,0,R_WND03_102,R_WND03_102,,icon_item_weapon_misc4,제작서-베스티아 완드,Recipe,{#5090ff}{ol},{/}{/}{/},WIKIPAGE_ITEM,장비를 제작할 수 있는 제작서
37888,0,0,0,R_WND03_103,R_WND03_103,,icon_item_weapon_misc5,제작서-세르펜스,Recipe,{#5090ff}{ol},{/}{/}{/},WIKIPAGE_ITEM,장비를 제작할 수 있는 제작서
38400,0,0,0,R_WND04_101,R_WND04_101,,icon_item_weapon_misc5,제작서-레베르세,Recipe,{#5090ff}{ol},{/}{/}{/},WIKIPAGE_ITEM,장비를 제작할 수 있는 제작서
25088,0,0,0,R_HAND01_104,R_HAND01_104,,icon_item_gloves_misc1,제작서-하드 레더 글로브,Recipe,{#5090ff}{ol},{/}{/}{/},WIKIPAGE_ITEM,장비를 제작할 수 있는 제작서
25600,0,0,0,R_FOOT01_104,R_FOOT01_104,,icon_item_boots_misc1,제작서-하드 레더 부츠,Recipe,{#5090ff}{ol},{/}{/}{/},WIKIPAGE_ITEM,장비를 제작할 수 있는 제작서
26112,0,0,0,R_LEG01_104,R_LEG01_104,,icon_item_pants_misc1,제작서-하드 레더 팬츠,Recipe,{#5090ff}{ol},{/}{/}{/},WIKIPAGE_ITEM,장비를 제작할 수 있는 제작서
26624,0,0,0,R_TOP01_104,R_TOP01_104,,icon_item_shirts_misc1,제작서-하드 레더 아머,Recipe,{#5090ff}{ol},{/}{/}{/},WIKIPAGE_ITEM,장비를 제작할 수 있는 제작서
27136,0,0,0,R_HAND01_105,R_HAND01_105,,icon_item_gloves_misc1,제작서-체인 글로브,Recipe,{#5090ff}{ol},{/}{/}{/},WIKIPAGE_ITEM,장비를 제작할 수 있는 제작서
27648,0,0,0,R_FOOT01_105,R_FOOT01_105,,icon_item_boots_misc1,제작서-체인 부츠,Recipe,{#5090ff}{ol},{/}{/}{/},WIKIPAGE_ITEM,장비를 제작할 수 있는 제작서
28160,0,0,0,R_LEG01_105,R_LEG01_105,,icon_item_pants_misc1,제작서-체인 팬츠,Recipe,{#5090ff}{ol},{/}{/}{/},WIKIPAGE_ITEM,장비를 제작할 수 있는 제작서
28672,0,0,0,R_TOP01_105,R_TOP01_105,,icon_item_shirts_misc1,제작서-체인 메일,Recipe,{#5090ff}{ol},{/}{/}{/},WIKIPAGE_ITEM,장비를 제작할 수 있는 제작서
29184,0,0,0,R_HAND01_106,R_HAND01_106,,icon_item_gloves_misc1,제작서-스틸 체인 글로브,Recipe,{#5090ff}{ol},{/}{/}{/},WIKIPAGE_ITEM,장비를 제작할 수 있는 제작서
29696,0,0,0,R_FOOT01_106,R_FOOT01_106,,icon_item_boots_misc1,제작서-스틸 체인 부츠,Recipe,{#5090ff}{ol},{/}{/}{/},WIKIPAGE_ITEM,장비를 제작할 수 있는 제작서
30208,0,0,0,R_LEG01_106,R_LEG01_106,,icon_item_pants_misc1,제작서-스틸 체인 팬츠,Recipe,{#5090ff}{ol},{/}{/}{/},WIKIPAGE_ITEM,장비를 제작할 수 있는 제작서
30720,0,0,0,R_TOP01_106,R_TOP01_106,,icon_item_shirts_misc1,제작서-스틸 체인 메일,Recipe,{#5090ff}{ol},{/}{/}{/},WIKIPAGE_ITEM,장비를 제작할 수 있는 제작서
31232,0,0,0,R_LEG01_111,R_LEG01_111,,icon_item_pants_misc1,제작서-포레스트 팬츠,Recipe,{#5090ff}{ol},{/}{/}{/},WIKIPAGE_ITEM,장비를 제작할 수 있는 제작서
31744,0,0,0,R_TOP01_111,R_TOP01_111,,icon_item_shirts_misc1,제작서-포레스트 로브,Recipe,{#5090ff}{ol},{/}{/}{/},WIKIPAGE_ITEM,장비를 제작할 수 있는 제작서
32256,0,0,0,R_HAND01_107,R_HAND01_107,,icon_item_gloves_misc1,제작서-포레스트 레더 글로브,Recipe,{#5090ff}{ol},{/}{/}{/},WIKIPAGE_ITEM,장비를 제작할 수 있는 제작서
32768,0,0,0,R_FOOT01_107,R_FOOT01_107,,icon_item_boots_misc1,제작서-포레스트 레더 부츠,Recipe,{#5090ff}{ol},{/}{/}{/},WIKIPAGE_ITEM,장비를 제작할 수 있는 제작서
33280,0,0,0,R_LEG01_107,R_LEG01_107,,icon_item_pants_misc1,제작서-포레스트 레더 팬츠,Recipe,{#5090ff}{ol},{/}{/}{/},WIKIPAGE_ITEM,장비를 제작할 수 있는 제작서
33792,0,0,0,R_TOP01_107,R_TOP01_107,,icon_item_shirts_misc1,제작서-포레스트 레더 아머,Recipe,{#5090ff}{ol},{/}{/}{/},WIKIPAGE_ITEM,장비를 제작할 수 있는 제작서
34304,0,0,0,R_HAND01_112,R_HAND01_112,,icon_item_gloves_misc1,제작서-클라이다 건틀릿,Recipe,{#5090ff}{ol},{/}{/}{/},WIKIPAGE_ITEM,장비를 제작할 수 있는 제작서
34816,0,0,0,R_FOOT01_112,R_FOOT01_112,,icon_item_boots_misc1,제작서-클라이다 그리브,Recipe,{#5090ff}{ol},{/}{/}{/},WIKIPAGE_ITEM,장비를 제작할 수 있는 제작서
35328,0,0,0,R_LEG01_112,R_LEG01_112,,icon_item_pants_misc1,제작서-클라이다 스커트,Recipe,{#5090ff}{ol},{/}{/}{/},WIKIPAGE_ITEM,장비를 제작할 수 있는 제작서
35840,0,0,0,R_TOP01_112,R_TOP01_112,,icon_item_shirts_misc1,제작서-클라이다 메일,Recipe,{#5090ff}{ol},{/}{/}{/},WIKIPAGE_ITEM,장비를 제작할 수 있는 제작서
36352,0,0,0,R_LEG01_108,R_LEG01_108,,icon_item_pants_misc1,제작서-그리마 팬츠,Recipe,{#5090ff}{ol},{/}{/}{/},WIKIPAGE_ITEM,장비를 제작할 수 있는 제작서
36864,0,0,0,R_TOP01_108,R_TOP01_108,,icon_item_shirts_misc1,제작서-그리마 로브,Recipe,{#5090ff}{ol},{/}{/}{/},WIKIPAGE_ITEM,장비를 제작할 수 있는 제작서
37376,0,0,0,R_HAND01_109,R_HAND01_109,,icon_item_gloves_misc1,제작서-베리스 글로브,Recipe,{#5090ff}{ol},{/}{/}{/},WIKIPAGE_ITEM,장비를 제작할 수 있는 제작서
37888,0,0,0,R_FOOT01_109,R_FOOT01_109,,icon_item_boots_misc1,제작서-베리스 부츠,Recipe,{#5090ff}{ol},{/}{/}{/},WIKIPAGE_ITEM,장비를 제작할 수 있는 제작서
38400,0,0,0,R_LEG01_109,R_LEG01_109,,icon_item_pants_misc1,제작서-베리스 팬츠,Recipe,{#5090ff}{ol},{/}{/}{/},WIKIPAGE_ITEM,장비를 제작할 수 있는 제작서
38912,0,0,0,R_TOP01_109,R_TOP01_109,,icon_item_shirts_misc1,제작서-베리스 튜닉,Recipe,{#5090ff}{ol},{/}{/}{/},WIKIPAGE_ITEM,장비를 제작할 수 있는 제작서
39424,0,0,0,R_HAND01_110,R_HAND01_110,,icon_item_gloves_misc1,제작서-스케일 글로브,Recipe,{#5090ff}{ol},{/}{/}{/},WIKIPAGE_ITEM,장비를 제작할 수 있는 제작서
39936,0,0,0,R_FOOT01_110,R_FOOT01_110,,icon_item_boots_misc1,제작서-스케일 부츠,Recipe,{#5090ff}{ol},{/}{/}{/},WIKIPAGE_ITEM,장비를 제작할 수 있는 제작서
40448,0,0,0,R_LEG01_110,R_LEG01_110,,icon_item_pants_misc1,제작서-스케일 레깅스,Recipe,{#5090ff}{ol},{/}{/}{/},WIKIPAGE_ITEM,장비를 제작할 수 있는 제작서
40960,0,0,0,R_TOP01_110,R_TOP01_110,,icon_item_shirts_misc1,제작서-스케일 메일,Recipe,{#5090ff}{ol},{/}{/}{/},WIKIPAGE_ITEM,장비를 제작할 수 있는 제작서
41472,0,0,0,R_HAND01_113,R_HAND01_113,,icon_item_gloves_misc1,제작서-하드 베리스 글로브,Recipe,{#5090ff}{ol},{/}{/}{/},WIKIPAGE_ITEM,장비를 제작할 수 있는 제작서
41984,0,0,0,R_FOOT01_113,R_FOOT01_113,,icon_item_boots_misc1,제작서-하드 베리스 부츠,Recipe,{#5090ff}{ol},{/}{/}{/},WIKIPAGE_ITEM,장비를 제작할 수 있는 제작서
42496,0,0,0,R_LEG01_113,R_LEG01_113,,icon_item_pants_misc1,제작서-하드 베리스 팬츠,Recipe,{#5090ff}{ol},{/}{/}{/},WIKIPAGE_ITEM,장비를 제작할 수 있는 제작서
43008,0,0,0,R_TOP01_113,R_TOP01_113,,icon_item_shirts_misc1,제작서-하드 베리스 튜닉,Recipe,{#5090ff}{ol},{/}{/}{/},WIKIPAGE_ITEM,장비를 제작할 수 있는 제작서
43520,0,0,0,R_HAND01_114,R_HAND01_114,,icon_item_gloves_misc1,제작서-헤비 스케일 글로브,Recipe,{#5090ff}{ol},{/}{/}{/},WIKIPAGE_ITEM,장비를 제작할 수 있는 제작서
44032,0,0,0,R_FOOT01_114,R_FOOT01_114,,icon_item_boots_misc1,제작서-헤비 스케일 부츠,Recipe,{#5090ff}{ol},{/}{/}{/},WIKIPAGE_ITEM,장비를 제작할 수 있는 제작서
44544,0,0,0,R_LEG01_114,R_LEG01_114,,icon_item_pants_misc1,제작서-헤비 스케일 레깅스,Recipe,{#5090ff}{ol},{/}{/}{/},WIKIPAGE_ITEM,장비를 제작할 수 있는 제작서
45056,0,0,0,R_TOP01_114,R_TOP01_114,,icon_item_shirts_misc1,제작서-헤비 스케일 메일,Recipe,{#5090ff}{ol},{/}{/}{/},WIKIPAGE_ITEM,장비를 제작할 수 있는 제작서
45568,0,0,0,R_LEG01_115,R_LEG01_115,,icon_item_pants_misc1,제작서-리갈 팬츠,Recipe,{#5090ff}{ol},{/}{/}{/},WIKIPAGE_ITEM,장비를 제작할 수 있는 제작서
46080,0,0,0,R_TOP01_115,R_TOP01_115,,icon_item_shirts_misc1,제작서-리갈 로브,Recipe,{#5090ff}{ol},{/}{/}{/},WIKIPAGE_ITEM,장비를 제작할 수 있는 제작서
46592,0,0,0,R_HAND01_121,R_HAND01_121,,icon_item_gloves_misc1,제작서-브리간딘 글로브,Recipe,{#5090ff}{ol},{/}{/}{/},WIKIPAGE_ITEM,장비를 제작할 수 있는 제작서
47104,0,0,0,R_FOOT01_121,R_FOOT01_121,,icon_item_boots_misc1,제작서-브리간딘 부츠,Recipe,{#5090ff}{ol},{/}{/}{/},WIKIPAGE_ITEM,장비를 제작할 수 있는 제작서
47616,0,0,0,R_LEG01_121,R_LEG01_121,,icon_item_pants_misc1,제작서-브리간딘 팬츠,Recipe,{#5090ff}{ol},{/}{/}{/},WIKIPAGE_ITEM,장비를 제작할 수 있는 제작서
48128,0,0,0,R_TOP01_121,R_TOP01_121,,icon_item_shirts_misc1,제작서-브리간딘 아머,Recipe,{#5090ff}{ol},{/}{/}{/},WIKIPAGE_ITEM,장비를 제작할 수 있는 제작서
48640,0,0,0,R_HAND01_122,R_HAND01_122,,icon_item_gloves_misc1,제작서-플레이트 건틀릿,Recipe,{#5090ff}{ol},{/}{/}{/},WIKIPAGE_ITEM,장비를 제작할 수 있는 제작서
49152,0,0,0,R_FOOT01_122,R_FOOT01_122,,icon_item_boots_misc1,제작서-플레이트 그리브,Recipe,{#5090ff}{ol},{/}{/}{/},WIKIPAGE_ITEM,장비를 제작할 수 있는 제작서
49664,0,0,0,R_LEG01_122,R_LEG01_122,,icon_item_pants_misc1,제작서-플레이트 레깅스,Recipe,{#5090ff}{ol},{/}{/}{/},WIKIPAGE_ITEM,장비를 제작할 수 있는 제작서
50176,0,0,0,R_TOP01_122,R_TOP01_122,,icon_item_shirts_misc1,제작서-플레이트 아머,Recipe,{#5090ff}{ol},{/}{/}{/},WIKIPAGE_ITEM,장비를 제작할 수 있는 제작서
50688,0,0,0,R_TOP02_102,R_TOP02_102,,icon_item_shirts_misc3,제작서-포쿠부 아머,Recipe,{#5090ff}{ol},{/}{/}{/},WIKIPAGE_ITEM,장비를 제작할 수 있는 제작서
51200,0,0,0,R_FOOT02_101,R_FOOT02_101,,icon_item_boots_misc3,제작서-카브라 부츠,Recipe,{#5090ff}{ol},{/}{/}{/},WIKIPAGE_ITEM,장비를 제작할 수 있는 제작서
51712,0,0,0,R_TOP02_101,R_TOP02_101,,icon_item_gloves_misc3,제작서-크림슨 레더 아머,Recipe,{#5090ff}{ol},{/}{/}{/},WIKIPAGE_ITEM,장비를 제작할 수 있는 제작서
52224,0,0,0,R_HAND02_101,R_HAND02_101,,icon_item_gloves_misc3,제작서-카펜터 글로브,Recipe,{#5090ff}{ol},{/}{/}{/},WIKIPAGE_ITEM,장비를 제작할 수 있는 제작서
52736,0,0,0,R_LEG02_103,R_LEG02_103,,icon_item_pants_misc3,제작서-테넷 체인 팬츠,Recipe,{#5090ff}{ol},{/}{/}{/},WIKIPAGE_ITEM,장비를 제작할 수 있는 제작서
53248,0,0,0,R_TOP02_103,R_TOP02_103,,icon_item_shirts_misc3,제작서-테넷 체인 메일,Recipe,{#5090ff}{ol},{/}{/}{/},WIKIPAGE_ITEM,장비를 제작할 수 있는 제작서
53760,0,0,0,R_HAND02_104,R_HAND02_104,,icon_item_gloves_misc3,제작서-잘리아 레더 글로브,Recipe,{#5090ff}{ol},{/}{/}{/},WIKIPAGE_ITEM,장비를 제작할 수 있는 제작서
54272,0,0,0,R_FOOT02_104,R_FOOT02_104,,icon_item_boots_misc3,제작서-잘리아 레더 부츠,Recipe,{#5090ff}{ol},{/}{/}{/},WIKIPAGE_ITEM,장비를 제작할 수 있는 제작서
54784,0,0,0,R_LEG02_104,R_LEG02_104,,icon_item_pants_misc3,제작서-잘리아 레더 팬츠,Recipe,{#5090ff}{ol},{/}{/}{/},WIKIPAGE_ITEM,장비를 제작할 수 있는 제작서
55296,0,0,0,R_TOP02_104,R_TOP02_104,,icon_item_shirts_misc3,제작서-잘리아 레더 아머,Recipe,{#5090ff}{ol},{/}{/}{/},WIKIPAGE_ITEM,장비를 제작할 수 있는 제작서
55808,0,0,0,R_HAND02_105,R_HAND02_105,,icon_item_gloves_misc3,제작서-프로바 글로브,Recipe,{#5090ff}{ol},{/}{/}{/},WIKIPAGE_ITEM,장비를 제작할 수 있는 제작서
56320,0,0,0,R_TOP02_105,R_TOP02_105,,icon_item_shirts_misc3,제작서-프로바 로브,Recipe,{#5090ff}{ol},{/}{/}{/},WIKIPAGE_ITEM,장비를 제작할 수 있는 제작서
56832,0,0,0,R_HAND02_106,R_HAND02_106,,icon_item_gloves_misc3,제작서-스터디드 글로브,Recipe,{#5090ff}{ol},{/}{/}{/},WIKIPAGE_ITEM,장비를 제작할 수 있는 제작서
57344,0,0,0,R_FOOT02_106,R_FOOT02_106,,icon_item_boots_misc3,제작서-스터디드 부츠,Recipe,{#5090ff}{ol},{/}{/}{/},WIKIPAGE_ITEM,장비를 제작할 수 있는 제작서
57856,0,0,0,R_LEG02_106,R_LEG02_106,,icon_item_pants_misc3,제작서-스터디드 팬츠,Recipe,{#5090ff}{ol},{/}{/}{/},WIKIPAGE_ITEM,장비를 제작할 수 있는 제작서
58368,0,0,0,R_TOP02_106,R_TOP02_106,,icon_item_shirts_misc3,제작서-스터디드 아머,Recipe,{#5090ff}{ol},{/}{/}{/},WIKIPAGE_ITEM,장비를 제작할 수 있는 제작서
58880,0,0,0,R_HAND02_107,R_HAND02_107,,icon_item_gloves_misc3,제작서-인섹트 건틀릿,Recipe,{#5090ff}{ol},{/}{/}{/},WIKIPAGE_ITEM,장비를 제작할 수 있는 제작서
59392,0,0,0,R_FOOT02_107,R_FOOT02_107,,icon_item_boots_misc3,제작서-인섹트 그리브,Recipe,{#5090ff}{ol},{/}{/}{/},WIKIPAGE_ITEM,장비를 제작할 수 있는 제작서
59904,0,0,0,R_LEG02_107,R_LEG02_107,,icon_item_pants_misc3,제작서-인섹트 스커트,Recipe,{#5090ff}{ol},{/}{/}{/},WIKIPAGE_ITEM,장비를 제작할 수 있는 제작서
60416,0,0,0,R_TOP02_107,R_TOP02_107,,icon_item_shirts_misc3,제작서-인섹트 메일,Recipe,{#5090ff}{ol},{/}{/}{/},WIKIPAGE_ITEM,장비를 제작할 수 있는 제작서
60928,0,0,0,R_FOOT02_108,R_FOOT02_108,,icon_item_boots_misc3,제작서-프로타스 부츠,Recipe,{#5090ff}{ol},{/}{/}{/},WIKIPAGE_ITEM,장비를 제작할 수 있는 제작서
61440,0,0,0,R_LEG02_108,R_LEG02_108,,icon_item_pants_misc3,제작서-프로타스 트라우저,Recipe,{#5090ff}{ol},{/}{/}{/},WIKIPAGE_ITEM,장비를 제작할 수 있는 제작서
61952,0,0,0,R_HAND02_109,R_HAND02_109,,icon_item_gloves_misc3,제작서-레드 베리스 글로브,Recipe,{#5090ff}{ol},{/}{/}{/},WIKIPAGE_ITEM,장비를 제작할 수 있는 제작서
62464,0,0,0,R_TOP02_109,R_TOP02_109,,icon_item_shirts_misc3,제작서-레드 베리스 튜닉,Recipe,{#5090ff}{ol},{/}{/}{/},WIKIPAGE_ITEM,장비를 제작할 수 있는 제작서
62976,0,0,0,R_LEG02_110,R_LEG02_110,,icon_item_pants_misc3,제작서-라이트 플레이트 레깅스,Recipe,{#5090ff}{ol},{/}{/}{/},WIKIPAGE_ITEM,장비를 제작할 수 있는 제작서
63488,0,0,0,R_TOP02_110,R_TOP02_110,,icon_item_shirts_misc3,제작서-라이트 플레이트 아머,Recipe,{#5090ff}{ol},{/}{/}{/},WIKIPAGE_ITEM,장비를 제작할 수 있는 제작서
64000,0,0,0,R_HAND02_111,R_HAND02_111,,icon_item_gloves_misc3,제작서-헤비 그리마 글로브,Recipe,{#5090ff}{ol},{/}{/}{/},WIKIPAGE_ITEM,장비를 제작할 수 있는 제작서
64512,0,0,0,R_FOOT02_111,R_FOOT02_111,,icon_item_boots_misc3,제작서-헤비 그리마 부츠,Recipe,{#5090ff}{ol},{/}{/}{/},WIKIPAGE_ITEM,장비를 제작할 수 있는 제작서
65024,0,0,0,R_TOP02_111,R_TOP02_111,,icon_item_shirts_misc3,제작서-헤비 그리마 로브,Recipe,{#5090ff}{ol},{/}{/}{/},WIKIPAGE_ITEM,장비를 제작할 수 있는 제작서
0,0,0,0,R_LEG02_112,R_LEG02_112,,icon_item_pants_misc3,제작서-포쿠본 레더 팬츠,Recipe,{#5090ff}{ol},{/}{/}{/},WIKIPAGE_ITEM,장비를 제작할 수 있는 제작서
512,0,0,0,R_TOP02_112,R_TOP02_112,,icon_item_shirts_misc3,제작서-포쿠본 레더 아머,Recipe,{#5090ff}{ol},{/}{/}{/},WIKIPAGE_ITEM,장비를 제작할 수 있는 제작서
1024,0,0,0,R_HAND02_113,R_HAND02_113,,icon_item_gloves_misc3,제작서-드레이크 레더 글로브,Recipe,{#5090ff}{ol},{/}{/}{/},WIKIPAGE_ITEM,장비를 제작할 수 있는 제작서
1536,0,0,0,R_FOOT02_113,R_FOOT02_113,,icon_item_boots_misc3,제작서-드레이크 레더 부츠,Recipe,{#5090ff}{ol},{/}{/}{/},WIKIPAGE_ITEM,장비를 제작할 수 있는 제작서
2048,0,0,0,R_LEG02_113,R_LEG02_113,,icon_item_pants_misc3,제작서-드레이크 레더 레깅스,Recipe,{#5090ff}{ol},{/}{/}{/},WIKIPAGE_ITEM,장비를 제작할 수 있는 제작서
2560,0,0,0,R_TOP02_113,R_TOP02_113,,icon_item_shirts_misc3,제작서-드레이크 레더 튜닉,Recipe,{#5090ff}{ol},{/}{/}{/},WIKIPAGE_ITEM,장비를 제작할 수 있는 제작서
3072,0,0,0,R_HAND02_114,R_HAND02_114,,icon_item_gloves_misc3,제작서-실버 플레이트 건틀릿,Recipe,{#5090ff}{ol},{/}{/}{/},WIKIPAGE_ITEM,장비를 제작할 수 있는 제작서
3584,0,0,0,R_FOOT02_114,R_FOOT02_114,,icon_item_boots_misc3,제작서-실버 플레이트 그리브,Recipe,{#5090ff}{ol},{/}{/}{/},WIKIPAGE_ITEM,장비를 제작할 수 있는 제작서
4096,0,0,0,R_LEG02_114,R_LEG02_114,,icon_item_pants_misc3,제작서-실버 플레이트 레깅스,Recipe,{#5090ff}{ol},{/}{/}{/},WIKIPAGE_ITEM,장비를 제작할 수 있는 제작서
4608,0,0,0,R_TOP02_114,R_TOP02_114,,icon_item_shirts_misc3,제작서-실버 플레이트 아머,Recipe,{#5090ff}{ol},{/}{/}{/},WIKIPAGE_ITEM,장비를 제작할 수 있는 제작서
5120,0,0,0,R_HAND03_101,R_HAND03_101,,icon_item_gloves_misc4,제작서-부베 투사 건틀릿,Recipe,{#5090ff}{ol},{/}{/}{/},WIKIPAGE_ITEM,장비를 제작할 수 있는 제작서
5632,0,0,0,R_HAND03_102,R_HAND03_102,,icon_item_gloves_misc4,제작서-실드 크래셔,Recipe,{#5090ff}{ol},{/}{/}{/},WIKIPAGE_ITEM,장비를 제작할 수 있는 제작서
6144,0,0,0,R_HAND03_103,R_HAND03_103,,icon_item_gloves_misc4,제작서-바인 글로브,Recipe,{#5090ff}{ol},{/}{/}{/},WIKIPAGE_ITEM,장비를 제작할 수 있는 제작서
6656,0,0,0,R_FOOT03_103,R_FOOT03_103,,icon_item_boots_misc4,제작서-바인 부츠,Recipe,{#5090ff}{ol},{/}{/}{/},WIKIPAGE_ITEM,장비를 제작할 수 있는 제작서
7168,0,0,0,R_LEG03_103,R_LEG03_103,,icon_item_pants_misc4,제작서-바인 팬츠,Recipe,{#5090ff}{ol},{/}{/}{/},WIKIPAGE_ITEM,장비를 제작할 수 있는 제작서
7680,0,0,0,R_TOP03_103,R_TOP03_103,,icon_item_shirts_misc4,제작서-바인 로브,Recipe,{#5090ff}{ol},{/}{/}{/},WIKIPAGE_ITEM,장비를 제작할 수 있는 제작서
8192,0,0,0,R_TOP03_104,R_TOP03_104,,icon_item_shirts_misc4,제작서-세인트 로브,Recipe,{#5090ff}{ol},{/}{/}{/},WIKIPAGE_ITEM,장비를 제작할 수 있는 제작서
8704,0,0,0,R_HAND03_105,R_HAND03_105,,icon_item_gloves_misc4,제작서-소울 체이서 글로브,Recipe,{#5090ff}{ol},{/}{/}{/},WIKIPAGE_ITEM,장비를 제작할 수 있는 제작서
9216,0,0,0,R_FOOT03_105,R_FOOT03_105,,icon_item_boots_misc4,제작서-소울 체이서 부츠,Recipe,{#5090ff}{ol},{/}{/}{/},WIKIPAGE_ITEM,장비를 제작할 수 있는 제작서
9728,0,0,0,R_LEG03_105,R_LEG03_105,,icon_item_pants_misc4,제작서-소울 체이서 팬츠,Recipe,{#5090ff}{ol},{/}{/}{/},WIKIPAGE_ITEM,장비를 제작할 수 있는 제작서
10240,0,0,0,R_TOP03_105,R_TOP03_105,,icon_item_shirts_misc4,제작서-소울 체이서 아머,Recipe,{#5090ff}{ol},{/}{/}{/},WIKIPAGE_ITEM,장비를 제작할 수 있는 제작서
10752,0,0,0,R_HAND03_106,R_HAND03_106,,icon_item_gloves_misc4,제작서-본 건틀릿,Recipe,{#5090ff}{ol},{/}{/}{/},WIKIPAGE_ITEM,장비를 제작할 수 있는 제작서
11264,0,0,0,R_FOOT03_106,R_FOOT03_106,,icon_item_boots_misc4,제작서-본 그리브,Recipe,{#5090ff}{ol},{/}{/}{/},WIKIPAGE_ITEM,장비를 제작할 수 있는 제작서
11776,0,0,0,R_LEG03_106,R_LEG03_106,,icon_item_pants_misc4,제작서-본 스커트,Recipe,{#5090ff}{ol},{/}{/}{/},WIKIPAGE_ITEM,장비를 제작할 수 있는 제작서
12288,0,0,0,R_TOP03_106,R_TOP03_106,,icon_item_shirts_misc4,제작서-본 아머,Recipe,{#5090ff}{ol},{/}{/}{/},WIKIPAGE_ITEM,장비를 제작할 수 있는 제작서
12800,0,0,0,R_HAND03_107,R_HAND03_107,,icon_item_gloves_misc4,제작서-쉐이드 핸즈,Recipe,{#5090ff}{ol},{/}{/}{/},WIKIPAGE_ITEM,장비를 제작할 수 있는 제작서
13312,0,0,0,R_FOOT03_107,R_FOOT03_107,,icon_item_boots_misc4,제작서-쉐이드 러너,Recipe,{#5090ff}{ol},{/}{/}{/},WIKIPAGE_ITEM,장비를 제작할 수 있는 제작서
13824,0,0,0,R_LEG03_107,R_LEG03_107,,icon_item_pants_misc4,제작서-쉐이드 스커트,Recipe,{#5090ff}{ol},{/}{/}{/},WIKIPAGE_ITEM,장비를 제작할 수 있는 제작서
14336,0,0,0,R_TOP03_107,R_TOP03_107,,icon_item_shirts_misc4,제작서-쉐이드 댄서,Recipe,{#5090ff}{ol},{/}{/}{/},WIKIPAGE_ITEM,장비를 제작할 수 있는 제작서
14848,0,0,0,R_FOOT04_101,R_FOOT04_101,,icon_item_shirts_misc5,제작서-윈드 러너,Recipe,{#5090ff}{ol},{/}{/}{/},WIKIPAGE_ITEM,장비를 제작할 수 있는 제작서
16384,0,0,0,R_TOP04_104,R_TOP04_104,,icon_item_shirts_misc5,제작서-밴시 베일,Recipe,{#5090ff}{ol},{/}{/}{/},WIKIPAGE_ITEM,장비를 제작할 수 있는 제작서
15360,0,0,0,R_HAND02_115,R_HAND02_115,,icon_item_gloves_misc3,제작서-와일드 레더 글로브,Recipe,{#5090ff}{ol},{/}{/}{/},WIKIPAGE_ITEM,장비를 제작할 수 있는 제작서
17920,0,0,0,R_TOP02_118,R_TOP02_118,,icon_item_shirts_misc3,제작서-추종자의 레더 아머,Recipe,{#5090ff}{ol},{/}{/}{/},WIKIPAGE_ITEM,장비를 제작할 수 있는 제작서
18944,0,0,0,R_FOOT02_119,R_FOOT02_119,,icon_item_boots_misc3,제작서-베조 부츠,Recipe,{#5090ff}{ol},{/}{/}{/},WIKIPAGE_ITEM,장비를 제작할 수 있는 제작서
27648,0,0,0,R_TOP03_108,R_TOP03_108,,icon_item_boots_misc3,제작서-로카스 레더 아머,Recipe,{#5090ff}{ol},{/}{/}{/},WIKIPAGE_ITEM,장비를 제작할 수 있는 제작서
28160,0,0,0,R_TOP03_109,R_TOP03_109,,icon_item_boots_misc3,제작서-로카스 메일,Recipe,{#5090ff}{ol},{/}{/}{/},WIKIPAGE_ITEM,장비를 제작할 수 있는 제작서
28672,0,0,0,R_TOP03_110,R_TOP03_110,,icon_item_boots_misc3,제작서-로카스 로브,Recipe,{#5090ff}{ol},{/}{/}{/},WIKIPAGE_ITEM,장비를 제작할 수 있는 제작서
29696,0,0,0,R_HAND02_122,R_HAND02_122,,icon_item_gloves_misc3,제작서-네펜더스 글로브,Recipe,{#5090ff}{ol},{/}{/}{/},WIKIPAGE_ITEM,장비를 제작할 수 있는 제작서
20480,0,0,0,R_TOP02_149,R_TOP02_149,,icon_item_shirts_misc3,제작서-포 마인 아머,Recipe,{#5090ff}{ol},{/}{/}{/},WIKIPAGE_ITEM,장비를 제작할 수 있는 제작서
20992,0,0,0,R_FOOT02_150,R_FOOT02_150,,icon_item_pants_misc3,제작서-리에나 팬츠,Recipe,{#5090ff}{ol},{/}{/}{/},WIKIPAGE_ITEM,장비를 제작할 수 있는 제작서
21504,0,0,0,R_TOP02_150,R_TOP02_150,,icon_item_shirts_misc3,제작서-리에나 로브,Recipe,{#5090ff}{ol},{/}{/}{/},WIKIPAGE_ITEM,장비를 제작할 수 있는 제작서
22016,0,0,0,R_FOOT02_151,R_FOOT02_151,,icon_item_pants_misc3,제작서-리에나 레더 팬츠,Recipe,{#5090ff}{ol},{/}{/}{/},WIKIPAGE_ITEM,장비를 제작할 수 있는 제작서
22528,0,0,0,R_TOP02_151,R_TOP02_151,,icon_item_shirts_misc3,제작서-리에나 레더 아머,Recipe,{#5090ff}{ol},{/}{/}{/},WIKIPAGE_ITEM,장비를 제작할 수 있는 제작서
23040,0,0,0,R_FOOT02_152,R_FOOT02_152,,icon_item_pants_misc3,제작서-리에나 플레이트 레깅스,Recipe,{#5090ff}{ol},{/}{/}{/},WIKIPAGE_ITEM,장비를 제작할 수 있는 제작서
23552,0,0,0,R_TOP02_152,R_TOP02_152,,icon_item_shirts_misc3,제작서-리에나 플레이트 아머,Recipe,{#5090ff}{ol},{/}{/}{/},WIKIPAGE_ITEM,장비를 제작할 수 있는 제작서
12800,0,0,0,R_SHD01_102,R_SHD01_102,,icon_item_shirts_misc1,제작서-우든 버클러,Recipe,{#5090ff}{ol},{/}{/}{/},WIKIPAGE_ITEM,장비를 제작할 수 있는 제작서
13824,0,0,0,R_SHD01_103,R_SHD01_103,,icon_item_shirts_misc1,제작서-우든 카이트 실드,Recipe,{#5090ff}{ol},{/}{/}{/},WIKIPAGE_ITEM,장비를 제작할 수 있는 제작서
14336,0,0,0,R_SHD01_104,R_SHD01_104,,icon_item_shirts_misc1,제작서-카이트 실드,Recipe,{#5090ff}{ol},{/}{/}{/},WIKIPAGE_ITEM,장비를 제작할 수 있는 제작서
14848,0,0,0,R_SHD01_105,R_SHD01_105,,icon_item_shirts_misc1,제작서-라운드 실드,Recipe,{#5090ff}{ol},{/}{/}{/},WIKIPAGE_ITEM,장비를 제작할 수 있는 제작서
15360,0,0,0,R_SHD01_106,R_SHD01_106,,icon_item_shirts_misc1,제작서-스틸 카이트 실드,Recipe,{#5090ff}{ol},{/}{/}{/},WIKIPAGE_ITEM,장비를 제작할 수 있는 제작서
15872,0,0,0,R_SHD01_107,R_SHD01_107,,icon_item_shirts_misc1,제작서-스틸 버클러,Recipe,{#5090ff}{ol},{/}{/}{/},WIKIPAGE_ITEM,장비를 제작할 수 있는 제작서
16384,0,0,0,R_SHD01_108,R_SHD01_108,,icon_item_shirts_misc1,제작서-머시너리 실드,Recipe,{#5090ff}{ol},{/}{/}{/},WIKIPAGE_ITEM,장비를 제작할 수 있는 제작서
16896,0,0,0,R_SHD02_101,R_SHD02_101,,icon_item_shirts_misc3,제작서-블랙 우든 실드,Recipe,{#5090ff}{ol},{/}{/}{/},WIKIPAGE_ITEM,장비를 제작할 수 있는 제작서
17408,0,0,0,R_SHD02_102,R_SHD02_102,,icon_item_shirts_misc3,제작서-오크 실드,Recipe,{#5090ff}{ol},{/}{/}{/},WIKIPAGE_ITEM,장비를 제작할 수 있는 제작서
17920,0,0,0,R_SHD02_103,R_SHD02_103,,icon_item_shirts_misc3,제작서-새비지 실드,Recipe,{#5090ff}{ol},{/}{/}{/},WIKIPAGE_ITEM,장비를 제작할 수 있는 제작서
18432,0,0,0,R_SHD02_104,R_SHD02_104,,icon_item_shirts_misc3,제작서-잘리아 카이트 실드,Recipe,{#5090ff}{ol},{/}{/}{/},WIKIPAGE_ITEM,장비를 제작할 수 있는 제작서
18944,0,0,0,R_SHD02_105,R_SHD02_105,,icon_item_shirts_misc3,제작서-헤비 카이트 실드,Recipe,{#5090ff}{ol},{/}{/}{/},WIKIPAGE_ITEM,장비를 제작할 수 있는 제작서
19456,0,0,0,R_SHD02_106,R_SHD02_106,,icon_item_shirts_misc3,제작서-비드 실드,Recipe,{#5090ff}{ol},{/}{/}{/},WIKIPAGE_ITEM,장비를 제작할 수 있는 제작서
19968,0,0,0,R_SHD02_107,R_SHD02_107,,icon_item_shirts_misc3,제작서-서클 가드,Recipe,{#5090ff}{ol},{/}{/}{/},WIKIPAGE_ITEM,장비를 제작할 수 있는 제작서
20480,0,0,0,R_SHD02_108,R_SHD02_108,,icon_item_shirts_misc3,제작서-루다스 실드,Recipe,{#5090ff}{ol},{/}{/}{/},WIKIPAGE_ITEM,장비를 제작할 수 있는 제작서
20992,0,0,0,R_SHD03_101,R_SHD03_101,,icon_item_shirts_misc4,제작서-월 가드,Recipe,{#5090ff}{ol},{/}{/}{/},WIKIPAGE_ITEM,장비를 제작할 수 있는 제작서
21504,0,0,0,R_SHD03_102,R_SHD03_102,,icon_item_shirts_misc4,제작서-포트리스,Recipe,{#5090ff}{ol},{/}{/}{/},WIKIPAGE_ITEM,장비를 제작할 수 있는 제작서
22016,0,0,0,R_SHD03_103,R_SHD03_103,,icon_item_shirts_misc4,제작서-비틀백,Recipe,{#5090ff}{ol},{/}{/}{/},WIKIPAGE_ITEM,장비를 제작할 수 있는 제작서
22528,0,0,0,R_SHD04_101,R_SHD04_101,,icon_item_shirts_misc5,제작서-세이지 월,Recipe,{#5090ff}{ol},{/}{/}{/},WIKIPAGE_ITEM,장비를 제작할 수 있는 제작서
23040,0,0,0,R_SHD04_102,R_SHD04_102,,icon_item_shirts_misc5,제작서-아이아스,Recipe,{#5090ff}{ol},{/}{/}{/},WIKIPAGE_ITEM,장비를 제작할 수 있는 제작서
512,0,0,0,R_DAG01_101,R_DAG01_101,,icon_item_weapon_misc1,제작서-나이프,Recipe,{#5090ff}{ol},{/}{/}{/},WIKIPAGE_ITEM,장비를 제작할 수 있는 제작서
1024,0,0,0,R_DAG01_102,R_DAG01_102,,icon_item_weapon_misc1,제작서-더크대거,Recipe,{#5090ff}{ol},{/}{/}{/},WIKIPAGE_ITEM,장비를 제작할 수 있는 제작서
1536,0,0,0,R_DAG01_103,R_DAG01_103,,icon_item_weapon_misc1,제작서-망고슈,Recipe,{#5090ff}{ol},{/}{/}{/},WIKIPAGE_ITEM,장비를 제작할 수 있는 제작서
59648,0,0,0,R_NECK01_111,R_NECK01_111,,icon_item_necklace_misc1,제작서-츄파카브라 네클리스,Recipe,{#5090ff}{ol},{/}{/}{/},WIKIPAGE_ITEM,장비를 제작할 수 있는 제작서
62464,0,0,0,R_NECK02_101,R_NECK02_101,,icon_item_necklace_misc3,제작서-스트링 네클리스,Recipe,{#5090ff}{ol},{/}{/}{/},WIKIPAGE_ITEM,장비를 제작할 수 있는 제작서
62720,0,0,0,R_NECK02_102,R_NECK02_102,,icon_item_necklace_misc3,제작서-판토 탈리스만,Recipe,{#5090ff}{ol},{/}{/}{/},WIKIPAGE_ITEM,장비를 제작할 수 있는 제작서
62976,0,0,0,R_NECK02_103,R_NECK02_103,,icon_item_necklace_misc3,제작서-파이라이트 팬던트,Recipe,{#5090ff}{ol},{/}{/}{/},WIKIPAGE_ITEM,장비를 제작할 수 있는 제작서
63232,0,0,0,R_NECK02_104,R_NECK02_104,,icon_item_necklace_misc3,제작서-크리오라이트 팬던트,Recipe,{#5090ff}{ol},{/}{/}{/},WIKIPAGE_ITEM,장비를 제작할 수 있는 제작서
63488,0,0,0,R_NECK02_105,R_NECK02_105,,icon_item_necklace_misc3,제작서-매직 탈리스만,Recipe,{#5090ff}{ol},{/}{/}{/},WIKIPAGE_ITEM,장비를 제작할 수 있는 제작서
63744,0,0,0,R_NECK02_106,R_NECK02_106,,icon_item_necklace_misc3,제작서-스트랭스 팬던트,Recipe,{#5090ff}{ol},{/}{/}{/},WIKIPAGE_ITEM,장비를 제작할 수 있는 제작서
65024,0,0,0,R_NECK02_111,R_NECK02_111,,icon_item_necklace_misc3,제작서-헬스 스톤,Recipe,{#5090ff}{ol},{/}{/}{/},WIKIPAGE_ITEM,장비를 제작할 수 있는 제작서
65280,0,0,0,R_NECK02_112,R_NECK02_112,,icon_item_necklace_misc3,제작서-워리어 팬던트,Recipe,{#5090ff}{ol},{/}{/}{/},WIKIPAGE_ITEM,장비를 제작할 수 있는 제작서
0,0,0,0,R_NECK03_101,R_NECK03_101,,icon_item_necklace_misc4,제작서-퀀커러,Recipe,{#5090ff}{ol},{/}{/}{/},WIKIPAGE_ITEM,장비를 제작할 수 있는 제작서
256,0,0,0,R_NECK03_102,R_NECK03_102,,icon_item_necklace_misc4,제작서-페타미온,Recipe,{#5090ff}{ol},{/}{/}{/},WIKIPAGE_ITEM,장비를 제작할 수 있는 제작서
512,0,0,0,R_NECK03_103,R_NECK03_103,,icon_item_necklace_misc4,제작서-일렉투스,Recipe,{#5090ff}{ol},{/}{/}{/},WIKIPAGE_ITEM,장비를 제작할 수 있는 제작서
1280,0,0,0,R_NECK04_103,R_NECK04_103,,icon_item_necklace_misc5,제작서-애니무스,Recipe,{#5090ff}{ol},{/}{/}{/},WIKIPAGE_ITEM,장비를 제작할 수 있는 제작서
2304,0,0,0,R_NECK03_104,R_NECK03_104,,icon_item_necklace_misc4,제작서-사피에 네클리스,Recipe,{#5090ff}{ol},{/}{/}{/},WIKIPAGE_ITEM,장비를 제작할 수 있는 제작서
3584,0,0,0,R_NECK01_125,R_NECK01_125,,icon_item_necklace_misc1,제작서-분노의 목걸이,Recipe,{#5090ff}{ol},{/}{/}{/},WIKIPAGE_ITEM,장비를 제작할 수 있는 제작서
53504,0,0,0,R_BRC01_110,R_BRC01_110,,icon_item_bracelet_misc1,제작서-레더 뱅글,Recipe,{#5090ff}{ol},{/}{/}{/},WIKIPAGE_ITEM,장비를 제작할 수 있는 제작서
55040,0,0,0,R_BRC01_115,R_BRC01_115,,icon_item_bracelet_misc1,제작서-아이언 뱅글,Recipe,{#5090ff}{ol},{/}{/}{/},WIKIPAGE_ITEM,장비를 제작할 수 있는 제작서
56320,0,0,0,R_BRC02_101,R_BRC02_101,,icon_item_bracelet_misc3,제작서-크리스탈 뱅글,Recipe,{#5090ff}{ol},{/}{/}{/},WIKIPAGE_ITEM,장비를 제작할 수 있는 제작서
56576,0,0,0,R_BRC02_102,R_BRC02_102,,icon_item_bracelet_misc3,제작서-샤인 브레이슬릿,Recipe,{#5090ff}{ol},{/}{/}{/},WIKIPAGE_ITEM,장비를 제작할 수 있는 제작서
56832,0,0,0,R_BRC02_103,R_BRC02_103,,icon_item_bracelet_misc3,제작서-배틀 브레이슬릿,Recipe,{#5090ff}{ol},{/}{/}{/},WIKIPAGE_ITEM,장비를 제작할 수 있는 제작서
57088,0,0,0,R_BRC02_104,R_BRC02_104,,icon_item_bracelet_misc3,제작서-포이즌 뱅글,Recipe,{#5090ff}{ol},{/}{/}{/},WIKIPAGE_ITEM,장비를 제작할 수 있는 제작서
57344,0,0,0,R_BRC02_105,R_BRC02_105,,icon_item_bracelet_misc3,제작서-플랜츠 브레이슬릿,Recipe,{#5090ff}{ol},{/}{/}{/},WIKIPAGE_ITEM,장비를 제작할 수 있는 제작서
57600,0,0,0,R_BRC02_106,R_BRC02_106,,icon_item_bracelet_misc3,제작서-컨트롤 뱅글,Recipe,{#5090ff}{ol},{/}{/}{/},WIKIPAGE_ITEM,장비를 제작할 수 있는 제작서
57856,0,0,0,R_BRC02_107,R_BRC02_107,,icon_item_bracelet_misc3,제작서-헌터 뱅글,Recipe,{#5090ff}{ol},{/}{/}{/},WIKIPAGE_ITEM,장비를 제작할 수 있는 제작서
58112,0,0,0,R_BRC02_108,R_BRC02_108,,icon_item_bracelet_misc3,제작서-브레이서 오브 아처,Recipe,{#5090ff}{ol},{/}{/}{/},WIKIPAGE_ITEM,장비를 제작할 수 있는 제작서
58368,0,0,0,R_BRC02_109,R_BRC02_109,,icon_item_bracelet_misc3,제작서-위저드 브레이슬릿,Recipe,{#5090ff}{ol},{/}{/}{/},WIKIPAGE_ITEM,장비를 제작할 수 있는 제작서
58624,0,0,0,R_BRC02_110,R_BRC02_110,,icon_item_bracelet_misc3,제작서-래피드 뱅글,Recipe,{#5090ff}{ol},{/}{/}{/},WIKIPAGE_ITEM,장비를 제작할 수 있는 제작서
58880,0,0,0,R_BRC02_111,R_BRC02_111,,icon_item_bracelet_misc3,제작서-글래스 브레이슬릿,Recipe,{#5090ff}{ol},{/}{/}{/},WIKIPAGE_ITEM,장비를 제작할 수 있는 제작서
59136,0,0,0,R_BRC03_101,R_BRC03_101,,icon_item_bracelet_misc4,제작서-글래디에이터 밴드,Recipe,{#5090ff}{ol},{/}{/}{/},WIKIPAGE_ITEM,장비를 제작할 수 있는 제작서
59392,0,0,0,R_BRC03_102,R_BRC03_102,,icon_item_bracelet_misc4,제작서-브레이슬릿 오브 린네,Recipe,{#5090ff}{ol},{/}{/}{/},WIKIPAGE_ITEM,장비를 제작할 수 있는 제작서
59648,0,0,0,R_BRC03_103,R_BRC03_103,,icon_item_bracelet_misc4,제작서-포라,Recipe,{#5090ff}{ol},{/}{/}{/},WIKIPAGE_ITEM,장비를 제작할 수 있는 제작서
59904,0,0,0,R_BRC03_104,R_BRC03_104,,icon_item_bracelet_misc4,제작서-포레,Recipe,{#5090ff}{ol},{/}{/}{/},WIKIPAGE_ITEM,장비를 제작할 수 있는 제작서
60160,0,0,0,R_BRC04_101,R_BRC04_101,,icon_item_bracelet_misc5,제작서-시셀 브레이슬릿,Recipe,{#5090ff}{ol},{/}{/}{/},WIKIPAGE_ITEM,장비를 제작할 수 있는 제작서
61184,0,0,0,R_BRC03_105,R_BRC03_105,,icon_item_bracelet_misc4,제작서-자카리엘 뱅글,Recipe,{#5090ff}{ol},{/}{/}{/},WIKIPAGE_ITEM,장비를 제작할 수 있는 제작서
47616,0,0,0,R_Hat_628024,R_Hat_628024,,icon_item_helm_misc1,제작서-둥지튼 병아리,Recipe,{#5090ff}{ol},{/}{/}{/},WIKIPAGE_ITEM,코스튬을 제작할 수 있는 제작서
56064,0,0,0,R_Hat_628052,R_Hat_628052,,icon_item_helm_misc1,제작서-강철 투구,Recipe,{#5090ff}{ol},{/}{/}{/},WIKIPAGE_ITEM,코스튬을 제작할 수 있는 제작서
58112,0,0,0,R_Hat_628043,R_Hat_628043,,icon_item_helm_misc1,제작서-산양 뿔,Recipe,{#5090ff}{ol},{/}{/}{/},WIKIPAGE_ITEM,코스튬을 제작할 수 있는 제작서
58368,0,0,0,R_Hat_628060,R_Hat_628060,,icon_item_helm_misc1,제작서-붉은 뿔,Recipe,{#5090ff}{ol},{/}{/}{/},WIKIPAGE_ITEM,코스튬을 제작할 수 있는 제작서
59392,0,0,0,R_Hat_628054,R_Hat_628054,,icon_item_helm_misc1,제작서-케파 인형,Recipe,{#5090ff}{ol},{/}{/}{/},WIKIPAGE_ITEM,코스튬을 제작할 수 있는 제작서
59648,0,0,0,R_Hat_628063,R_Hat_628063,,icon_item_helm_misc1,제작서-붉은 악마날개,Recipe,{#5090ff}{ol},{/}{/}{/},WIKIPAGE_ITEM,코스튬을 제작할 수 있는 제작서
61952,0,0,0,R_Hat_628070,R_Hat_628070,,icon_item_helm_misc1,제작서-깃털 투구,Recipe,{#5090ff}{ol},{/}{/}{/},WIKIPAGE_ITEM,코스튬을 제작할 수 있는 제작서
62464,0,0,0,R_Hat_628072,R_Hat_628072,,icon_item_helm_misc1,제작서-새싹,Recipe,{#5090ff}{ol},{/}{/}{/},WIKIPAGE_ITEM,코스튬을 제작할 수 있는 제작서
64768,0,0,0,R_Hat_628081,R_Hat_628081,,icon_item_helm_misc1,제작서-망자의 머리띠,Recipe,{#5090ff}{ol},{/}{/}{/},WIKIPAGE_ITEM,코스튬을 제작할 수 있는 제작서
768,0,0,0,R_Hat_628087,R_Hat_628087,,icon_item_helm_misc1,제작서-황야의 무법자,Recipe,{#5090ff}{ol},{/}{/}{/},WIKIPAGE_ITEM,코스튬을 제작할 수 있는 제작서
1024,0,0,0,R_Hat_628088,R_Hat_628088,,icon_item_helm_misc1,제작서-광대 모자,Recipe,{#5090ff}{ol},{/}{/}{/},WIKIPAGE_ITEM,코스튬을 제작할 수 있는 제작서
1536,0,0,0,R_Hat_628090,R_Hat_628090,,icon_item_helm_misc1,제작서-왕관 머리띠,Recipe,{#5090ff}{ol},{/}{/}{/},WIKIPAGE_ITEM,코스튬을 제작할 수 있는 제작서
3072,0,0,0,R_Hat_628096,R_Hat_628096,,icon_item_helm_misc1,제작서-민트초코컵케이크,Recipe,{#5090ff}{ol},{/}{/}{/},WIKIPAGE_ITEM,코스튬을 제작할 수 있는 제작서
